model,family,feature_count,suite,n_tickers,smape_pct_mean,smape_pct_se,rmse_mean,rmse_se,mae_mean,mae_se,medae_mean,medae_se,diracc_pct_mean,diracc_pct_se
COMP_COPRIME_FC6,COMP_COPRIME,6.0,modulo,10,101.40362855166958,7.656973418161583,0.0013961571622928518,0.00017343354865827535,0.0005944273031649242,7.603933217401587e-05,0.00040831559416041555,5.387972793117028e-05,59.11315905297338,3.8217014632157182
COMP_COPRIME_FC9,COMP_COPRIME,9.0,modulo,10,101.4023627915212,7.660660343851701,0.0013961485575654706,0.00017339416777039981,0.0005943850925996538,7.599815076029391e-05,0.0004078979124671719,5.379708185731627e-05,59.12050723815271,3.8226153072767013
COMP_NONCOPRIME_FC6,COMP_NONCOPRIME,6.0,modulo,10,101.41584713421346,7.658352946335542,0.0013962763427471687,0.00017343555182457304,0.0005945699425312526,7.605994425123226e-05,0.0004085273628882599,5.396569215521016e-05,59.093298422821796,3.819618010729089
COMP_NONCOPRIME_FC9,COMP_NONCOPRIME,9.0,modulo,10,101.41265066526907,7.661048992573462,0.0013962110635395467,0.00017340027099262505,0.0005945241969420119,7.603960140792442e-05,0.00040832573557536756,5.393527882941661e-05,59.107436557169365,3.815185805483112
CP,CP,10.0,core,10,100.880775081765,7.793621290905142,0.001388676185178812,0.00017223681346382954,0.0005862345983716452,7.480776858766333e-05,0.00039372382033510997,5.18189878467638e-05,59.490043906877005,3.902678088218092
CP_FC3,CP_FC,3.0,capacity,10,101.44591734006713,7.650708196668265,0.0013963941657823627,0.00017351054861525144,0.0005949310107386257,7.623432053793692e-05,0.00041101423014662996,5.476263132171669e-05,59.01703288794405,3.806710382263494
CP_FC6,CP_FC,6.0,capacity,10,100.9375099330394,7.7705631407583935,0.0013907648476488251,0.00017264579770732128,0.0005886274356134697,7.528601410147111e-05,0.0003988565796045349,5.288303440208496e-05,59.350705199714696,3.8736518993657096
CP_FC9,CP_FC,9.0,capacity,10,100.87592471384542,7.793013717762609,0.001389244197774508,0.0001723479398562964,0.0005867148341299473,7.492844547057078e-05,0.00039474570316357885,5.210800058056324e-05,59.45492751697545,3.896256865078769
CRS_FC3_S0,CRS,3.0,random,10,101.01067765398787,7.69871858187501,0.0013950390935968285,0.00017328996802783752,0.0005891215207067745,7.509292479959821e-05,0.00040103894721239006,5.299372048804579e-05,59.31263961667179,3.8528179163264373
CRS_FC3_S1,CRS,3.0,random,10,101.56640096521096,7.639775175909883,0.0013979305044387136,0.00017357658506800852,0.0005964147608839966,7.589401742906613e-05,0.00041399348524130003,5.438913959713545e-05,58.961531656595355,3.7897714467229777
CRS_FC3_S2,CRS,3.0,random,10,101.16367579099457,7.686637539443482,0.0013955847304730773,0.00017331735648332673,0.0005912681579624869,7.547242726942051e-05,0.00040432618210839834,5.340278565853327e-05,59.20295950436024,3.8344121756821385
CRS_FC6_S0,CRS,6.0,random,10,100.94913435156676,7.712601247870685,0.0013940340044845633,0.00017307005726796714,0.0005880093769155026,7.492901350345465e-05,0.0003980999787111487,5.251534134107805e-05,59.36218652279864,3.866731670821444
CRS_FC6_S1,CRS,6.0,random,10,101.23253618874313,7.695763665314421,0.0013956999772265766,0.0001733093607471613,0.0005911893613056107,7.530452896571573e-05,0.00040444732807342585,5.325361910057203e-05,59.210027418153835,3.846349230388777
CRS_FC6_S2,CRS,6.0,random,10,101.13147994221774,7.696498000224343,0.001395416175657823,0.00017326311384266885,0.0005905514410522809,7.528567580962783e-05,0.00040292578977013996,5.318910825713168e-05,59.238060900319354,3.8402139452153894
CRS_FC9_S0,CRS,9.0,random,10,100.95802664890591,7.714510929736094,0.0013940590503102146,0.0001730428675258111,0.0005880579371584146,7.493305232745032e-05,0.0003980179656150985,5.245620965007537e-05,59.350204632712995,3.866153514268943
CRS_FC9_S1,CRS,9.0,random,10,101.25119205611105,7.694709014765559,0.0013957697874042055,0.0001733037560578791,0.0005914025946803472,7.539781292127025e-05,0.0004042998477514816,5.337986395030377e-05,59.20267923297449,3.8419813449620595
CRS_FC9_S2,CRS,9.0,random,10,101.07851939602651,7.697417159315864,0.0013950106053726807,0.00017324983759789094,0.0005900085812445041,7.530915924454976e-05,0.00040123439382432736,5.298151598963392e-05,59.29984690031381,3.84800725231244
EQWIN_FC3,EQWIN,3.0,capacity,10,101.00003078462132,7.701385641298983,0.0013945950331694617,0.0001732342142842752,0.0005887697443094059,7.511151175709381e-05,0.0004001012538060185,5.285627113985196e-05,59.32326340158577,3.8572994277413333
EQWIN_FC6,EQWIN,6.0,capacity,10,100.94170970097969,7.714084181895293,0.001393862337205543,0.00017301909955640344,0.0005878432939306177,7.491402855534724e-05,0.00039785021640552506,5.238351882949033e-05,59.389405141861154,3.8706595694940313
EQWIN_FC9,EQWIN,9.0,capacity,10,100.94319675034578,7.7171266216987275,0.0013937930169373646,0.00017297393883146468,0.0005877865471120228,7.4867820938305e-05,0.0003972119965124394,5.2198375054774785e-05,59.379875914745824,3.875928599312315
EWMA,EWMA,,external,10,112.93685756919426,6.586502014402489,0.0017292483605773148,0.0002170892714941326,0.0009749355942248438,0.00012230423764747364,0.0006768461005849721,8.919029335496141e-05,53.549924292124444,3.776907422971634
GARCH11,GARCH11,,external,10,119.04710899538463,6.168939910710709,0.0016924907381396202,0.00022382769883733773,0.0010654674086379402,0.0001334337409169431,0.0009910955131082102,0.00012072933840974279,49.96796371189116,3.5599942506295035
HAR,HAR,0.0,core,10,102.17107250397403,7.513497919386346,0.0014028286756852194,0.0001742724327281281,0.000603759527475453,7.639362956211124e-05,0.00043220683014174883,5.646423048548129e-05,58.542064006141516,3.693348240188022
HARQ,HARQ,4.0,external,10,101.8529642246944,7.681159754333523,0.6727302115587402,0.6566407034992435,0.004196943735833597,0.003466204977137535,0.000413580866496169,5.4345727761405056e-05,58.554190377610055,3.7343308554763976
HAR_TCJ,HAR_TCJ,,external,10,80.5667006662785,0.908857443278626,0.0013723288085212841,0.00020384572875134825,0.00060627312148666,8.07323731376998e-05,0.0004223622520386766,5.484731527825533e-05,68.08238294487805,0.5578253871605395
PM,PM,10.0,core,10,101.40627547398985,7.6606483419925695,0.0013963077244395126,0.00017341325532598749,0.0005945301386550119,7.600961460913547e-05,0.00040850784634364454,5.390351958028408e-05,59.105801064062426,3.818704438666528
PM_FC3,PM_FC,3.0,capacity,10,101.40137634241039,7.657526044744914,0.0013961182329139212,0.00017341974050705955,0.0005943945261991242,7.599862950500594e-05,0.00040892785881323993,5.402758095958242e-05,59.10445795283321,3.8142147016215375
PM_FC6,PM_FC,6.0,capacity,10,101.40326504407324,7.661530953740199,0.0013961980041179245,0.0001734157271141994,0.0005944311332388416,7.599609098534934e-05,0.0004086318193972,5.394205915344292e-05,59.09465306785289,3.8149647987250934
PM_FC9,PM_FC,9.0,capacity,10,101.4047139041335,7.660802001113396,0.0013963027730257427,0.0001734119993750978,0.0005945081389965013,7.600162257973484e-05,0.000408496491616375,5.389230602878844e-05,59.10743425040899,3.818698714229253
PREFIX_FC3,PREFIX,3.0,capacity,10,100.97619813876842,7.704611505623666,0.0013943490992288144,0.00017310574303780395,0.0005886662023557944,7.500842922891476e-05,0.00039959523876935833,5.2538655035619256e-05,59.32082227241733,3.862095483731353
PREFIX_FC6,PREFIX,6.0,capacity,10,100.94143747063625,7.712874178171908,0.0013937509863284916,0.00017293435754051948,0.0005877530023955203,7.480395220085455e-05,0.000397890981871692,5.23168418534875e-05,59.36354520466038,3.8709967620170276
PREFIX_FC9,PREFIX,9.0,capacity,10,100.94381498972076,7.716007020576729,0.0013937846827692074,0.00017291564606580894,0.0005878045584154171,7.481886504945965e-05,0.0003977038608227395,5.227897567099367e-05,59.36571240603412,3.8720046019007373
RAND_FC3_S0,RAND,3.0,random,10,101.51339449717209,7.644221718757561,0.0013969863188496084,0.00017353824922067515,0.0005958473167276979,7.61786229474066e-05,0.0004114735603241851,5.4311377451034447e-05,58.99557424954164,3.807144885007241
RAND_FC3_S1,RAND,3.0,random,10,101.37796063195,7.6615183061229715,0.0013959159337552057,0.00017332944989358713,0.0005939698645156305,7.586691307331883e-05,0.0004080332240725728,5.366401188316225e-05,59.09900419461307,3.811558718591403
RAND_FC3_S2,RAND,3.0,random,10,101.39012186319704,7.6492022808982965,0.0013965810551428229,0.00017349907024164266,0.0005942706424462373,7.58658815048533e-05,0.00040950262860454614,5.394532254665512e-05,59.10117312605708,3.8119022300122443
RAND_FC6_S0,RAND,6.0,random,10,101.50460359314965,7.647360174184008,0.0013969928674590526,0.00017352637861209092,0.0005957727165006036,7.617112091195742e-05,0.00041066373898806586,5.421685730025536e-05,59.00835312533737,3.8080413375073445
RAND_FC6_S1,RAND,6.0,random,10,101.36914294348462,7.6684395764358,0.0013958910109199813,0.00017331625891851696,0.0005937318274189105,7.580514679078719e-05,0.0004070918556752936,5.35617237721065e-05,59.09736812481604,3.8177976691177955
RAND_FC6_S2,RAND,6.0,random,10,101.26550910793347,7.674000976814489,0.001395561736090978,0.00017327307036650306,0.0005924831005041595,7.560745223409564e-05,0.00040543446845719283,5.337209555291513e-05,59.172209235161304,3.830963055214283
RAND_FC9_S0,RAND,9.0,random,10,101.47071433113787,7.656544003268438,0.0013968631008015313,0.00017352838536044597,0.0005954180689354238,7.61969365809927e-05,0.0004096698937443811,5.416982943128185e-05,59.04836734420833,3.815603113515715
RAND_FC9_S1,RAND,9.0,random,10,101.31349060780994,7.6751272016824545,0.0013957007522485236,0.00017323835736079998,0.0005930909100025285,7.567988434766921e-05,0.0004053882883733517,5.321937399935964e-05,59.140915147203614,3.827987739260479
RAND_FC9_S2,RAND,9.0,random,10,101.22259166438835,7.680091690794611,0.0013953798304885074,0.0001732130840655598,0.0005919098514477901,7.550503493038025e-05,0.00040419334201995,5.3223636867829654e-05,59.22717068458189,3.8424537566628505
SHIFTWIN_FC6_O1,SHIFTWIN,6.0,contiguous,10,101.09538013649728,7.695053242914625,0.0013950218921942041,0.00017329706541316188,0.0005902711814226766,7.537103381682885e-05,0.0004019422459210685,5.317858997061562e-05,59.275080944221614,3.8505948424438636
SHIFTWIN_FC6_O3,SHIFTWIN,6.0,contiguous,10,100.94366872403606,7.709801595122426,0.0013938947051498614,0.0001730256925175802,0.0005878194967768809,7.491138066797716e-05,0.0003978036770650936,5.240994711219352e-05,59.38205407323132,3.866901682055549
SHIFTWIN_FC6_O5,SHIFTWIN,6.0,contiguous,10,101.0818662798251,7.699121407035547,0.0013946658140674467,0.00017322589040174696,0.0005898918751495462,7.528504842485853e-05,0.00040112522429916855,5.297796284712811e-05,59.25874562061542,3.8592943511361413
SHIFTWIN_FC9_O1,SHIFTWIN,9.0,contiguous,10,101.08559129071276,7.7012104651886855,0.0013946325003226742,0.0001731519849376186,0.0005897909746992887,7.530019978476618e-05,0.0004006276439014832,5.290868911358337e-05,59.29875291920526,3.853835585856754
SHIFTWIN_FC9_O3,SHIFTWIN,9.0,contiguous,10,101.07534864579937,7.700280824510714,0.0013945446677222897,0.00017313724670481957,0.0005897028857291264,7.528556035310685e-05,0.0004005018074278538,5.2919396910606405e-05,59.31317132493857,3.853563029249928
SHIFTWIN_FC9_O5,SHIFTWIN,9.0,contiguous,10,101.08038594028012,7.700867051794345,0.0013946186268180717,0.00017317860708674368,0.0005897554849196766,7.530616978961873e-05,0.0004008544889361777,5.305153196214156e-05,59.28896418154758,3.854466237408799
