model_name,condition,column,manual,recomputed,abs_diff
CP_REPO_FRESH,all_observations,n_assets,1.0,10.0,9.0
CP_REPO_FRESH,cluster_entry_loose,n_assets,1.0,10.0,9.0
CP_REPO_FRESH,cluster_entry_strict,n_assets,1.0,10.0,9.0
CP_REPO_FRESH,cluster_exit_loose,n_assets,1.0,10.0,9.0
CP_REPO_FRESH,cluster_exit_strict,n_assets,1.0,10.0,9.0
CP_REPO_FRESH,entry_with_recent_spike,n_assets,1.0,10.0,9.0
CP_REPO_FRESH,entry_without_recent_spike,n_assets,1.0,10.0,9.0
CP_REPO_FRESH,high_within_block_dispersion,n_assets,1.0,10.0,9.0
CP_REPO_FRESH,inflection_points,n_assets,1.0,10.0,9.0
CP_REPO_FRESH,older_spike_position,n_assets,1.0,10.0,9.0
CP_REPO_FRESH,recent_ramp_high_dispersion,n_assets,1.0,10.0,9.0
CP_REPO_FRESH,recent_spike_position,n_assets,1.0,10.0,9.0
CP_REPO_FRESH,same_average_back_loaded,n_assets,1.0,10.0,9.0
CP_REPO_FRESH,same_average_different_path,n_assets,1.0,10.0,9.0
CP_REPO_FRESH,same_average_recent_front_loaded,n_assets,1.0,10.0,9.0
CP_REPO_FRESH,stable_low_dispersion,n_assets,1.0,10.0,9.0
CP_REPO_GATED_RIDGE_OPS_C,all_observations,n_assets,1.0,10.0,9.0
CP_REPO_GATED_RIDGE_OPS_C,cluster_entry_loose,n_assets,1.0,10.0,9.0
CP_REPO_GATED_RIDGE_OPS_C,cluster_entry_strict,n_assets,1.0,10.0,9.0
CP_REPO_GATED_RIDGE_OPS_C,cluster_exit_loose,n_assets,1.0,10.0,9.0
CP_REPO_GATED_RIDGE_OPS_C,cluster_exit_strict,n_assets,1.0,10.0,9.0
CP_REPO_GATED_RIDGE_OPS_C,entry_with_recent_spike,n_assets,1.0,10.0,9.0
CP_REPO_GATED_RIDGE_OPS_C,entry_without_recent_spike,n_assets,1.0,10.0,9.0
CP_REPO_GATED_RIDGE_OPS_C,high_within_block_dispersion,n_assets,1.0,10.0,9.0
CP_REPO_GATED_RIDGE_OPS_C,inflection_points,n_assets,1.0,10.0,9.0
CP_REPO_GATED_RIDGE_OPS_C,older_spike_position,n_assets,1.0,10.0,9.0
CP_REPO_GATED_RIDGE_OPS_C,recent_ramp_high_dispersion,n_assets,1.0,10.0,9.0
CP_REPO_GATED_RIDGE_OPS_C,recent_spike_position,n_assets,1.0,10.0,9.0
CP_REPO_GATED_RIDGE_OPS_C,same_average_back_loaded,n_assets,1.0,10.0,9.0
CP_REPO_GATED_RIDGE_OPS_C,same_average_different_path,n_assets,1.0,10.0,9.0
CP_REPO_GATED_RIDGE_OPS_C,same_average_recent_front_loaded,n_assets,1.0,10.0,9.0
CP_REPO_GATED_RIDGE_OPS_C,stable_low_dispersion,n_assets,1.0,10.0,9.0
CP_REPO_HAAR_SHAPE,all_observations,n_assets,1.0,10.0,9.0
CP_REPO_HAAR_SHAPE,cluster_entry_loose,n_assets,1.0,10.0,9.0
CP_REPO_HAAR_SHAPE,cluster_entry_strict,n_assets,1.0,10.0,9.0
CP_REPO_HAAR_SHAPE,cluster_exit_loose,n_assets,1.0,10.0,9.0
CP_REPO_HAAR_SHAPE,cluster_exit_strict,n_assets,1.0,10.0,9.0
CP_REPO_HAAR_SHAPE,entry_with_recent_spike,n_assets,1.0,10.0,9.0
CP_REPO_HAAR_SHAPE,entry_without_recent_spike,n_assets,1.0,10.0,9.0
CP_REPO_HAAR_SHAPE,high_within_block_dispersion,n_assets,1.0,10.0,9.0
CP_REPO_HAAR_SHAPE,inflection_points,n_assets,1.0,10.0,9.0
CP_REPO_HAAR_SHAPE,older_spike_position,n_assets,1.0,10.0,9.0
CP_REPO_HAAR_SHAPE,recent_ramp_high_dispersion,n_assets,1.0,10.0,9.0
CP_REPO_HAAR_SHAPE,recent_spike_position,n_assets,1.0,10.0,9.0
CP_REPO_HAAR_SHAPE,same_average_back_loaded,n_assets,1.0,10.0,9.0
CP_REPO_HAAR_SHAPE,same_average_different_path,n_assets,1.0,10.0,9.0
CP_REPO_HAAR_SHAPE,same_average_recent_front_loaded,n_assets,1.0,10.0,9.0
CP_REPO_HAAR_SHAPE,stable_low_dispersion,n_assets,1.0,10.0,9.0
CP_REPO_LRPM,all_observations,n_assets,1.0,10.0,9.0
CP_REPO_LRPM,all_observations,pooled_mean_abs_error_model,20505407.924960066,20505407.924960062,3.725290298461914e-09
CP_REPO_LRPM,all_observations,equal_weight_asset_mean_abs_error_advantage_vs_CP,-20504386.60678984,-20504386.606789842,3.725290298461914e-09
CP_REPO_LRPM,cluster_entry_loose,n_assets,1.0,10.0,9.0
CP_REPO_LRPM,cluster_entry_loose,pooled_mean_abs_error_model,94059206.96211556,94059206.96211557,1.4901161193847656e-08
CP_REPO_LRPM,cluster_entry_loose,equal_weight_asset_mean_abs_error_model,94069242.10956456,94069242.10956457,1.4901161193847656e-08
CP_REPO_LRPM,cluster_entry_strict,n_assets,1.0,10.0,9.0
CP_REPO_LRPM,cluster_entry_strict,equal_weight_asset_mean_abs_error_advantage_vs_CP,-91541637.49216664,-91541637.49216665,1.4901161193847656e-08
CP_REPO_LRPM,cluster_exit_loose,n_assets,1.0,10.0,9.0
CP_REPO_LRPM,cluster_exit_strict,n_assets,1.0,10.0,9.0
CP_REPO_LRPM,entry_with_recent_spike,n_assets,1.0,10.0,9.0
CP_REPO_LRPM,entry_without_recent_spike,n_assets,1.0,10.0,9.0
CP_REPO_LRPM,high_within_block_dispersion,n_assets,1.0,10.0,9.0
CP_REPO_LRPM,inflection_points,n_assets,1.0,10.0,9.0
CP_REPO_LRPM,older_spike_position,n_assets,1.0,10.0,9.0
CP_REPO_LRPM,older_spike_position,equal_weight_asset_mean_abs_error_model,1032959.2653492448,1032959.2653492449,1.1641532182693481e-10
CP_REPO_LRPM,older_spike_position,equal_weight_asset_mean_abs_error_advantage_vs_CP,-1032959.2647925568,-1032959.2647925569,1.1641532182693481e-10
CP_REPO_LRPM,recent_ramp_high_dispersion,n_assets,1.0,10.0,9.0
CP_REPO_LRPM,recent_spike_position,n_assets,1.0,10.0,9.0
CP_REPO_LRPM,recent_spike_position,equal_weight_asset_mean_abs_error_advantage_vs_CP,-63433578.67668896,-63433578.676688954,7.450580596923828e-09
CP_REPO_LRPM,same_average_back_loaded,n_assets,1.0,10.0,9.0
CP_REPO_LRPM,same_average_different_path,n_assets,1.0,10.0,9.0
CP_REPO_LRPM,same_average_recent_front_loaded,n_assets,1.0,10.0,9.0
CP_REPO_LRPM,stable_low_dispersion,n_assets,1.0,10.0,9.0
CP_REPO_OPS_C,all_observations,n_assets,1.0,10.0,9.0
CP_REPO_OPS_C,cluster_entry_loose,n_assets,1.0,10.0,9.0
CP_REPO_OPS_C,cluster_entry_strict,n_assets,1.0,10.0,9.0
CP_REPO_OPS_C,cluster_exit_loose,n_assets,1.0,10.0,9.0
CP_REPO_OPS_C,cluster_exit_strict,n_assets,1.0,10.0,9.0
CP_REPO_OPS_C,entry_with_recent_spike,n_assets,1.0,10.0,9.0
CP_REPO_OPS_C,entry_without_recent_spike,n_assets,1.0,10.0,9.0
CP_REPO_OPS_C,high_within_block_dispersion,n_assets,1.0,10.0,9.0
CP_REPO_OPS_C,inflection_points,n_assets,1.0,10.0,9.0
CP_REPO_OPS_C,older_spike_position,n_assets,1.0,10.0,9.0
CP_REPO_OPS_C,recent_ramp_high_dispersion,n_assets,1.0,10.0,9.0
CP_REPO_OPS_C,recent_spike_position,n_assets,1.0,10.0,9.0
CP_REPO_OPS_C,same_average_back_loaded,n_assets,1.0,10.0,9.0
CP_REPO_OPS_C,same_average_different_path,n_assets,1.0,10.0,9.0
CP_REPO_OPS_C,same_average_recent_front_loaded,n_assets,1.0,10.0,9.0
CP_REPO_OPS_C,stable_low_dispersion,n_assets,1.0,10.0,9.0
CP_REPO_OPS_HG,all_observations,n_assets,1.0,10.0,9.0
CP_REPO_OPS_HG,cluster_entry_loose,n_assets,1.0,10.0,9.0
CP_REPO_OPS_HG,cluster_entry_strict,n_assets,1.0,10.0,9.0
CP_REPO_OPS_HG,cluster_exit_loose,n_assets,1.0,10.0,9.0
CP_REPO_OPS_HG,cluster_exit_strict,n_assets,1.0,10.0,9.0
CP_REPO_OPS_HG,entry_with_recent_spike,n_assets,1.0,10.0,9.0
CP_REPO_OPS_HG,entry_without_recent_spike,n_assets,1.0,10.0,9.0
CP_REPO_OPS_HG,high_within_block_dispersion,n_assets,1.0,10.0,9.0
CP_REPO_OPS_HG,inflection_points,n_assets,1.0,10.0,9.0
CP_REPO_OPS_HG,older_spike_position,n_assets,1.0,10.0,9.0
CP_REPO_OPS_HG,recent_ramp_high_dispersion,n_assets,1.0,10.0,9.0
CP_REPO_OPS_HG,recent_spike_position,n_assets,1.0,10.0,9.0
CP_REPO_OPS_HG,same_average_back_loaded,n_assets,1.0,10.0,9.0
CP_REPO_OPS_HG,same_average_different_path,n_assets,1.0,10.0,9.0
CP_REPO_OPS_HG,same_average_recent_front_loaded,n_assets,1.0,10.0,9.0
CP_REPO_OPS_HG,stable_low_dispersion,n_assets,1.0,10.0,9.0
CP_REPO_OPS_K,all_observations,n_assets,1.0,10.0,9.0
CP_REPO_OPS_K,cluster_entry_loose,n_assets,1.0,10.0,9.0
CP_REPO_OPS_K,cluster_entry_strict,n_assets,1.0,10.0,9.0
CP_REPO_OPS_K,cluster_exit_loose,n_assets,1.0,10.0,9.0
CP_REPO_OPS_K,cluster_exit_strict,n_assets,1.0,10.0,9.0
CP_REPO_OPS_K,entry_with_recent_spike,n_assets,1.0,10.0,9.0
CP_REPO_OPS_K,entry_without_recent_spike,n_assets,1.0,10.0,9.0
CP_REPO_OPS_K,high_within_block_dispersion,n_assets,1.0,10.0,9.0
CP_REPO_OPS_K,inflection_points,n_assets,1.0,10.0,9.0
CP_REPO_OPS_K,older_spike_position,n_assets,1.0,10.0,9.0
CP_REPO_OPS_K,recent_ramp_high_dispersion,n_assets,1.0,10.0,9.0
CP_REPO_OPS_K,recent_spike_position,n_assets,1.0,10.0,9.0
CP_REPO_OPS_K,same_average_back_loaded,n_assets,1.0,10.0,9.0
CP_REPO_OPS_K,same_average_different_path,n_assets,1.0,10.0,9.0
CP_REPO_OPS_K,same_average_recent_front_loaded,n_assets,1.0,10.0,9.0
CP_REPO_OPS_K,stable_low_dispersion,n_assets,1.0,10.0,9.0
CP_REPO_OPS_R,all_observations,n_assets,1.0,10.0,9.0
CP_REPO_OPS_R,cluster_entry_loose,n_assets,1.0,10.0,9.0
CP_REPO_OPS_R,cluster_entry_strict,n_assets,1.0,10.0,9.0
CP_REPO_OPS_R,cluster_exit_loose,n_assets,1.0,10.0,9.0
CP_REPO_OPS_R,cluster_exit_strict,n_assets,1.0,10.0,9.0
CP_REPO_OPS_R,entry_with_recent_spike,n_assets,1.0,10.0,9.0
CP_REPO_OPS_R,entry_without_recent_spike,n_assets,1.0,10.0,9.0
CP_REPO_OPS_R,high_within_block_dispersion,n_assets,1.0,10.0,9.0
CP_REPO_OPS_R,inflection_points,n_assets,1.0,10.0,9.0
CP_REPO_OPS_R,older_spike_position,n_assets,1.0,10.0,9.0
CP_REPO_OPS_R,recent_ramp_high_dispersion,n_assets,1.0,10.0,9.0
CP_REPO_OPS_R,recent_spike_position,n_assets,1.0,10.0,9.0
CP_REPO_OPS_R,same_average_back_loaded,n_assets,1.0,10.0,9.0
CP_REPO_OPS_R,same_average_different_path,n_assets,1.0,10.0,9.0
CP_REPO_OPS_R,same_average_recent_front_loaded,n_assets,1.0,10.0,9.0
CP_REPO_OPS_R,stable_low_dispersion,n_assets,1.0,10.0,9.0
CP_REPO_RECENT_SLOPE,all_observations,n_assets,1.0,10.0,9.0
CP_REPO_RECENT_SLOPE,cluster_entry_loose,n_assets,1.0,10.0,9.0
CP_REPO_RECENT_SLOPE,cluster_entry_strict,n_assets,1.0,10.0,9.0
CP_REPO_RECENT_SLOPE,cluster_exit_loose,n_assets,1.0,10.0,9.0
CP_REPO_RECENT_SLOPE,cluster_exit_strict,n_assets,1.0,10.0,9.0
CP_REPO_RECENT_SLOPE,entry_with_recent_spike,n_assets,1.0,10.0,9.0
CP_REPO_RECENT_SLOPE,entry_without_recent_spike,n_assets,1.0,10.0,9.0
CP_REPO_RECENT_SLOPE,high_within_block_dispersion,n_assets,1.0,10.0,9.0
CP_REPO_RECENT_SLOPE,inflection_points,n_assets,1.0,10.0,9.0
CP_REPO_RECENT_SLOPE,older_spike_position,n_assets,1.0,10.0,9.0
CP_REPO_RECENT_SLOPE,recent_ramp_high_dispersion,n_assets,1.0,10.0,9.0
CP_REPO_RECENT_SLOPE,recent_spike_position,n_assets,1.0,10.0,9.0
CP_REPO_RECENT_SLOPE,same_average_back_loaded,n_assets,1.0,10.0,9.0
CP_REPO_RECENT_SLOPE,same_average_different_path,n_assets,1.0,10.0,9.0
CP_REPO_RECENT_SLOPE,same_average_recent_front_loaded,n_assets,1.0,10.0,9.0
CP_REPO_RECENT_SLOPE,stable_low_dispersion,n_assets,1.0,10.0,9.0
CP_REPO_RIDGE_OPS_C,all_observations,n_assets,1.0,10.0,9.0
CP_REPO_RIDGE_OPS_C,cluster_entry_loose,n_assets,1.0,10.0,9.0
CP_REPO_RIDGE_OPS_C,cluster_entry_strict,n_assets,1.0,10.0,9.0
CP_REPO_RIDGE_OPS_C,cluster_exit_loose,n_assets,1.0,10.0,9.0
CP_REPO_RIDGE_OPS_C,cluster_exit_strict,n_assets,1.0,10.0,9.0
CP_REPO_RIDGE_OPS_C,entry_with_recent_spike,n_assets,1.0,10.0,9.0
CP_REPO_RIDGE_OPS_C,entry_without_recent_spike,n_assets,1.0,10.0,9.0
CP_REPO_RIDGE_OPS_C,high_within_block_dispersion,n_assets,1.0,10.0,9.0
CP_REPO_RIDGE_OPS_C,inflection_points,n_assets,1.0,10.0,9.0
CP_REPO_RIDGE_OPS_C,older_spike_position,n_assets,1.0,10.0,9.0
CP_REPO_RIDGE_OPS_C,recent_ramp_high_dispersion,n_assets,1.0,10.0,9.0
CP_REPO_RIDGE_OPS_C,recent_spike_position,n_assets,1.0,10.0,9.0
CP_REPO_RIDGE_OPS_C,same_average_back_loaded,n_assets,1.0,10.0,9.0
CP_REPO_RIDGE_OPS_C,same_average_different_path,n_assets,1.0,10.0,9.0
CP_REPO_RIDGE_OPS_C,same_average_recent_front_loaded,n_assets,1.0,10.0,9.0
CP_REPO_RIDGE_OPS_C,stable_low_dispersion,n_assets,1.0,10.0,9.0
CP_REPO_RIDGE_OPS_R,all_observations,n_assets,1.0,10.0,9.0
CP_REPO_RIDGE_OPS_R,cluster_entry_loose,n_assets,1.0,10.0,9.0
CP_REPO_RIDGE_OPS_R,cluster_entry_strict,n_assets,1.0,10.0,9.0
CP_REPO_RIDGE_OPS_R,cluster_exit_loose,n_assets,1.0,10.0,9.0
CP_REPO_RIDGE_OPS_R,cluster_exit_strict,n_assets,1.0,10.0,9.0
CP_REPO_RIDGE_OPS_R,entry_with_recent_spike,n_assets,1.0,10.0,9.0
CP_REPO_RIDGE_OPS_R,entry_without_recent_spike,n_assets,1.0,10.0,9.0
CP_REPO_RIDGE_OPS_R,high_within_block_dispersion,n_assets,1.0,10.0,9.0
CP_REPO_RIDGE_OPS_R,inflection_points,n_assets,1.0,10.0,9.0
CP_REPO_RIDGE_OPS_R,older_spike_position,n_assets,1.0,10.0,9.0
CP_REPO_RIDGE_OPS_R,recent_ramp_high_dispersion,n_assets,1.0,10.0,9.0
CP_REPO_RIDGE_OPS_R,recent_spike_position,n_assets,1.0,10.0,9.0
CP_REPO_RIDGE_OPS_R,same_average_back_loaded,n_assets,1.0,10.0,9.0
CP_REPO_RIDGE_OPS_R,same_average_different_path,n_assets,1.0,10.0,9.0
CP_REPO_RIDGE_OPS_R,same_average_recent_front_loaded,n_assets,1.0,10.0,9.0
CP_REPO_RIDGE_OPS_R,stable_low_dispersion,n_assets,1.0,10.0,9.0
HAR_RV,all_observations,n_assets,1.0,10.0,9.0
HAR_RV,cluster_entry_loose,n_assets,1.0,10.0,9.0
HAR_RV,cluster_entry_strict,n_assets,1.0,10.0,9.0
HAR_RV,cluster_exit_loose,n_assets,1.0,10.0,9.0
HAR_RV,cluster_exit_strict,n_assets,1.0,10.0,9.0
HAR_RV,entry_with_recent_spike,n_assets,1.0,10.0,9.0
HAR_RV,entry_without_recent_spike,n_assets,1.0,10.0,9.0
HAR_RV,high_within_block_dispersion,n_assets,1.0,10.0,9.0
HAR_RV,inflection_points,n_assets,1.0,10.0,9.0
HAR_RV,older_spike_position,n_assets,1.0,10.0,9.0
HAR_RV,recent_ramp_high_dispersion,n_assets,1.0,10.0,9.0
HAR_RV,recent_spike_position,n_assets,1.0,10.0,9.0
HAR_RV,same_average_back_loaded,n_assets,1.0,10.0,9.0
HAR_RV,same_average_different_path,n_assets,1.0,10.0,9.0
HAR_RV,same_average_recent_front_loaded,n_assets,1.0,10.0,9.0
HAR_RV,stable_low_dispersion,n_assets,1.0,10.0,9.0
RANDOM_GATE_PLACEBO_REPO,all_observations,n_assets,1.0,10.0,9.0
RANDOM_GATE_PLACEBO_REPO,cluster_entry_loose,n_assets,1.0,10.0,9.0
RANDOM_GATE_PLACEBO_REPO,cluster_entry_strict,n_assets,1.0,10.0,9.0
RANDOM_GATE_PLACEBO_REPO,cluster_exit_loose,n_assets,1.0,10.0,9.0
RANDOM_GATE_PLACEBO_REPO,cluster_exit_strict,n_assets,1.0,10.0,9.0
RANDOM_GATE_PLACEBO_REPO,entry_with_recent_spike,n_assets,1.0,10.0,9.0
RANDOM_GATE_PLACEBO_REPO,entry_without_recent_spike,n_assets,1.0,10.0,9.0
RANDOM_GATE_PLACEBO_REPO,high_within_block_dispersion,n_assets,1.0,10.0,9.0
RANDOM_GATE_PLACEBO_REPO,inflection_points,n_assets,1.0,10.0,9.0
RANDOM_GATE_PLACEBO_REPO,older_spike_position,n_assets,1.0,10.0,9.0
RANDOM_GATE_PLACEBO_REPO,recent_ramp_high_dispersion,n_assets,1.0,10.0,9.0
RANDOM_GATE_PLACEBO_REPO,recent_spike_position,n_assets,1.0,10.0,9.0
RANDOM_GATE_PLACEBO_REPO,same_average_back_loaded,n_assets,1.0,10.0,9.0
RANDOM_GATE_PLACEBO_REPO,same_average_different_path,n_assets,1.0,10.0,9.0
RANDOM_GATE_PLACEBO_REPO,same_average_recent_front_loaded,n_assets,1.0,10.0,9.0
RANDOM_GATE_PLACEBO_REPO,stable_low_dispersion,n_assets,1.0,10.0,9.0
RANDOM_RESIDUES_PLACEBO_REPO,all_observations,n_assets,1.0,10.0,9.0
RANDOM_RESIDUES_PLACEBO_REPO,cluster_entry_loose,n_assets,1.0,10.0,9.0
RANDOM_RESIDUES_PLACEBO_REPO,cluster_entry_strict,n_assets,1.0,10.0,9.0
RANDOM_RESIDUES_PLACEBO_REPO,cluster_exit_loose,n_assets,1.0,10.0,9.0
RANDOM_RESIDUES_PLACEBO_REPO,cluster_exit_strict,n_assets,1.0,10.0,9.0
RANDOM_RESIDUES_PLACEBO_REPO,entry_with_recent_spike,n_assets,1.0,10.0,9.0
RANDOM_RESIDUES_PLACEBO_REPO,entry_without_recent_spike,n_assets,1.0,10.0,9.0
RANDOM_RESIDUES_PLACEBO_REPO,high_within_block_dispersion,n_assets,1.0,10.0,9.0
RANDOM_RESIDUES_PLACEBO_REPO,inflection_points,n_assets,1.0,10.0,9.0
RANDOM_RESIDUES_PLACEBO_REPO,older_spike_position,n_assets,1.0,10.0,9.0
RANDOM_RESIDUES_PLACEBO_REPO,recent_ramp_high_dispersion,n_assets,1.0,10.0,9.0
RANDOM_RESIDUES_PLACEBO_REPO,recent_spike_position,n_assets,1.0,10.0,9.0
RANDOM_RESIDUES_PLACEBO_REPO,same_average_back_loaded,n_assets,1.0,10.0,9.0
RANDOM_RESIDUES_PLACEBO_REPO,same_average_different_path,n_assets,1.0,10.0,9.0
RANDOM_RESIDUES_PLACEBO_REPO,same_average_recent_front_loaded,n_assets,1.0,10.0,9.0
RANDOM_RESIDUES_PLACEBO_REPO,stable_low_dispersion,n_assets,1.0,10.0,9.0
RAW_CP_REPO_PLUS_PM,all_observations,n_assets,1.0,10.0,9.0
RAW_CP_REPO_PLUS_PM,cluster_entry_loose,n_assets,1.0,10.0,9.0
RAW_CP_REPO_PLUS_PM,cluster_entry_strict,n_assets,1.0,10.0,9.0
RAW_CP_REPO_PLUS_PM,cluster_exit_loose,n_assets,1.0,10.0,9.0
RAW_CP_REPO_PLUS_PM,cluster_exit_strict,n_assets,1.0,10.0,9.0
RAW_CP_REPO_PLUS_PM,entry_with_recent_spike,n_assets,1.0,10.0,9.0
RAW_CP_REPO_PLUS_PM,entry_without_recent_spike,n_assets,1.0,10.0,9.0
RAW_CP_REPO_PLUS_PM,high_within_block_dispersion,n_assets,1.0,10.0,9.0
RAW_CP_REPO_PLUS_PM,inflection_points,n_assets,1.0,10.0,9.0
RAW_CP_REPO_PLUS_PM,older_spike_position,n_assets,1.0,10.0,9.0
RAW_CP_REPO_PLUS_PM,recent_ramp_high_dispersion,n_assets,1.0,10.0,9.0
RAW_CP_REPO_PLUS_PM,recent_spike_position,n_assets,1.0,10.0,9.0
RAW_CP_REPO_PLUS_PM,same_average_back_loaded,n_assets,1.0,10.0,9.0
RAW_CP_REPO_PLUS_PM,same_average_different_path,n_assets,1.0,10.0,9.0
RAW_CP_REPO_PLUS_PM,same_average_recent_front_loaded,n_assets,1.0,10.0,9.0
RAW_CP_REPO_PLUS_PM,stable_low_dispersion,n_assets,1.0,10.0,9.0
RAW_PM,all_observations,n_assets,1.0,10.0,9.0
RAW_PM,cluster_entry_loose,n_assets,1.0,10.0,9.0
RAW_PM,cluster_entry_strict,n_assets,1.0,10.0,9.0
RAW_PM,cluster_exit_loose,n_assets,1.0,10.0,9.0
RAW_PM,cluster_exit_strict,n_assets,1.0,10.0,9.0
RAW_PM,entry_with_recent_spike,n_assets,1.0,10.0,9.0
RAW_PM,entry_without_recent_spike,n_assets,1.0,10.0,9.0
RAW_PM,high_within_block_dispersion,n_assets,1.0,10.0,9.0
RAW_PM,inflection_points,n_assets,1.0,10.0,9.0
RAW_PM,older_spike_position,n_assets,1.0,10.0,9.0
RAW_PM,recent_ramp_high_dispersion,n_assets,1.0,10.0,9.0
RAW_PM,recent_spike_position,n_assets,1.0,10.0,9.0
RAW_PM,same_average_back_loaded,n_assets,1.0,10.0,9.0
RAW_PM,same_average_different_path,n_assets,1.0,10.0,9.0
RAW_PM,same_average_recent_front_loaded,n_assets,1.0,10.0,9.0
RAW_PM,stable_low_dispersion,n_assets,1.0,10.0,9.0
RIDGE_AR22,all_observations,n_assets,1.0,10.0,9.0
RIDGE_AR22,cluster_entry_loose,n_assets,1.0,10.0,9.0
RIDGE_AR22,cluster_entry_strict,n_assets,1.0,10.0,9.0
RIDGE_AR22,cluster_exit_loose,n_assets,1.0,10.0,9.0
RIDGE_AR22,cluster_exit_strict,n_assets,1.0,10.0,9.0
RIDGE_AR22,entry_with_recent_spike,n_assets,1.0,10.0,9.0
RIDGE_AR22,entry_without_recent_spike,n_assets,1.0,10.0,9.0
RIDGE_AR22,high_within_block_dispersion,n_assets,1.0,10.0,9.0
RIDGE_AR22,inflection_points,n_assets,1.0,10.0,9.0
RIDGE_AR22,older_spike_position,n_assets,1.0,10.0,9.0
RIDGE_AR22,recent_ramp_high_dispersion,n_assets,1.0,10.0,9.0
RIDGE_AR22,recent_spike_position,n_assets,1.0,10.0,9.0
RIDGE_AR22,same_average_back_loaded,n_assets,1.0,10.0,9.0
RIDGE_AR22,same_average_different_path,n_assets,1.0,10.0,9.0
RIDGE_AR22,same_average_recent_front_loaded,n_assets,1.0,10.0,9.0
RIDGE_AR22,stable_low_dispersion,n_assets,1.0,10.0,9.0
SHUFFLED_LAG_PM_PLACEBO_REPO,all_observations,n_assets,1.0,10.0,9.0
SHUFFLED_LAG_PM_PLACEBO_REPO,cluster_entry_loose,n_assets,1.0,10.0,9.0
SHUFFLED_LAG_PM_PLACEBO_REPO,cluster_entry_strict,n_assets,1.0,10.0,9.0
SHUFFLED_LAG_PM_PLACEBO_REPO,cluster_exit_loose,n_assets,1.0,10.0,9.0
SHUFFLED_LAG_PM_PLACEBO_REPO,cluster_exit_strict,n_assets,1.0,10.0,9.0
SHUFFLED_LAG_PM_PLACEBO_REPO,entry_with_recent_spike,n_assets,1.0,10.0,9.0
SHUFFLED_LAG_PM_PLACEBO_REPO,entry_without_recent_spike,n_assets,1.0,10.0,9.0
SHUFFLED_LAG_PM_PLACEBO_REPO,high_within_block_dispersion,n_assets,1.0,10.0,9.0
SHUFFLED_LAG_PM_PLACEBO_REPO,inflection_points,n_assets,1.0,10.0,9.0
SHUFFLED_LAG_PM_PLACEBO_REPO,older_spike_position,n_assets,1.0,10.0,9.0
SHUFFLED_LAG_PM_PLACEBO_REPO,recent_ramp_high_dispersion,n_assets,1.0,10.0,9.0
SHUFFLED_LAG_PM_PLACEBO_REPO,recent_spike_position,n_assets,1.0,10.0,9.0
SHUFFLED_LAG_PM_PLACEBO_REPO,same_average_back_loaded,n_assets,1.0,10.0,9.0
SHUFFLED_LAG_PM_PLACEBO_REPO,same_average_different_path,n_assets,1.0,10.0,9.0
SHUFFLED_LAG_PM_PLACEBO_REPO,same_average_recent_front_loaded,n_assets,1.0,10.0,9.0
SHUFFLED_LAG_PM_PLACEBO_REPO,stable_low_dispersion,n_assets,1.0,10.0,9.0
