asset,challenger_model,strategy,gate_type,selected_coverage,selected_threshold,validation_score,validation_fraction,uses_future_outcomes_for_threshold,uses_full_evaluation_scores_for_threshold
AAPL,RAW_CP_REPO_PLUS_PM,top_5pct,perturbation_magnitude,0.05,0.0002057910459904,,0.0,False,True
AAPL,RAW_CP_REPO_PLUS_PM,top_5pct_random_gate,shuffled_perturbation_magnitude,0.05,0.0002057910459904,,0.0,False,True
AAPL,RAW_CP_REPO_PLUS_PM,top_10pct,perturbation_magnitude,0.1,0.0001457014438915,,0.0,False,True
AAPL,RAW_CP_REPO_PLUS_PM,top_10pct_random_gate,shuffled_perturbation_magnitude,0.1,0.0001457014438915,,0.0,False,True
AAPL,RAW_CP_REPO_PLUS_PM,top_20pct,perturbation_magnitude,0.2,9.42359161005401e-05,,0.0,False,True
AAPL,RAW_CP_REPO_PLUS_PM,top_20pct_random_gate,shuffled_perturbation_magnitude,0.2,9.42359161005401e-05,,0.0,False,True
AAPL,RAW_CP_REPO_PLUS_PM,top_30pct,perturbation_magnitude,0.3,6.745043119727994e-05,,0.0,False,True
AAPL,RAW_CP_REPO_PLUS_PM,top_30pct_random_gate,shuffled_perturbation_magnitude,0.3,6.745043119727994e-05,,0.0,False,True
AAPL,RAW_CP_REPO_PLUS_PM,validation_selected,prefix_validation_perturbation_magnitude,0.05,0.0001102125635561,-0.1392975853590664,0.25,False,False
AAPL,RAW_CP_REPO_PLUS_PM,condition_cluster_entry_loose,condition_label,0.2000054467714262,,,0.0,False,False
AAPL,RAW_CP_REPO_PLUS_PM,condition_entry_with_recent_spike,condition_label,0.1212178980909066,,,0.0,False,False
AAPL,CP_REPO_OPS_HG,top_5pct,perturbation_magnitude,0.05,0.000334585001738,,0.0,False,True
AAPL,CP_REPO_OPS_HG,top_5pct_random_gate,shuffled_perturbation_magnitude,0.05,0.000334585001738,,0.0,False,True
AAPL,CP_REPO_OPS_HG,top_10pct,perturbation_magnitude,0.1,0.0002259894533304,,0.0,False,True
AAPL,CP_REPO_OPS_HG,top_10pct_random_gate,shuffled_perturbation_magnitude,0.1,0.0002259894533304,,0.0,False,True
AAPL,CP_REPO_OPS_HG,top_20pct,perturbation_magnitude,0.2,0.0001396027611117,,0.0,False,True
AAPL,CP_REPO_OPS_HG,top_20pct_random_gate,shuffled_perturbation_magnitude,0.2,0.0001396027611117,,0.0,False,True
AAPL,CP_REPO_OPS_HG,top_30pct,perturbation_magnitude,0.3,9.625033250953998e-05,,0.0,False,True
AAPL,CP_REPO_OPS_HG,top_30pct_random_gate,shuffled_perturbation_magnitude,0.3,9.625033250953998e-05,,0.0,False,True
AAPL,CP_REPO_OPS_HG,validation_selected,prefix_validation_perturbation_magnitude,0.3,9.526110874058004e-05,0.1124514048307373,0.25,False,False
AAPL,CP_REPO_OPS_HG,condition_cluster_entry_loose,condition_label,0.2000054467714262,,,0.0,False,False
AAPL,CP_REPO_OPS_HG,condition_entry_with_recent_spike,condition_label,0.1212178980909066,,,0.0,False,False
AAPL,CP_REPO_GATED_RIDGE_OPS_C,top_5pct,perturbation_magnitude,0.05,0.0002722033940863,,0.0,False,True
AAPL,CP_REPO_GATED_RIDGE_OPS_C,top_5pct_random_gate,shuffled_perturbation_magnitude,0.05,0.0002722033940863,,0.0,False,True
AAPL,CP_REPO_GATED_RIDGE_OPS_C,top_10pct,perturbation_magnitude,0.1,0.0001850459486487,,0.0,False,True
AAPL,CP_REPO_GATED_RIDGE_OPS_C,top_10pct_random_gate,shuffled_perturbation_magnitude,0.1,0.0001850459486487,,0.0,False,True
AAPL,CP_REPO_GATED_RIDGE_OPS_C,top_20pct,perturbation_magnitude,0.2,0.000112510698567,,0.0,False,True
AAPL,CP_REPO_GATED_RIDGE_OPS_C,top_20pct_random_gate,shuffled_perturbation_magnitude,0.2,0.000112510698567,,0.0,False,True
AAPL,CP_REPO_GATED_RIDGE_OPS_C,top_30pct,perturbation_magnitude,0.3,7.672376189449998e-05,,0.0,False,True
AAPL,CP_REPO_GATED_RIDGE_OPS_C,top_30pct_random_gate,shuffled_perturbation_magnitude,0.3,7.672376189449998e-05,,0.0,False,True
AAPL,CP_REPO_GATED_RIDGE_OPS_C,validation_selected,prefix_validation_perturbation_magnitude,0.2,0.0001037487856822,0.0498663146252893,0.25,False,False
AAPL,CP_REPO_GATED_RIDGE_OPS_C,condition_cluster_entry_loose,condition_label,0.2000054467714262,,,0.0,False,False
AAPL,CP_REPO_GATED_RIDGE_OPS_C,condition_entry_with_recent_spike,condition_label,0.1212178980909066,,,0.0,False,False
AAPL,CP_REPO_RECENT_SLOPE,top_5pct,perturbation_magnitude,0.05,0.0001077349295401,,0.0,False,True
AAPL,CP_REPO_RECENT_SLOPE,top_5pct_random_gate,shuffled_perturbation_magnitude,0.05,0.0001077349295401,,0.0,False,True
AAPL,CP_REPO_RECENT_SLOPE,top_10pct,perturbation_magnitude,0.1,8.028717855156002e-05,,0.0,False,True
AAPL,CP_REPO_RECENT_SLOPE,top_10pct_random_gate,shuffled_perturbation_magnitude,0.1,8.028717855156002e-05,,0.0,False,True
AAPL,CP_REPO_RECENT_SLOPE,top_20pct,perturbation_magnitude,0.2,5.914674189515992e-05,,0.0,False,True
AAPL,CP_REPO_RECENT_SLOPE,top_20pct_random_gate,shuffled_perturbation_magnitude,0.2,5.914674189515992e-05,,0.0,False,True
AAPL,CP_REPO_RECENT_SLOPE,top_30pct,perturbation_magnitude,0.3,4.727942150996001e-05,,0.0,False,True
AAPL,CP_REPO_RECENT_SLOPE,top_30pct_random_gate,shuffled_perturbation_magnitude,0.3,4.727942150996001e-05,,0.0,False,True
AAPL,CP_REPO_RECENT_SLOPE,validation_selected,prefix_validation_perturbation_magnitude,0.3,5.099263767823997e-05,-0.0602349715835481,0.25,False,False
AAPL,CP_REPO_RECENT_SLOPE,condition_cluster_entry_loose,condition_label,0.2000054467714262,,,0.0,False,False
AAPL,CP_REPO_RECENT_SLOPE,condition_entry_with_recent_spike,condition_label,0.1212178980909066,,,0.0,False,False
AAPL,CP_REPO_HAAR_SHAPE,top_5pct,perturbation_magnitude,0.05,0.000295532064687,,0.0,False,True
AAPL,CP_REPO_HAAR_SHAPE,top_5pct_random_gate,shuffled_perturbation_magnitude,0.05,0.000295532064687,,0.0,False,True
AAPL,CP_REPO_HAAR_SHAPE,top_10pct,perturbation_magnitude,0.1,0.0002054879468676,,0.0,False,True
AAPL,CP_REPO_HAAR_SHAPE,top_10pct_random_gate,shuffled_perturbation_magnitude,0.1,0.0002054879468676,,0.0,False,True
AAPL,CP_REPO_HAAR_SHAPE,top_20pct,perturbation_magnitude,0.2,0.0001300848411632,,0.0,False,True
AAPL,CP_REPO_HAAR_SHAPE,top_20pct_random_gate,shuffled_perturbation_magnitude,0.2,0.0001300848411632,,0.0,False,True
AAPL,CP_REPO_HAAR_SHAPE,top_30pct,perturbation_magnitude,0.3,9.192309046304003e-05,,0.0,False,True
AAPL,CP_REPO_HAAR_SHAPE,top_30pct_random_gate,shuffled_perturbation_magnitude,0.3,9.192309046304003e-05,,0.0,False,True
AAPL,CP_REPO_HAAR_SHAPE,validation_selected,prefix_validation_perturbation_magnitude,0.3,7.720923746774001e-05,-0.1043239324095714,0.25,False,False
AAPL,CP_REPO_HAAR_SHAPE,condition_cluster_entry_loose,condition_label,0.2000054467714262,,,0.0,False,False
AAPL,CP_REPO_HAAR_SHAPE,condition_entry_with_recent_spike,condition_label,0.1212178980909066,,,0.0,False,False
AAPL,SHUFFLED_LAG_PM_PLACEBO_REPO,top_5pct,perturbation_magnitude,0.05,0.0001796492508012,,0.0,False,True
AAPL,SHUFFLED_LAG_PM_PLACEBO_REPO,top_5pct_random_gate,shuffled_perturbation_magnitude,0.05,0.0001796492508012,,0.0,False,True
AAPL,SHUFFLED_LAG_PM_PLACEBO_REPO,top_10pct,perturbation_magnitude,0.1,0.0001281229324776,,0.0,False,True
AAPL,SHUFFLED_LAG_PM_PLACEBO_REPO,top_10pct_random_gate,shuffled_perturbation_magnitude,0.1,0.0001281229324776,,0.0,False,True
AAPL,SHUFFLED_LAG_PM_PLACEBO_REPO,top_20pct,perturbation_magnitude,0.2,8.378353227177991e-05,,0.0,False,True
AAPL,SHUFFLED_LAG_PM_PLACEBO_REPO,top_20pct_random_gate,shuffled_perturbation_magnitude,0.2,8.378353227177991e-05,,0.0,False,True
AAPL,SHUFFLED_LAG_PM_PLACEBO_REPO,top_30pct,perturbation_magnitude,0.3,6.051656448748004e-05,,0.0,False,True
AAPL,SHUFFLED_LAG_PM_PLACEBO_REPO,top_30pct_random_gate,shuffled_perturbation_magnitude,0.3,6.051656448748004e-05,,0.0,False,True
AAPL,SHUFFLED_LAG_PM_PLACEBO_REPO,validation_selected,prefix_validation_perturbation_magnitude,0.3,6.488848143412e-05,-0.0619532505595022,0.25,False,False
AAPL,SHUFFLED_LAG_PM_PLACEBO_REPO,condition_cluster_entry_loose,condition_label,0.2000054467714262,,,0.0,False,False
AAPL,SHUFFLED_LAG_PM_PLACEBO_REPO,condition_entry_with_recent_spike,condition_label,0.1212178980909066,,,0.0,False,False
AAPL,RANDOM_GATE_PLACEBO_REPO,top_5pct,perturbation_magnitude,0.05,0.0002241333061348,,0.0,False,True
AAPL,RANDOM_GATE_PLACEBO_REPO,top_5pct_random_gate,shuffled_perturbation_magnitude,0.05,0.0002241333061348,,0.0,False,True
AAPL,RANDOM_GATE_PLACEBO_REPO,top_10pct,perturbation_magnitude,0.1,0.0001438480893164,,0.0,False,True
AAPL,RANDOM_GATE_PLACEBO_REPO,top_10pct_random_gate,shuffled_perturbation_magnitude,0.1,0.0001438480893164,,0.0,False,True
AAPL,RANDOM_GATE_PLACEBO_REPO,top_20pct,perturbation_magnitude,0.2,8.300250043641995e-05,,0.0,False,True
AAPL,RANDOM_GATE_PLACEBO_REPO,top_20pct_random_gate,shuffled_perturbation_magnitude,0.2,8.300250043641995e-05,,0.0,False,True
AAPL,RANDOM_GATE_PLACEBO_REPO,top_30pct,perturbation_magnitude,0.3,5.458959979766e-05,,0.0,False,True
AAPL,RANDOM_GATE_PLACEBO_REPO,top_30pct_random_gate,shuffled_perturbation_magnitude,0.3,5.458959979766e-05,,0.0,False,True
AAPL,RANDOM_GATE_PLACEBO_REPO,validation_selected,prefix_validation_perturbation_magnitude,0.3,4.928562785364004e-05,-0.1603726154916792,0.25,False,False
AAPL,RANDOM_GATE_PLACEBO_REPO,condition_cluster_entry_loose,condition_label,0.2000054467714262,,,0.0,False,False
AAPL,RANDOM_GATE_PLACEBO_REPO,condition_entry_with_recent_spike,condition_label,0.1212178980909066,,,0.0,False,False
AMZN,RAW_CP_REPO_PLUS_PM,top_5pct,perturbation_magnitude,0.05,0.0003171624137508,,0.0,False,True
AMZN,RAW_CP_REPO_PLUS_PM,top_5pct_random_gate,shuffled_perturbation_magnitude,0.05,0.0003171624137508,,0.0,False,True
AMZN,RAW_CP_REPO_PLUS_PM,top_10pct,perturbation_magnitude,0.1,0.0002274588438864,,0.0,False,True
AMZN,RAW_CP_REPO_PLUS_PM,top_10pct_random_gate,shuffled_perturbation_magnitude,0.1,0.0002274588438864,,0.0,False,True
AMZN,RAW_CP_REPO_PLUS_PM,top_20pct,perturbation_magnitude,0.2,0.0001538743421415,,0.0,False,True
AMZN,RAW_CP_REPO_PLUS_PM,top_20pct_random_gate,shuffled_perturbation_magnitude,0.2,0.0001538743421415,,0.0,False,True
AMZN,RAW_CP_REPO_PLUS_PM,top_30pct,perturbation_magnitude,0.3,0.000114141581763,,0.0,False,True
AMZN,RAW_CP_REPO_PLUS_PM,top_30pct_random_gate,shuffled_perturbation_magnitude,0.3,0.000114141581763,,0.0,False,True
AMZN,RAW_CP_REPO_PLUS_PM,validation_selected,prefix_validation_perturbation_magnitude,0.05,0.0003101186427675,-0.3417128099959626,0.25,False,False
AMZN,RAW_CP_REPO_PLUS_PM,condition_cluster_entry_loose,condition_label,0.2000054467714262,,,0.0,False,False
AMZN,RAW_CP_REPO_PLUS_PM,condition_entry_with_recent_spike,condition_label,0.1201557776627903,,,0.0,False,False
AMZN,CP_REPO_OPS_HG,top_5pct,perturbation_magnitude,0.05,0.0003684619911279,,0.0,False,True
AMZN,CP_REPO_OPS_HG,top_5pct_random_gate,shuffled_perturbation_magnitude,0.05,0.0003684619911279,,0.0,False,True
AMZN,CP_REPO_OPS_HG,top_10pct,perturbation_magnitude,0.1,0.0002594397924529,,0.0,False,True
AMZN,CP_REPO_OPS_HG,top_10pct_random_gate,shuffled_perturbation_magnitude,0.1,0.0002594397924529,,0.0,False,True
AMZN,CP_REPO_OPS_HG,top_20pct,perturbation_magnitude,0.2,0.0001605043492661,,0.0,False,True
AMZN,CP_REPO_OPS_HG,top_20pct_random_gate,shuffled_perturbation_magnitude,0.2,0.0001605043492661,,0.0,False,True
AMZN,CP_REPO_OPS_HG,top_30pct,perturbation_magnitude,0.3,0.0001109083287034,,0.0,False,True
AMZN,CP_REPO_OPS_HG,top_30pct_random_gate,shuffled_perturbation_magnitude,0.3,0.0001109083287034,,0.0,False,True
AMZN,CP_REPO_OPS_HG,validation_selected,prefix_validation_perturbation_magnitude,0.2,0.0001540204434312,-0.0171884762488136,0.25,False,False
AMZN,CP_REPO_OPS_HG,condition_cluster_entry_loose,condition_label,0.2000054467714262,,,0.0,False,False
AMZN,CP_REPO_OPS_HG,condition_entry_with_recent_spike,condition_label,0.1201557776627903,,,0.0,False,False
AMZN,CP_REPO_GATED_RIDGE_OPS_C,top_5pct,perturbation_magnitude,0.05,0.000300081239133,,0.0,False,True
AMZN,CP_REPO_GATED_RIDGE_OPS_C,top_5pct_random_gate,shuffled_perturbation_magnitude,0.05,0.000300081239133,,0.0,False,True
AMZN,CP_REPO_GATED_RIDGE_OPS_C,top_10pct,perturbation_magnitude,0.1,0.0002057529667544,,0.0,False,True
AMZN,CP_REPO_GATED_RIDGE_OPS_C,top_10pct_random_gate,shuffled_perturbation_magnitude,0.1,0.0002057529667544,,0.0,False,True
AMZN,CP_REPO_GATED_RIDGE_OPS_C,top_20pct,perturbation_magnitude,0.2,0.0001285107987384,,0.0,False,True
AMZN,CP_REPO_GATED_RIDGE_OPS_C,top_20pct_random_gate,shuffled_perturbation_magnitude,0.2,0.0001285107987384,,0.0,False,True
AMZN,CP_REPO_GATED_RIDGE_OPS_C,top_30pct,perturbation_magnitude,0.3,8.916088941735996e-05,,0.0,False,True
AMZN,CP_REPO_GATED_RIDGE_OPS_C,top_30pct_random_gate,shuffled_perturbation_magnitude,0.3,8.916088941735996e-05,,0.0,False,True
AMZN,CP_REPO_GATED_RIDGE_OPS_C,validation_selected,prefix_validation_perturbation_magnitude,0.05,0.0002679190546286,-0.0511212358771236,0.25,False,False
AMZN,CP_REPO_GATED_RIDGE_OPS_C,condition_cluster_entry_loose,condition_label,0.2000054467714262,,,0.0,False,False
AMZN,CP_REPO_GATED_RIDGE_OPS_C,condition_entry_with_recent_spike,condition_label,0.1201557776627903,,,0.0,False,False
AMZN,CP_REPO_RECENT_SLOPE,top_5pct,perturbation_magnitude,0.05,0.0001465016837509,,0.0,False,True
AMZN,CP_REPO_RECENT_SLOPE,top_5pct_random_gate,shuffled_perturbation_magnitude,0.05,0.0001465016837509,,0.0,False,True
AMZN,CP_REPO_RECENT_SLOPE,top_10pct,perturbation_magnitude,0.1,0.0001199411449512,,0.0,False,True
AMZN,CP_REPO_RECENT_SLOPE,top_10pct_random_gate,shuffled_perturbation_magnitude,0.1,0.0001199411449512,,0.0,False,True
AMZN,CP_REPO_RECENT_SLOPE,top_20pct,perturbation_magnitude,0.2,9.418654268837996e-05,,0.0,False,True
AMZN,CP_REPO_RECENT_SLOPE,top_20pct_random_gate,shuffled_perturbation_magnitude,0.2,9.418654268837996e-05,,0.0,False,True
AMZN,CP_REPO_RECENT_SLOPE,top_30pct,perturbation_magnitude,0.3,7.822384501037999e-05,,0.0,False,True
AMZN,CP_REPO_RECENT_SLOPE,top_30pct_random_gate,shuffled_perturbation_magnitude,0.3,7.822384501037999e-05,,0.0,False,True
AMZN,CP_REPO_RECENT_SLOPE,validation_selected,prefix_validation_perturbation_magnitude,0.05,0.0001631927245736,-0.1283440711427267,0.25,False,False
AMZN,CP_REPO_RECENT_SLOPE,condition_cluster_entry_loose,condition_label,0.2000054467714262,,,0.0,False,False
AMZN,CP_REPO_RECENT_SLOPE,condition_entry_with_recent_spike,condition_label,0.1201557776627903,,,0.0,False,False
AMZN,CP_REPO_HAAR_SHAPE,top_5pct,perturbation_magnitude,0.05,0.0003402262516609,,0.0,False,True
AMZN,CP_REPO_HAAR_SHAPE,top_5pct_random_gate,shuffled_perturbation_magnitude,0.05,0.0003402262516609,,0.0,False,True
AMZN,CP_REPO_HAAR_SHAPE,top_10pct,perturbation_magnitude,0.1,0.0002389371042409,,0.0,False,True
AMZN,CP_REPO_HAAR_SHAPE,top_10pct_random_gate,shuffled_perturbation_magnitude,0.1,0.0002389371042409,,0.0,False,True
AMZN,CP_REPO_HAAR_SHAPE,top_20pct,perturbation_magnitude,0.2,0.0001493682882172,,0.0,False,True
AMZN,CP_REPO_HAAR_SHAPE,top_20pct_random_gate,shuffled_perturbation_magnitude,0.2,0.0001493682882172,,0.0,False,True
AMZN,CP_REPO_HAAR_SHAPE,top_30pct,perturbation_magnitude,0.3,0.0001058914194385,,0.0,False,True
AMZN,CP_REPO_HAAR_SHAPE,top_30pct_random_gate,shuffled_perturbation_magnitude,0.3,0.0001058914194385,,0.0,False,True
AMZN,CP_REPO_HAAR_SHAPE,validation_selected,prefix_validation_perturbation_magnitude,0.05,0.0002946114505581,-0.4204323195386128,0.25,False,False
AMZN,CP_REPO_HAAR_SHAPE,condition_cluster_entry_loose,condition_label,0.2000054467714262,,,0.0,False,False
AMZN,CP_REPO_HAAR_SHAPE,condition_entry_with_recent_spike,condition_label,0.1201557776627903,,,0.0,False,False
AMZN,SHUFFLED_LAG_PM_PLACEBO_REPO,top_5pct,perturbation_magnitude,0.05,0.0002317050812031,,0.0,False,True
AMZN,SHUFFLED_LAG_PM_PLACEBO_REPO,top_5pct_random_gate,shuffled_perturbation_magnitude,0.05,0.0002317050812031,,0.0,False,True
AMZN,SHUFFLED_LAG_PM_PLACEBO_REPO,top_10pct,perturbation_magnitude,0.1,0.0001687232828379,,0.0,False,True
AMZN,SHUFFLED_LAG_PM_PLACEBO_REPO,top_10pct_random_gate,shuffled_perturbation_magnitude,0.1,0.0001687232828379,,0.0,False,True
AMZN,SHUFFLED_LAG_PM_PLACEBO_REPO,top_20pct,perturbation_magnitude,0.2,0.0001117861498714,,0.0,False,True
AMZN,SHUFFLED_LAG_PM_PLACEBO_REPO,top_20pct_random_gate,shuffled_perturbation_magnitude,0.2,0.0001117861498714,,0.0,False,True
AMZN,SHUFFLED_LAG_PM_PLACEBO_REPO,top_30pct,perturbation_magnitude,0.3,8.089021917373997e-05,,0.0,False,True
AMZN,SHUFFLED_LAG_PM_PLACEBO_REPO,top_30pct_random_gate,shuffled_perturbation_magnitude,0.3,8.089021917373997e-05,,0.0,False,True
AMZN,SHUFFLED_LAG_PM_PLACEBO_REPO,validation_selected,prefix_validation_perturbation_magnitude,0.3,9.510587955650004e-05,-0.5259365561497379,0.25,False,False
AMZN,SHUFFLED_LAG_PM_PLACEBO_REPO,condition_cluster_entry_loose,condition_label,0.2000054467714262,,,0.0,False,False
AMZN,SHUFFLED_LAG_PM_PLACEBO_REPO,condition_entry_with_recent_spike,condition_label,0.1201557776627903,,,0.0,False,False
AMZN,RANDOM_GATE_PLACEBO_REPO,top_5pct,perturbation_magnitude,0.05,0.0002619798079299,,0.0,False,True
AMZN,RANDOM_GATE_PLACEBO_REPO,top_5pct_random_gate,shuffled_perturbation_magnitude,0.05,0.0002619798079299,,0.0,False,True
AMZN,RANDOM_GATE_PLACEBO_REPO,top_10pct,perturbation_magnitude,0.1,0.0001685033289296,,0.0,False,True
AMZN,RANDOM_GATE_PLACEBO_REPO,top_10pct_random_gate,shuffled_perturbation_magnitude,0.1,0.0001685033289296,,0.0,False,True
AMZN,RANDOM_GATE_PLACEBO_REPO,top_20pct,perturbation_magnitude,0.2,9.77360013658e-05,,0.0,False,True
AMZN,RANDOM_GATE_PLACEBO_REPO,top_20pct_random_gate,shuffled_perturbation_magnitude,0.2,9.77360013658e-05,,0.0,False,True
AMZN,RANDOM_GATE_PLACEBO_REPO,top_30pct,perturbation_magnitude,0.3,6.551613829063997e-05,,0.0,False,True
AMZN,RANDOM_GATE_PLACEBO_REPO,top_30pct_random_gate,shuffled_perturbation_magnitude,0.3,6.551613829063997e-05,,0.0,False,True
AMZN,RANDOM_GATE_PLACEBO_REPO,validation_selected,prefix_validation_perturbation_magnitude,0.05,0.000261999670904,-0.394561205780548,0.25,False,False
AMZN,RANDOM_GATE_PLACEBO_REPO,condition_cluster_entry_loose,condition_label,0.2000054467714262,,,0.0,False,False
AMZN,RANDOM_GATE_PLACEBO_REPO,condition_entry_with_recent_spike,condition_label,0.1201557776627903,,,0.0,False,False
EEM,RAW_CP_REPO_PLUS_PM,top_5pct,perturbation_magnitude,0.05,8.597851286684999e-05,,0.0,False,True
EEM,RAW_CP_REPO_PLUS_PM,top_5pct_random_gate,shuffled_perturbation_magnitude,0.05,8.597851286684999e-05,,0.0,False,True
EEM,RAW_CP_REPO_PLUS_PM,top_10pct,perturbation_magnitude,0.1,5.778186575567999e-05,,0.0,False,True
EEM,RAW_CP_REPO_PLUS_PM,top_10pct_random_gate,shuffled_perturbation_magnitude,0.1,5.778186575567999e-05,,0.0,False,True
EEM,RAW_CP_REPO_PLUS_PM,top_20pct,perturbation_magnitude,0.2,3.6504988552259983e-05,,0.0,False,True
EEM,RAW_CP_REPO_PLUS_PM,top_20pct_random_gate,shuffled_perturbation_magnitude,0.2,3.6504988552259983e-05,,0.0,False,True
EEM,RAW_CP_REPO_PLUS_PM,top_30pct,perturbation_magnitude,0.3,2.62791188695e-05,,0.0,False,True
EEM,RAW_CP_REPO_PLUS_PM,top_30pct_random_gate,shuffled_perturbation_magnitude,0.3,2.62791188695e-05,,0.0,False,True
EEM,RAW_CP_REPO_PLUS_PM,validation_selected,prefix_validation_perturbation_magnitude,0.05,0.0001162398402148,-0.452416633935548,0.25,False,False
EEM,RAW_CP_REPO_PLUS_PM,condition_cluster_entry_loose,condition_label,0.2001143821999509,,,0.0,False,False
EEM,RAW_CP_REPO_PLUS_PM,condition_entry_with_recent_spike,condition_label,0.118494512377788,,,0.0,False,False
EEM,CP_REPO_OPS_HG,top_5pct,perturbation_magnitude,0.05,0.000184436366263,,0.0,False,True
EEM,CP_REPO_OPS_HG,top_5pct_random_gate,shuffled_perturbation_magnitude,0.05,0.000184436366263,,0.0,False,True
EEM,CP_REPO_OPS_HG,top_10pct,perturbation_magnitude,0.1,0.0001268019386174,,0.0,False,True
EEM,CP_REPO_OPS_HG,top_10pct_random_gate,shuffled_perturbation_magnitude,0.1,0.0001268019386174,,0.0,False,True
EEM,CP_REPO_OPS_HG,top_20pct,perturbation_magnitude,0.2,7.831789209327997e-05,,0.0,False,True
EEM,CP_REPO_OPS_HG,top_20pct_random_gate,shuffled_perturbation_magnitude,0.2,7.831789209327997e-05,,0.0,False,True
EEM,CP_REPO_OPS_HG,top_30pct,perturbation_magnitude,0.3,5.3786421573959975e-05,,0.0,False,True
EEM,CP_REPO_OPS_HG,top_30pct_random_gate,shuffled_perturbation_magnitude,0.3,5.3786421573959975e-05,,0.0,False,True
EEM,CP_REPO_OPS_HG,validation_selected,prefix_validation_perturbation_magnitude,0.05,0.0002081327678508,-0.1746940011977994,0.25,False,False
EEM,CP_REPO_OPS_HG,condition_cluster_entry_loose,condition_label,0.2001143821999509,,,0.0,False,False
EEM,CP_REPO_OPS_HG,condition_entry_with_recent_spike,condition_label,0.118494512377788,,,0.0,False,False
EEM,CP_REPO_GATED_RIDGE_OPS_C,top_5pct,perturbation_magnitude,0.05,0.0001365605212791,,0.0,False,True
EEM,CP_REPO_GATED_RIDGE_OPS_C,top_5pct_random_gate,shuffled_perturbation_magnitude,0.05,0.0001365605212791,,0.0,False,True
EEM,CP_REPO_GATED_RIDGE_OPS_C,top_10pct,perturbation_magnitude,0.1,9.282916583790004e-05,,0.0,False,True
EEM,CP_REPO_GATED_RIDGE_OPS_C,top_10pct_random_gate,shuffled_perturbation_magnitude,0.1,9.282916583790004e-05,,0.0,False,True
EEM,CP_REPO_GATED_RIDGE_OPS_C,top_20pct,perturbation_magnitude,0.2,5.735429812486005e-05,,0.0,False,True
EEM,CP_REPO_GATED_RIDGE_OPS_C,top_20pct_random_gate,shuffled_perturbation_magnitude,0.2,5.735429812486005e-05,,0.0,False,True
EEM,CP_REPO_GATED_RIDGE_OPS_C,top_30pct,perturbation_magnitude,0.3,3.94340659283e-05,,0.0,False,True
EEM,CP_REPO_GATED_RIDGE_OPS_C,top_30pct_random_gate,shuffled_perturbation_magnitude,0.3,3.94340659283e-05,,0.0,False,True
EEM,CP_REPO_GATED_RIDGE_OPS_C,validation_selected,prefix_validation_perturbation_magnitude,0.05,0.0001564885804703,-0.1855279767193991,0.25,False,False
EEM,CP_REPO_GATED_RIDGE_OPS_C,condition_cluster_entry_loose,condition_label,0.2001143821999509,,,0.0,False,False
EEM,CP_REPO_GATED_RIDGE_OPS_C,condition_entry_with_recent_spike,condition_label,0.118494512377788,,,0.0,False,False
EEM,CP_REPO_RECENT_SLOPE,top_5pct,perturbation_magnitude,0.05,6.975754780759e-05,,0.0,False,True
EEM,CP_REPO_RECENT_SLOPE,top_5pct_random_gate,shuffled_perturbation_magnitude,0.05,6.975754780759e-05,,0.0,False,True
EEM,CP_REPO_RECENT_SLOPE,top_10pct,perturbation_magnitude,0.1,5.643261502732001e-05,,0.0,False,True
EEM,CP_REPO_RECENT_SLOPE,top_10pct_random_gate,shuffled_perturbation_magnitude,0.1,5.643261502732001e-05,,0.0,False,True
EEM,CP_REPO_RECENT_SLOPE,top_20pct,perturbation_magnitude,0.2,4.650265346174002e-05,,0.0,False,True
EEM,CP_REPO_RECENT_SLOPE,top_20pct_random_gate,shuffled_perturbation_magnitude,0.2,4.650265346174002e-05,,0.0,False,True
EEM,CP_REPO_RECENT_SLOPE,top_30pct,perturbation_magnitude,0.3,4.10692920951e-05,,0.0,False,True
EEM,CP_REPO_RECENT_SLOPE,top_30pct_random_gate,shuffled_perturbation_magnitude,0.3,4.10692920951e-05,,0.0,False,True
EEM,CP_REPO_RECENT_SLOPE,validation_selected,prefix_validation_perturbation_magnitude,0.05,8.504669937326999e-05,-0.0995048702318092,0.25,False,False
EEM,CP_REPO_RECENT_SLOPE,condition_cluster_entry_loose,condition_label,0.2001143821999509,,,0.0,False,False
EEM,CP_REPO_RECENT_SLOPE,condition_entry_with_recent_spike,condition_label,0.118494512377788,,,0.0,False,False
EEM,CP_REPO_HAAR_SHAPE,top_5pct,perturbation_magnitude,0.05,0.0001262768940078,,0.0,False,True
EEM,CP_REPO_HAAR_SHAPE,top_5pct_random_gate,shuffled_perturbation_magnitude,0.05,0.0001262768940078,,0.0,False,True
EEM,CP_REPO_HAAR_SHAPE,top_10pct,perturbation_magnitude,0.1,8.634774863416001e-05,,0.0,False,True
EEM,CP_REPO_HAAR_SHAPE,top_10pct_random_gate,shuffled_perturbation_magnitude,0.1,8.634774863416001e-05,,0.0,False,True
EEM,CP_REPO_HAAR_SHAPE,top_20pct,perturbation_magnitude,0.2,5.520086790294003e-05,,0.0,False,True
EEM,CP_REPO_HAAR_SHAPE,top_20pct_random_gate,shuffled_perturbation_magnitude,0.2,5.520086790294003e-05,,0.0,False,True
EEM,CP_REPO_HAAR_SHAPE,top_30pct,perturbation_magnitude,0.3,4.050837589133998e-05,,0.0,False,True
EEM,CP_REPO_HAAR_SHAPE,top_30pct_random_gate,shuffled_perturbation_magnitude,0.3,4.050837589133998e-05,,0.0,False,True
EEM,CP_REPO_HAAR_SHAPE,validation_selected,prefix_validation_perturbation_magnitude,0.05,0.0001316135964611,-0.2994210395196745,0.25,False,False
EEM,CP_REPO_HAAR_SHAPE,condition_cluster_entry_loose,condition_label,0.2001143821999509,,,0.0,False,False
EEM,CP_REPO_HAAR_SHAPE,condition_entry_with_recent_spike,condition_label,0.118494512377788,,,0.0,False,False
EEM,SHUFFLED_LAG_PM_PLACEBO_REPO,top_5pct,perturbation_magnitude,0.05,7.80198359045199e-05,,0.0,False,True
EEM,SHUFFLED_LAG_PM_PLACEBO_REPO,top_5pct_random_gate,shuffled_perturbation_magnitude,0.05,7.80198359045199e-05,,0.0,False,True
EEM,SHUFFLED_LAG_PM_PLACEBO_REPO,top_10pct,perturbation_magnitude,0.1,5.052098540456005e-05,,0.0,False,True
EEM,SHUFFLED_LAG_PM_PLACEBO_REPO,top_10pct_random_gate,shuffled_perturbation_magnitude,0.1,5.052098540456005e-05,,0.0,False,True
EEM,SHUFFLED_LAG_PM_PLACEBO_REPO,top_20pct,perturbation_magnitude,0.2,3.013958257098001e-05,,0.0,False,True
EEM,SHUFFLED_LAG_PM_PLACEBO_REPO,top_20pct_random_gate,shuffled_perturbation_magnitude,0.2,3.013958257098001e-05,,0.0,False,True
EEM,SHUFFLED_LAG_PM_PLACEBO_REPO,top_30pct,perturbation_magnitude,0.3,2.119690774068001e-05,,0.0,False,True
EEM,SHUFFLED_LAG_PM_PLACEBO_REPO,top_30pct_random_gate,shuffled_perturbation_magnitude,0.3,2.119690774068001e-05,,0.0,False,True
EEM,SHUFFLED_LAG_PM_PLACEBO_REPO,validation_selected,prefix_validation_perturbation_magnitude,0.3,2.9711904136900003e-05,-0.2726733900905657,0.25,False,False
EEM,SHUFFLED_LAG_PM_PLACEBO_REPO,condition_cluster_entry_loose,condition_label,0.2001143821999509,,,0.0,False,False
EEM,SHUFFLED_LAG_PM_PLACEBO_REPO,condition_entry_with_recent_spike,condition_label,0.118494512377788,,,0.0,False,False
EEM,RANDOM_GATE_PLACEBO_REPO,top_5pct,perturbation_magnitude,0.05,9.343748725616e-05,,0.0,False,True
EEM,RANDOM_GATE_PLACEBO_REPO,top_5pct_random_gate,shuffled_perturbation_magnitude,0.05,9.343748725616e-05,,0.0,False,True
EEM,RANDOM_GATE_PLACEBO_REPO,top_10pct,perturbation_magnitude,0.1,5.8246752310960027e-05,,0.0,False,True
EEM,RANDOM_GATE_PLACEBO_REPO,top_10pct_random_gate,shuffled_perturbation_magnitude,0.1,5.8246752310960027e-05,,0.0,False,True
EEM,RANDOM_GATE_PLACEBO_REPO,top_20pct,perturbation_magnitude,0.2,3.385674495987998e-05,,0.0,False,True
EEM,RANDOM_GATE_PLACEBO_REPO,top_20pct_random_gate,shuffled_perturbation_magnitude,0.2,3.385674495987998e-05,,0.0,False,True
EEM,RANDOM_GATE_PLACEBO_REPO,top_30pct,perturbation_magnitude,0.3,2.2976581497819977e-05,,0.0,False,True
EEM,RANDOM_GATE_PLACEBO_REPO,top_30pct_random_gate,shuffled_perturbation_magnitude,0.3,2.2976581497819977e-05,,0.0,False,True
EEM,RANDOM_GATE_PLACEBO_REPO,validation_selected,prefix_validation_perturbation_magnitude,0.05,0.0001323506701123,-0.3885557490082641,0.25,False,False
EEM,RANDOM_GATE_PLACEBO_REPO,condition_cluster_entry_loose,condition_label,0.2001143821999509,,,0.0,False,False
EEM,RANDOM_GATE_PLACEBO_REPO,condition_entry_with_recent_spike,condition_label,0.118494512377788,,,0.0,False,False
FXI,RAW_CP_REPO_PLUS_PM,top_5pct,perturbation_magnitude,0.05,0.0003291391181123,,0.0,False,True
FXI,RAW_CP_REPO_PLUS_PM,top_5pct_random_gate,shuffled_perturbation_magnitude,0.05,0.0003291391181123,,0.0,False,True
FXI,RAW_CP_REPO_PLUS_PM,top_10pct,perturbation_magnitude,0.1,0.0002281659996224,,0.0,False,True
FXI,RAW_CP_REPO_PLUS_PM,top_10pct_random_gate,shuffled_perturbation_magnitude,0.1,0.0002281659996224,,0.0,False,True
FXI,RAW_CP_REPO_PLUS_PM,top_20pct,perturbation_magnitude,0.2,0.0001527316830354,,0.0,False,True
FXI,RAW_CP_REPO_PLUS_PM,top_20pct_random_gate,shuffled_perturbation_magnitude,0.2,0.0001527316830354,,0.0,False,True
FXI,RAW_CP_REPO_PLUS_PM,top_30pct,perturbation_magnitude,0.3,0.0001156796001682,,0.0,False,True
FXI,RAW_CP_REPO_PLUS_PM,top_30pct_random_gate,shuffled_perturbation_magnitude,0.3,0.0001156796001682,,0.0,False,True
FXI,RAW_CP_REPO_PLUS_PM,validation_selected,prefix_validation_perturbation_magnitude,0.05,0.0003106019805234,-0.4334972365177577,0.25,False,False
FXI,RAW_CP_REPO_PLUS_PM,condition_cluster_entry_loose,condition_label,0.2000163056770932,,,0.0,False,False
FXI,RAW_CP_REPO_PLUS_PM,condition_entry_with_recent_spike,condition_label,0.1218849362719786,,,0.0,False,False
FXI,CP_REPO_OPS_HG,top_5pct,perturbation_magnitude,0.05,0.0004041150597877,,0.0,False,True
FXI,CP_REPO_OPS_HG,top_5pct_random_gate,shuffled_perturbation_magnitude,0.05,0.0004041150597877,,0.0,False,True
FXI,CP_REPO_OPS_HG,top_10pct,perturbation_magnitude,0.1,0.0002799054453537,,0.0,False,True
FXI,CP_REPO_OPS_HG,top_10pct_random_gate,shuffled_perturbation_magnitude,0.1,0.0002799054453537,,0.0,False,True
FXI,CP_REPO_OPS_HG,top_20pct,perturbation_magnitude,0.2,0.0001796772462022,,0.0,False,True
FXI,CP_REPO_OPS_HG,top_20pct_random_gate,shuffled_perturbation_magnitude,0.2,0.0001796772462022,,0.0,False,True
FXI,CP_REPO_OPS_HG,top_30pct,perturbation_magnitude,0.3,0.0001279218877525,,0.0,False,True
FXI,CP_REPO_OPS_HG,top_30pct_random_gate,shuffled_perturbation_magnitude,0.3,0.0001279218877525,,0.0,False,True
FXI,CP_REPO_OPS_HG,validation_selected,prefix_validation_perturbation_magnitude,0.05,0.0003433646160879,-0.4924915275654928,0.25,False,False
FXI,CP_REPO_OPS_HG,condition_cluster_entry_loose,condition_label,0.2000163056770932,,,0.0,False,False
FXI,CP_REPO_OPS_HG,condition_entry_with_recent_spike,condition_label,0.1218849362719786,,,0.0,False,False
FXI,CP_REPO_GATED_RIDGE_OPS_C,top_5pct,perturbation_magnitude,0.05,0.0003110487141537,,0.0,False,True
FXI,CP_REPO_GATED_RIDGE_OPS_C,top_5pct_random_gate,shuffled_perturbation_magnitude,0.05,0.0003110487141537,,0.0,False,True
FXI,CP_REPO_GATED_RIDGE_OPS_C,top_10pct,perturbation_magnitude,0.1,0.0002103896898159,,0.0,False,True
FXI,CP_REPO_GATED_RIDGE_OPS_C,top_10pct_random_gate,shuffled_perturbation_magnitude,0.1,0.0002103896898159,,0.0,False,True
FXI,CP_REPO_GATED_RIDGE_OPS_C,top_20pct,perturbation_magnitude,0.2,0.000132709208345,,0.0,False,True
FXI,CP_REPO_GATED_RIDGE_OPS_C,top_20pct_random_gate,shuffled_perturbation_magnitude,0.2,0.000132709208345,,0.0,False,True
FXI,CP_REPO_GATED_RIDGE_OPS_C,top_30pct,perturbation_magnitude,0.3,9.228544778908e-05,,0.0,False,True
FXI,CP_REPO_GATED_RIDGE_OPS_C,top_30pct_random_gate,shuffled_perturbation_magnitude,0.3,9.228544778908e-05,,0.0,False,True
FXI,CP_REPO_GATED_RIDGE_OPS_C,validation_selected,prefix_validation_perturbation_magnitude,0.05,0.000282631956854,-0.2704052212112686,0.25,False,False
FXI,CP_REPO_GATED_RIDGE_OPS_C,condition_cluster_entry_loose,condition_label,0.2000163056770932,,,0.0,False,False
FXI,CP_REPO_GATED_RIDGE_OPS_C,condition_entry_with_recent_spike,condition_label,0.1218849362719786,,,0.0,False,False
FXI,CP_REPO_RECENT_SLOPE,top_5pct,perturbation_magnitude,0.05,0.0002195734856359,,0.0,False,True
FXI,CP_REPO_RECENT_SLOPE,top_5pct_random_gate,shuffled_perturbation_magnitude,0.05,0.0002195734856359,,0.0,False,True
FXI,CP_REPO_RECENT_SLOPE,top_10pct,perturbation_magnitude,0.1,0.0001643194201468,,0.0,False,True
FXI,CP_REPO_RECENT_SLOPE,top_10pct_random_gate,shuffled_perturbation_magnitude,0.1,0.0001643194201468,,0.0,False,True
FXI,CP_REPO_RECENT_SLOPE,top_20pct,perturbation_magnitude,0.2,0.0001188522340333,,0.0,False,True
FXI,CP_REPO_RECENT_SLOPE,top_20pct_random_gate,shuffled_perturbation_magnitude,0.2,0.0001188522340333,,0.0,False,True
FXI,CP_REPO_RECENT_SLOPE,top_30pct,perturbation_magnitude,0.3,9.302747838223998e-05,,0.0,False,True
FXI,CP_REPO_RECENT_SLOPE,top_30pct_random_gate,shuffled_perturbation_magnitude,0.3,9.302747838223998e-05,,0.0,False,True
FXI,CP_REPO_RECENT_SLOPE,validation_selected,prefix_validation_perturbation_magnitude,0.05,0.0001992132846602,-0.2923308556515082,0.25,False,False
FXI,CP_REPO_RECENT_SLOPE,condition_cluster_entry_loose,condition_label,0.2000163056770932,,,0.0,False,False
FXI,CP_REPO_RECENT_SLOPE,condition_entry_with_recent_spike,condition_label,0.1218849362719786,,,0.0,False,False
FXI,CP_REPO_HAAR_SHAPE,top_5pct,perturbation_magnitude,0.05,0.0003223043291874,,0.0,False,True
FXI,CP_REPO_HAAR_SHAPE,top_5pct_random_gate,shuffled_perturbation_magnitude,0.05,0.0003223043291874,,0.0,False,True
FXI,CP_REPO_HAAR_SHAPE,top_10pct,perturbation_magnitude,0.1,0.0002174211566064,,0.0,False,True
FXI,CP_REPO_HAAR_SHAPE,top_10pct_random_gate,shuffled_perturbation_magnitude,0.1,0.0002174211566064,,0.0,False,True
FXI,CP_REPO_HAAR_SHAPE,top_20pct,perturbation_magnitude,0.2,0.0001347896013795,,0.0,False,True
FXI,CP_REPO_HAAR_SHAPE,top_20pct_random_gate,shuffled_perturbation_magnitude,0.2,0.0001347896013795,,0.0,False,True
FXI,CP_REPO_HAAR_SHAPE,top_30pct,perturbation_magnitude,0.3,9.590827735121996e-05,,0.0,False,True
FXI,CP_REPO_HAAR_SHAPE,top_30pct_random_gate,shuffled_perturbation_magnitude,0.3,9.590827735121996e-05,,0.0,False,True
FXI,CP_REPO_HAAR_SHAPE,validation_selected,prefix_validation_perturbation_magnitude,0.05,0.0002584177141237,-0.6937851356247404,0.25,False,False
FXI,CP_REPO_HAAR_SHAPE,condition_cluster_entry_loose,condition_label,0.2000163056770932,,,0.0,False,False
FXI,CP_REPO_HAAR_SHAPE,condition_entry_with_recent_spike,condition_label,0.1218849362719786,,,0.0,False,False
FXI,SHUFFLED_LAG_PM_PLACEBO_REPO,top_5pct,perturbation_magnitude,0.05,0.0001496639118209,,0.0,False,True
FXI,SHUFFLED_LAG_PM_PLACEBO_REPO,top_5pct_random_gate,shuffled_perturbation_magnitude,0.05,0.0001496639118209,,0.0,False,True
FXI,SHUFFLED_LAG_PM_PLACEBO_REPO,top_10pct,perturbation_magnitude,0.1,9.990622120116002e-05,,0.0,False,True
FXI,SHUFFLED_LAG_PM_PLACEBO_REPO,top_10pct_random_gate,shuffled_perturbation_magnitude,0.1,9.990622120116002e-05,,0.0,False,True
FXI,SHUFFLED_LAG_PM_PLACEBO_REPO,top_20pct,perturbation_magnitude,0.2,5.793846269792e-05,,0.0,False,True
FXI,SHUFFLED_LAG_PM_PLACEBO_REPO,top_20pct_random_gate,shuffled_perturbation_magnitude,0.2,5.793846269792e-05,,0.0,False,True
FXI,SHUFFLED_LAG_PM_PLACEBO_REPO,top_30pct,perturbation_magnitude,0.3,3.958288133627998e-05,,0.0,False,True
FXI,SHUFFLED_LAG_PM_PLACEBO_REPO,top_30pct_random_gate,shuffled_perturbation_magnitude,0.3,3.958288133627998e-05,,0.0,False,True
FXI,SHUFFLED_LAG_PM_PLACEBO_REPO,validation_selected,prefix_validation_perturbation_magnitude,0.05,0.0001219752990422,-0.280196610882598,0.25,False,False
FXI,SHUFFLED_LAG_PM_PLACEBO_REPO,condition_cluster_entry_loose,condition_label,0.2000163056770932,,,0.0,False,False
FXI,SHUFFLED_LAG_PM_PLACEBO_REPO,condition_entry_with_recent_spike,condition_label,0.1218849362719786,,,0.0,False,False
FXI,RANDOM_GATE_PLACEBO_REPO,top_5pct,perturbation_magnitude,0.05,0.0002273164187394,,0.0,False,True
FXI,RANDOM_GATE_PLACEBO_REPO,top_5pct_random_gate,shuffled_perturbation_magnitude,0.05,0.0002273164187394,,0.0,False,True
FXI,RANDOM_GATE_PLACEBO_REPO,top_10pct,perturbation_magnitude,0.1,0.0001398115565575,,0.0,False,True
FXI,RANDOM_GATE_PLACEBO_REPO,top_10pct_random_gate,shuffled_perturbation_magnitude,0.1,0.0001398115565575,,0.0,False,True
FXI,RANDOM_GATE_PLACEBO_REPO,top_20pct,perturbation_magnitude,0.2,7.860229640459998e-05,,0.0,False,True
FXI,RANDOM_GATE_PLACEBO_REPO,top_20pct_random_gate,shuffled_perturbation_magnitude,0.2,7.860229640459998e-05,,0.0,False,True
FXI,RANDOM_GATE_PLACEBO_REPO,top_30pct,perturbation_magnitude,0.3,5.266425034287997e-05,,0.0,False,True
FXI,RANDOM_GATE_PLACEBO_REPO,top_30pct_random_gate,shuffled_perturbation_magnitude,0.3,5.266425034287997e-05,,0.0,False,True
FXI,RANDOM_GATE_PLACEBO_REPO,validation_selected,prefix_validation_perturbation_magnitude,0.05,0.0002299768627026,-0.8886599973783127,0.25,False,False
FXI,RANDOM_GATE_PLACEBO_REPO,condition_cluster_entry_loose,condition_label,0.2000163056770932,,,0.0,False,False
FXI,RANDOM_GATE_PLACEBO_REPO,condition_entry_with_recent_spike,condition_label,0.1218849362719786,,,0.0,False,False
GLD,RAW_CP_REPO_PLUS_PM,top_5pct,perturbation_magnitude,0.05,7.106184369341998e-05,,0.0,False,True
GLD,RAW_CP_REPO_PLUS_PM,top_5pct_random_gate,shuffled_perturbation_magnitude,0.05,7.106184369341998e-05,,0.0,False,True
GLD,RAW_CP_REPO_PLUS_PM,top_10pct,perturbation_magnitude,0.1,5.133997758286005e-05,,0.0,False,True
GLD,RAW_CP_REPO_PLUS_PM,top_10pct_random_gate,shuffled_perturbation_magnitude,0.1,5.133997758286005e-05,,0.0,False,True
GLD,RAW_CP_REPO_PLUS_PM,top_20pct,perturbation_magnitude,0.2,3.5016940523220006e-05,,0.0,False,True
GLD,RAW_CP_REPO_PLUS_PM,top_20pct_random_gate,shuffled_perturbation_magnitude,0.2,3.5016940523220006e-05,,0.0,False,True
GLD,RAW_CP_REPO_PLUS_PM,top_30pct,perturbation_magnitude,0.3,2.592578443001998e-05,,0.0,False,True
GLD,RAW_CP_REPO_PLUS_PM,top_30pct_random_gate,shuffled_perturbation_magnitude,0.3,2.592578443001998e-05,,0.0,False,True
GLD,RAW_CP_REPO_PLUS_PM,validation_selected,prefix_validation_perturbation_magnitude,0.05,7.956047053152001e-05,-0.0032335724243415,0.25,False,False
GLD,RAW_CP_REPO_PLUS_PM,condition_cluster_entry_loose,condition_label,0.2000054467714262,,,0.0,False,False
GLD,RAW_CP_REPO_PLUS_PM,condition_entry_with_recent_spike,condition_label,0.1163158038072932,,,0.0,False,False
GLD,CP_REPO_OPS_HG,top_5pct,perturbation_magnitude,0.05,0.0001748808209446,,0.0,False,True
GLD,CP_REPO_OPS_HG,top_5pct_random_gate,shuffled_perturbation_magnitude,0.05,0.0001748808209446,,0.0,False,True
GLD,CP_REPO_OPS_HG,top_10pct,perturbation_magnitude,0.1,0.0001241400063444,,0.0,False,True
GLD,CP_REPO_OPS_HG,top_10pct_random_gate,shuffled_perturbation_magnitude,0.1,0.0001241400063444,,0.0,False,True
GLD,CP_REPO_OPS_HG,top_20pct,perturbation_magnitude,0.2,7.925403157526004e-05,,0.0,False,True
GLD,CP_REPO_OPS_HG,top_20pct_random_gate,shuffled_perturbation_magnitude,0.2,7.925403157526004e-05,,0.0,False,True
GLD,CP_REPO_OPS_HG,top_30pct,perturbation_magnitude,0.3,5.590068068803994e-05,,0.0,False,True
GLD,CP_REPO_OPS_HG,top_30pct_random_gate,shuffled_perturbation_magnitude,0.3,5.590068068803994e-05,,0.0,False,True
GLD,CP_REPO_OPS_HG,validation_selected,prefix_validation_perturbation_magnitude,0.05,0.0001873167084091,-0.0871698600435614,0.25,False,False
GLD,CP_REPO_OPS_HG,condition_cluster_entry_loose,condition_label,0.2000054467714262,,,0.0,False,False
GLD,CP_REPO_OPS_HG,condition_entry_with_recent_spike,condition_label,0.1163158038072932,,,0.0,False,False
GLD,CP_REPO_GATED_RIDGE_OPS_C,top_5pct,perturbation_magnitude,0.05,0.0001117671033887,,0.0,False,True
GLD,CP_REPO_GATED_RIDGE_OPS_C,top_5pct_random_gate,shuffled_perturbation_magnitude,0.05,0.0001117671033887,,0.0,False,True
GLD,CP_REPO_GATED_RIDGE_OPS_C,top_10pct,perturbation_magnitude,0.1,7.957209408083996e-05,,0.0,False,True
GLD,CP_REPO_GATED_RIDGE_OPS_C,top_10pct_random_gate,shuffled_perturbation_magnitude,0.1,7.957209408083996e-05,,0.0,False,True
GLD,CP_REPO_GATED_RIDGE_OPS_C,top_20pct,perturbation_magnitude,0.2,5.144580824152004e-05,,0.0,False,True
GLD,CP_REPO_GATED_RIDGE_OPS_C,top_20pct_random_gate,shuffled_perturbation_magnitude,0.2,5.144580824152004e-05,,0.0,False,True
GLD,CP_REPO_GATED_RIDGE_OPS_C,top_30pct,perturbation_magnitude,0.3,3.597754374245999e-05,,0.0,False,True
GLD,CP_REPO_GATED_RIDGE_OPS_C,top_30pct_random_gate,shuffled_perturbation_magnitude,0.3,3.597754374245999e-05,,0.0,False,True
GLD,CP_REPO_GATED_RIDGE_OPS_C,validation_selected,prefix_validation_perturbation_magnitude,0.05,0.0001339291307277,-0.1947196428064158,0.25,False,False
GLD,CP_REPO_GATED_RIDGE_OPS_C,condition_cluster_entry_loose,condition_label,0.2000054467714262,,,0.0,False,False
GLD,CP_REPO_GATED_RIDGE_OPS_C,condition_entry_with_recent_spike,condition_label,0.1163158038072932,,,0.0,False,False
GLD,CP_REPO_RECENT_SLOPE,top_5pct,perturbation_magnitude,0.05,6.701469792817996e-05,,0.0,False,True
GLD,CP_REPO_RECENT_SLOPE,top_5pct_random_gate,shuffled_perturbation_magnitude,0.05,6.701469792817996e-05,,0.0,False,True
GLD,CP_REPO_RECENT_SLOPE,top_10pct,perturbation_magnitude,0.1,5.003563647608004e-05,,0.0,False,True
GLD,CP_REPO_RECENT_SLOPE,top_10pct_random_gate,shuffled_perturbation_magnitude,0.1,5.003563647608004e-05,,0.0,False,True
GLD,CP_REPO_RECENT_SLOPE,top_20pct,perturbation_magnitude,0.2,3.6684470753720005e-05,,0.0,False,True
GLD,CP_REPO_RECENT_SLOPE,top_20pct_random_gate,shuffled_perturbation_magnitude,0.2,3.6684470753720005e-05,,0.0,False,True
GLD,CP_REPO_RECENT_SLOPE,top_30pct,perturbation_magnitude,0.3,2.903866845188001e-05,,0.0,False,True
GLD,CP_REPO_RECENT_SLOPE,top_30pct_random_gate,shuffled_perturbation_magnitude,0.3,2.903866845188001e-05,,0.0,False,True
GLD,CP_REPO_RECENT_SLOPE,validation_selected,prefix_validation_perturbation_magnitude,0.1,4.972043553655996e-05,0.0492849975133876,0.25,False,False
GLD,CP_REPO_RECENT_SLOPE,condition_cluster_entry_loose,condition_label,0.2000054467714262,,,0.0,False,False
GLD,CP_REPO_RECENT_SLOPE,condition_entry_with_recent_spike,condition_label,0.1163158038072932,,,0.0,False,False
GLD,CP_REPO_HAAR_SHAPE,top_5pct,perturbation_magnitude,0.05,0.00010729710481,,0.0,False,True
GLD,CP_REPO_HAAR_SHAPE,top_5pct_random_gate,shuffled_perturbation_magnitude,0.05,0.00010729710481,,0.0,False,True
GLD,CP_REPO_HAAR_SHAPE,top_10pct,perturbation_magnitude,0.1,7.560088642980007e-05,,0.0,False,True
GLD,CP_REPO_HAAR_SHAPE,top_10pct_random_gate,shuffled_perturbation_magnitude,0.1,7.560088642980007e-05,,0.0,False,True
GLD,CP_REPO_HAAR_SHAPE,top_20pct,perturbation_magnitude,0.2,5.004145725357998e-05,,0.0,False,True
GLD,CP_REPO_HAAR_SHAPE,top_20pct_random_gate,shuffled_perturbation_magnitude,0.2,5.004145725357998e-05,,0.0,False,True
GLD,CP_REPO_HAAR_SHAPE,top_30pct,perturbation_magnitude,0.3,3.691359429231997e-05,,0.0,False,True
GLD,CP_REPO_HAAR_SHAPE,top_30pct_random_gate,shuffled_perturbation_magnitude,0.3,3.691359429231997e-05,,0.0,False,True
GLD,CP_REPO_HAAR_SHAPE,validation_selected,prefix_validation_perturbation_magnitude,0.05,0.0001285926669845,-0.123998614088166,0.25,False,False
GLD,CP_REPO_HAAR_SHAPE,condition_cluster_entry_loose,condition_label,0.2000054467714262,,,0.0,False,False
GLD,CP_REPO_HAAR_SHAPE,condition_entry_with_recent_spike,condition_label,0.1163158038072932,,,0.0,False,False
GLD,SHUFFLED_LAG_PM_PLACEBO_REPO,top_5pct,perturbation_magnitude,0.05,9.508455307422998e-05,,0.0,False,True
GLD,SHUFFLED_LAG_PM_PLACEBO_REPO,top_5pct_random_gate,shuffled_perturbation_magnitude,0.05,9.508455307422998e-05,,0.0,False,True
GLD,SHUFFLED_LAG_PM_PLACEBO_REPO,top_10pct,perturbation_magnitude,0.1,6.731062854623999e-05,,0.0,False,True
GLD,SHUFFLED_LAG_PM_PLACEBO_REPO,top_10pct_random_gate,shuffled_perturbation_magnitude,0.1,6.731062854623999e-05,,0.0,False,True
GLD,SHUFFLED_LAG_PM_PLACEBO_REPO,top_20pct,perturbation_magnitude,0.2,4.497025514287999e-05,,0.0,False,True
GLD,SHUFFLED_LAG_PM_PLACEBO_REPO,top_20pct_random_gate,shuffled_perturbation_magnitude,0.2,4.497025514287999e-05,,0.0,False,True
GLD,SHUFFLED_LAG_PM_PLACEBO_REPO,top_30pct,perturbation_magnitude,0.3,3.3262079180699935e-05,,0.0,False,True
GLD,SHUFFLED_LAG_PM_PLACEBO_REPO,top_30pct_random_gate,shuffled_perturbation_magnitude,0.3,3.3262079180699935e-05,,0.0,False,True
GLD,SHUFFLED_LAG_PM_PLACEBO_REPO,validation_selected,prefix_validation_perturbation_magnitude,0.3,3.633420919418e-05,0.0109834151492762,0.25,False,False
GLD,SHUFFLED_LAG_PM_PLACEBO_REPO,condition_cluster_entry_loose,condition_label,0.2000054467714262,,,0.0,False,False
GLD,SHUFFLED_LAG_PM_PLACEBO_REPO,condition_entry_with_recent_spike,condition_label,0.1163158038072932,,,0.0,False,False
GLD,RANDOM_GATE_PLACEBO_REPO,top_5pct,perturbation_magnitude,0.05,8.953793017937997e-05,,0.0,False,True
GLD,RANDOM_GATE_PLACEBO_REPO,top_5pct_random_gate,shuffled_perturbation_magnitude,0.05,8.953793017937997e-05,,0.0,False,True
GLD,RANDOM_GATE_PLACEBO_REPO,top_10pct,perturbation_magnitude,0.1,5.929679776534e-05,,0.0,False,True
GLD,RANDOM_GATE_PLACEBO_REPO,top_10pct_random_gate,shuffled_perturbation_magnitude,0.1,5.929679776534e-05,,0.0,False,True
GLD,RANDOM_GATE_PLACEBO_REPO,top_20pct,perturbation_magnitude,0.2,3.553795346203992e-05,,0.0,False,True
GLD,RANDOM_GATE_PLACEBO_REPO,top_20pct_random_gate,shuffled_perturbation_magnitude,0.2,3.553795346203992e-05,,0.0,False,True
GLD,RANDOM_GATE_PLACEBO_REPO,top_30pct,perturbation_magnitude,0.3,2.420268025564e-05,,0.0,False,True
GLD,RANDOM_GATE_PLACEBO_REPO,top_30pct_random_gate,shuffled_perturbation_magnitude,0.3,2.420268025564e-05,,0.0,False,True
GLD,RANDOM_GATE_PLACEBO_REPO,validation_selected,prefix_validation_perturbation_magnitude,0.05,0.0001063338572971,-0.2749812349436031,0.25,False,False
GLD,RANDOM_GATE_PLACEBO_REPO,condition_cluster_entry_loose,condition_label,0.2000054467714262,,,0.0,False,False
GLD,RANDOM_GATE_PLACEBO_REPO,condition_entry_with_recent_spike,condition_label,0.1163158038072932,,,0.0,False,False
GOOGL,RAW_CP_REPO_PLUS_PM,top_5pct,perturbation_magnitude,0.05,0.0002061452108131,,0.0,False,True
GOOGL,RAW_CP_REPO_PLUS_PM,top_5pct_random_gate,shuffled_perturbation_magnitude,0.05,0.0002061452108131,,0.0,False,True
GOOGL,RAW_CP_REPO_PLUS_PM,top_10pct,perturbation_magnitude,0.1,0.0001488164467427,,0.0,False,True
GOOGL,RAW_CP_REPO_PLUS_PM,top_10pct_random_gate,shuffled_perturbation_magnitude,0.1,0.0001488164467427,,0.0,False,True
GOOGL,RAW_CP_REPO_PLUS_PM,top_20pct,perturbation_magnitude,0.2,9.993600786287998e-05,,0.0,False,True
GOOGL,RAW_CP_REPO_PLUS_PM,top_20pct_random_gate,shuffled_perturbation_magnitude,0.2,9.993600786287998e-05,,0.0,False,True
GOOGL,RAW_CP_REPO_PLUS_PM,top_30pct,perturbation_magnitude,0.3,7.270422976859995e-05,,0.0,False,True
GOOGL,RAW_CP_REPO_PLUS_PM,top_30pct_random_gate,shuffled_perturbation_magnitude,0.3,7.270422976859995e-05,,0.0,False,True
GOOGL,RAW_CP_REPO_PLUS_PM,validation_selected,prefix_validation_perturbation_magnitude,0.05,0.0001788496934532,0.0647564068674225,0.25,False,False
GOOGL,RAW_CP_REPO_PLUS_PM,condition_cluster_entry_loose,condition_label,0.2000054467714262,,,0.0,False,False
GOOGL,RAW_CP_REPO_PLUS_PM,condition_entry_with_recent_spike,condition_label,0.1204281162341022,,,0.0,False,False
GOOGL,CP_REPO_OPS_HG,top_5pct,perturbation_magnitude,0.05,0.0003690567593096,,0.0,False,True
GOOGL,CP_REPO_OPS_HG,top_5pct_random_gate,shuffled_perturbation_magnitude,0.05,0.0003690567593096,,0.0,False,True
GOOGL,CP_REPO_OPS_HG,top_10pct,perturbation_magnitude,0.1,0.0002606910474676,,0.0,False,True
GOOGL,CP_REPO_OPS_HG,top_10pct_random_gate,shuffled_perturbation_magnitude,0.1,0.0002606910474676,,0.0,False,True
GOOGL,CP_REPO_OPS_HG,top_20pct,perturbation_magnitude,0.2,0.0001644676021826,,0.0,False,True
GOOGL,CP_REPO_OPS_HG,top_20pct_random_gate,shuffled_perturbation_magnitude,0.2,0.0001644676021826,,0.0,False,True
GOOGL,CP_REPO_OPS_HG,top_30pct,perturbation_magnitude,0.3,0.0001138936252603,,0.0,False,True
GOOGL,CP_REPO_OPS_HG,top_30pct_random_gate,shuffled_perturbation_magnitude,0.3,0.0001138936252603,,0.0,False,True
GOOGL,CP_REPO_OPS_HG,validation_selected,prefix_validation_perturbation_magnitude,0.05,0.000387750420834,-0.1133805387195479,0.25,False,False
GOOGL,CP_REPO_OPS_HG,condition_cluster_entry_loose,condition_label,0.2000054467714262,,,0.0,False,False
GOOGL,CP_REPO_OPS_HG,condition_entry_with_recent_spike,condition_label,0.1204281162341022,,,0.0,False,False
GOOGL,CP_REPO_GATED_RIDGE_OPS_C,top_5pct,perturbation_magnitude,0.05,0.0002826331239721,,0.0,False,True
GOOGL,CP_REPO_GATED_RIDGE_OPS_C,top_5pct_random_gate,shuffled_perturbation_magnitude,0.05,0.0002826331239721,,0.0,False,True
GOOGL,CP_REPO_GATED_RIDGE_OPS_C,top_10pct,perturbation_magnitude,0.1,0.0001919517853869,,0.0,False,True
GOOGL,CP_REPO_GATED_RIDGE_OPS_C,top_10pct_random_gate,shuffled_perturbation_magnitude,0.1,0.0001919517853869,,0.0,False,True
GOOGL,CP_REPO_GATED_RIDGE_OPS_C,top_20pct,perturbation_magnitude,0.2,0.0001185957127473,,0.0,False,True
GOOGL,CP_REPO_GATED_RIDGE_OPS_C,top_20pct_random_gate,shuffled_perturbation_magnitude,0.2,0.0001185957127473,,0.0,False,True
GOOGL,CP_REPO_GATED_RIDGE_OPS_C,top_30pct,perturbation_magnitude,0.3,8.068074620618e-05,,0.0,False,True
GOOGL,CP_REPO_GATED_RIDGE_OPS_C,top_30pct_random_gate,shuffled_perturbation_magnitude,0.3,8.068074620618e-05,,0.0,False,True
GOOGL,CP_REPO_GATED_RIDGE_OPS_C,validation_selected,prefix_validation_perturbation_magnitude,0.05,0.0002253482404289,-0.0608437199748116,0.25,False,False
GOOGL,CP_REPO_GATED_RIDGE_OPS_C,condition_cluster_entry_loose,condition_label,0.2000054467714262,,,0.0,False,False
GOOGL,CP_REPO_GATED_RIDGE_OPS_C,condition_entry_with_recent_spike,condition_label,0.1204281162341022,,,0.0,False,False
GOOGL,CP_REPO_RECENT_SLOPE,top_5pct,perturbation_magnitude,0.05,0.00013219544624,,0.0,False,True
GOOGL,CP_REPO_RECENT_SLOPE,top_5pct_random_gate,shuffled_perturbation_magnitude,0.05,0.00013219544624,,0.0,False,True
GOOGL,CP_REPO_RECENT_SLOPE,top_10pct,perturbation_magnitude,0.1,0.0001026631374591,,0.0,False,True
GOOGL,CP_REPO_RECENT_SLOPE,top_10pct_random_gate,shuffled_perturbation_magnitude,0.1,0.0001026631374591,,0.0,False,True
GOOGL,CP_REPO_RECENT_SLOPE,top_20pct,perturbation_magnitude,0.2,7.735188373967996e-05,,0.0,False,True
GOOGL,CP_REPO_RECENT_SLOPE,top_20pct_random_gate,shuffled_perturbation_magnitude,0.2,7.735188373967996e-05,,0.0,False,True
GOOGL,CP_REPO_RECENT_SLOPE,top_30pct,perturbation_magnitude,0.3,6.221340635173994e-05,,0.0,False,True
GOOGL,CP_REPO_RECENT_SLOPE,top_30pct_random_gate,shuffled_perturbation_magnitude,0.3,6.221340635173994e-05,,0.0,False,True
GOOGL,CP_REPO_RECENT_SLOPE,validation_selected,prefix_validation_perturbation_magnitude,0.05,0.0001421996901682,-0.0005215342438991,0.25,False,False
GOOGL,CP_REPO_RECENT_SLOPE,condition_cluster_entry_loose,condition_label,0.2000054467714262,,,0.0,False,False
GOOGL,CP_REPO_RECENT_SLOPE,condition_entry_with_recent_spike,condition_label,0.1204281162341022,,,0.0,False,False
GOOGL,CP_REPO_HAAR_SHAPE,top_5pct,perturbation_magnitude,0.05,0.0003265579313595,,0.0,False,True
GOOGL,CP_REPO_HAAR_SHAPE,top_5pct_random_gate,shuffled_perturbation_magnitude,0.05,0.0003265579313595,,0.0,False,True
GOOGL,CP_REPO_HAAR_SHAPE,top_10pct,perturbation_magnitude,0.1,0.0002251626810214,,0.0,False,True
GOOGL,CP_REPO_HAAR_SHAPE,top_10pct_random_gate,shuffled_perturbation_magnitude,0.1,0.0002251626810214,,0.0,False,True
GOOGL,CP_REPO_HAAR_SHAPE,top_20pct,perturbation_magnitude,0.2,0.0001409926590951,,0.0,False,True
GOOGL,CP_REPO_HAAR_SHAPE,top_20pct_random_gate,shuffled_perturbation_magnitude,0.2,0.0001409926590951,,0.0,False,True
GOOGL,CP_REPO_HAAR_SHAPE,top_30pct,perturbation_magnitude,0.3,0.0001002709178329,,0.0,False,True
GOOGL,CP_REPO_HAAR_SHAPE,top_30pct_random_gate,shuffled_perturbation_magnitude,0.3,0.0001002709178329,,0.0,False,True
GOOGL,CP_REPO_HAAR_SHAPE,validation_selected,prefix_validation_perturbation_magnitude,0.05,0.0002270479750758,0.0931324506849831,0.25,False,False
GOOGL,CP_REPO_HAAR_SHAPE,condition_cluster_entry_loose,condition_label,0.2000054467714262,,,0.0,False,False
GOOGL,CP_REPO_HAAR_SHAPE,condition_entry_with_recent_spike,condition_label,0.1204281162341022,,,0.0,False,False
GOOGL,SHUFFLED_LAG_PM_PLACEBO_REPO,top_5pct,perturbation_magnitude,0.05,0.0002316846145163,,0.0,False,True
GOOGL,SHUFFLED_LAG_PM_PLACEBO_REPO,top_5pct_random_gate,shuffled_perturbation_magnitude,0.05,0.0002316846145163,,0.0,False,True
GOOGL,SHUFFLED_LAG_PM_PLACEBO_REPO,top_10pct,perturbation_magnitude,0.1,0.0001694877612776,,0.0,False,True
GOOGL,SHUFFLED_LAG_PM_PLACEBO_REPO,top_10pct_random_gate,shuffled_perturbation_magnitude,0.1,0.0001694877612776,,0.0,False,True
GOOGL,SHUFFLED_LAG_PM_PLACEBO_REPO,top_20pct,perturbation_magnitude,0.2,0.0001123536043551,,0.0,False,True
GOOGL,SHUFFLED_LAG_PM_PLACEBO_REPO,top_20pct_random_gate,shuffled_perturbation_magnitude,0.2,0.0001123536043551,,0.0,False,True
GOOGL,SHUFFLED_LAG_PM_PLACEBO_REPO,top_30pct,perturbation_magnitude,0.3,8.207236566945999e-05,,0.0,False,True
GOOGL,SHUFFLED_LAG_PM_PLACEBO_REPO,top_30pct_random_gate,shuffled_perturbation_magnitude,0.3,8.207236566945999e-05,,0.0,False,True
GOOGL,SHUFFLED_LAG_PM_PLACEBO_REPO,validation_selected,prefix_validation_perturbation_magnitude,0.2,0.0001210752965041,-0.1102106417538772,0.25,False,False
GOOGL,SHUFFLED_LAG_PM_PLACEBO_REPO,condition_cluster_entry_loose,condition_label,0.2000054467714262,,,0.0,False,False
GOOGL,SHUFFLED_LAG_PM_PLACEBO_REPO,condition_entry_with_recent_spike,condition_label,0.1204281162341022,,,0.0,False,False
GOOGL,RANDOM_GATE_PLACEBO_REPO,top_5pct,perturbation_magnitude,0.05,0.0002447099888349,,0.0,False,True
GOOGL,RANDOM_GATE_PLACEBO_REPO,top_5pct_random_gate,shuffled_perturbation_magnitude,0.05,0.0002447099888349,,0.0,False,True
GOOGL,RANDOM_GATE_PLACEBO_REPO,top_10pct,perturbation_magnitude,0.1,0.0001557440224327,,0.0,False,True
GOOGL,RANDOM_GATE_PLACEBO_REPO,top_10pct_random_gate,shuffled_perturbation_magnitude,0.1,0.0001557440224327,,0.0,False,True
GOOGL,RANDOM_GATE_PLACEBO_REPO,top_20pct,perturbation_magnitude,0.2,8.897373546374008e-05,,0.0,False,True
GOOGL,RANDOM_GATE_PLACEBO_REPO,top_20pct_random_gate,shuffled_perturbation_magnitude,0.2,8.897373546374008e-05,,0.0,False,True
GOOGL,RANDOM_GATE_PLACEBO_REPO,top_30pct,perturbation_magnitude,0.3,6.060668556579994e-05,,0.0,False,True
GOOGL,RANDOM_GATE_PLACEBO_REPO,top_30pct_random_gate,shuffled_perturbation_magnitude,0.3,6.060668556579994e-05,,0.0,False,True
GOOGL,RANDOM_GATE_PLACEBO_REPO,validation_selected,prefix_validation_perturbation_magnitude,0.05,0.0002285152762089,-0.2187153233749204,0.25,False,False
GOOGL,RANDOM_GATE_PLACEBO_REPO,condition_cluster_entry_loose,condition_label,0.2000054467714262,,,0.0,False,False
GOOGL,RANDOM_GATE_PLACEBO_REPO,condition_entry_with_recent_spike,condition_label,0.1204281162341022,,,0.0,False,False
HYG,RAW_CP_REPO_PLUS_PM,top_5pct,perturbation_magnitude,0.05,5.24978694183399e-05,,0.0,False,True
HYG,RAW_CP_REPO_PLUS_PM,top_5pct_random_gate,shuffled_perturbation_magnitude,0.05,5.24978694183399e-05,,0.0,False,True
HYG,RAW_CP_REPO_PLUS_PM,top_10pct,perturbation_magnitude,0.1,3.373216114666001e-05,,0.0,False,True
HYG,RAW_CP_REPO_PLUS_PM,top_10pct_random_gate,shuffled_perturbation_magnitude,0.1,3.373216114666001e-05,,0.0,False,True
HYG,RAW_CP_REPO_PLUS_PM,top_20pct,perturbation_magnitude,0.2,1.869282130318001e-05,,0.0,False,True
HYG,RAW_CP_REPO_PLUS_PM,top_20pct_random_gate,shuffled_perturbation_magnitude,0.2,1.869282130318001e-05,,0.0,False,True
HYG,RAW_CP_REPO_PLUS_PM,top_30pct,perturbation_magnitude,0.3,1.193231392618e-05,,0.0,False,True
HYG,RAW_CP_REPO_PLUS_PM,top_30pct_random_gate,shuffled_perturbation_magnitude,0.3,1.193231392618e-05,,0.0,False,True
HYG,RAW_CP_REPO_PLUS_PM,validation_selected,prefix_validation_perturbation_magnitude,0.05,7.414555866523002e-05,0.1246480271014971,0.25,False,False
HYG,RAW_CP_REPO_PLUS_PM,condition_cluster_entry_loose,condition_label,0.2000054467714262,,,0.0,False,False
HYG,RAW_CP_REPO_PLUS_PM,condition_entry_with_recent_spike,condition_label,0.1103788229526947,,,0.0,False,False
HYG,CP_REPO_OPS_HG,top_5pct,perturbation_magnitude,0.05,6.769921374959993e-05,,0.0,False,True
HYG,CP_REPO_OPS_HG,top_5pct_random_gate,shuffled_perturbation_magnitude,0.05,6.769921374959993e-05,,0.0,False,True
HYG,CP_REPO_OPS_HG,top_10pct,perturbation_magnitude,0.1,4.027563197034e-05,,0.0,False,True
HYG,CP_REPO_OPS_HG,top_10pct_random_gate,shuffled_perturbation_magnitude,0.1,4.027563197034e-05,,0.0,False,True
HYG,CP_REPO_OPS_HG,top_20pct,perturbation_magnitude,0.2,2.124695983788e-05,,0.0,False,True
HYG,CP_REPO_OPS_HG,top_20pct_random_gate,shuffled_perturbation_magnitude,0.2,2.124695983788e-05,,0.0,False,True
HYG,CP_REPO_OPS_HG,top_30pct,perturbation_magnitude,0.3,1.3340853186809584e-05,,0.0,False,True
HYG,CP_REPO_OPS_HG,top_30pct_random_gate,shuffled_perturbation_magnitude,0.3,1.3340853186809584e-05,,0.0,False,True
HYG,CP_REPO_OPS_HG,validation_selected,prefix_validation_perturbation_magnitude,0.05,9.481455896993016e-05,-0.1400077058877881,0.25,False,False
HYG,CP_REPO_OPS_HG,condition_cluster_entry_loose,condition_label,0.2000054467714262,,,0.0,False,False
HYG,CP_REPO_OPS_HG,condition_entry_with_recent_spike,condition_label,0.1103788229526947,,,0.0,False,False
HYG,CP_REPO_GATED_RIDGE_OPS_C,top_5pct,perturbation_magnitude,0.05,5.325252051469997e-05,,0.0,False,True
HYG,CP_REPO_GATED_RIDGE_OPS_C,top_5pct_random_gate,shuffled_perturbation_magnitude,0.05,5.325252051469997e-05,,0.0,False,True
HYG,CP_REPO_GATED_RIDGE_OPS_C,top_10pct,perturbation_magnitude,0.1,3.071714507692004e-05,,0.0,False,True
HYG,CP_REPO_GATED_RIDGE_OPS_C,top_10pct_random_gate,shuffled_perturbation_magnitude,0.1,3.071714507692004e-05,,0.0,False,True
HYG,CP_REPO_GATED_RIDGE_OPS_C,top_20pct,perturbation_magnitude,0.2,1.5160009395059994e-05,,0.0,False,True
HYG,CP_REPO_GATED_RIDGE_OPS_C,top_20pct_random_gate,shuffled_perturbation_magnitude,0.2,1.5160009395059994e-05,,0.0,False,True
HYG,CP_REPO_GATED_RIDGE_OPS_C,top_30pct,perturbation_magnitude,0.3,8.734937395479998e-06,,0.0,False,True
HYG,CP_REPO_GATED_RIDGE_OPS_C,top_30pct_random_gate,shuffled_perturbation_magnitude,0.3,8.734937395479998e-06,,0.0,False,True
HYG,CP_REPO_GATED_RIDGE_OPS_C,validation_selected,prefix_validation_perturbation_magnitude,0.05,7.714396624881948e-05,-0.1397709127324412,0.25,False,False
HYG,CP_REPO_GATED_RIDGE_OPS_C,condition_cluster_entry_loose,condition_label,0.2000054467714262,,,0.0,False,False
HYG,CP_REPO_GATED_RIDGE_OPS_C,condition_entry_with_recent_spike,condition_label,0.1103788229526947,,,0.0,False,False
HYG,CP_REPO_RECENT_SLOPE,top_5pct,perturbation_magnitude,0.05,7.124319322092791e-05,,0.0,False,True
HYG,CP_REPO_RECENT_SLOPE,top_5pct_random_gate,shuffled_perturbation_magnitude,0.05,7.124319322092791e-05,,0.0,False,True
HYG,CP_REPO_RECENT_SLOPE,top_10pct,perturbation_magnitude,0.1,6.134007506273742e-05,,0.0,False,True
HYG,CP_REPO_RECENT_SLOPE,top_10pct_random_gate,shuffled_perturbation_magnitude,0.1,6.134007506273742e-05,,0.0,False,True
HYG,CP_REPO_RECENT_SLOPE,top_20pct,perturbation_magnitude,0.2,5.046494547890606e-05,,0.0,False,True
HYG,CP_REPO_RECENT_SLOPE,top_20pct_random_gate,shuffled_perturbation_magnitude,0.2,5.046494547890606e-05,,0.0,False,True
HYG,CP_REPO_RECENT_SLOPE,top_30pct,perturbation_magnitude,0.3,4.283489056339533e-05,,0.0,False,True
HYG,CP_REPO_RECENT_SLOPE,top_30pct_random_gate,shuffled_perturbation_magnitude,0.3,4.283489056339533e-05,,0.0,False,True
HYG,CP_REPO_RECENT_SLOPE,validation_selected,prefix_validation_perturbation_magnitude,0.3,3.967816697435999e-05,0.2461410617069917,0.25,False,False
HYG,CP_REPO_RECENT_SLOPE,condition_cluster_entry_loose,condition_label,0.2000054467714262,,,0.0,False,False
HYG,CP_REPO_RECENT_SLOPE,condition_entry_with_recent_spike,condition_label,0.1103788229526947,,,0.0,False,False
HYG,CP_REPO_HAAR_SHAPE,top_5pct,perturbation_magnitude,0.05,5.8222212382869984e-05,,0.0,False,True
HYG,CP_REPO_HAAR_SHAPE,top_5pct_random_gate,shuffled_perturbation_magnitude,0.05,5.8222212382869984e-05,,0.0,False,True
HYG,CP_REPO_HAAR_SHAPE,top_10pct,perturbation_magnitude,0.1,3.646515572015999e-05,,0.0,False,True
HYG,CP_REPO_HAAR_SHAPE,top_10pct_random_gate,shuffled_perturbation_magnitude,0.1,3.646515572015999e-05,,0.0,False,True
HYG,CP_REPO_HAAR_SHAPE,top_20pct,perturbation_magnitude,0.2,1.993181402572e-05,,0.0,False,True
HYG,CP_REPO_HAAR_SHAPE,top_20pct_random_gate,shuffled_perturbation_magnitude,0.2,1.993181402572e-05,,0.0,False,True
HYG,CP_REPO_HAAR_SHAPE,top_30pct,perturbation_magnitude,0.3,1.2568911591660006e-05,,0.0,False,True
HYG,CP_REPO_HAAR_SHAPE,top_30pct_random_gate,shuffled_perturbation_magnitude,0.3,1.2568911591660006e-05,,0.0,False,True
HYG,CP_REPO_HAAR_SHAPE,validation_selected,prefix_validation_perturbation_magnitude,0.05,7.819137784108002e-05,-0.0348983319257776,0.25,False,False
HYG,CP_REPO_HAAR_SHAPE,condition_cluster_entry_loose,condition_label,0.2000054467714262,,,0.0,False,False
HYG,CP_REPO_HAAR_SHAPE,condition_entry_with_recent_spike,condition_label,0.1103788229526947,,,0.0,False,False
HYG,SHUFFLED_LAG_PM_PLACEBO_REPO,top_5pct,perturbation_magnitude,0.05,4.422882218569602e-05,,0.0,False,True
HYG,SHUFFLED_LAG_PM_PLACEBO_REPO,top_5pct_random_gate,shuffled_perturbation_magnitude,0.05,4.422882218569602e-05,,0.0,False,True
HYG,SHUFFLED_LAG_PM_PLACEBO_REPO,top_10pct,perturbation_magnitude,0.1,2.8500106911480023e-05,,0.0,False,True
HYG,SHUFFLED_LAG_PM_PLACEBO_REPO,top_10pct_random_gate,shuffled_perturbation_magnitude,0.1,2.8500106911480023e-05,,0.0,False,True
HYG,SHUFFLED_LAG_PM_PLACEBO_REPO,top_20pct,perturbation_magnitude,0.2,1.5791329643680006e-05,,0.0,False,True
HYG,SHUFFLED_LAG_PM_PLACEBO_REPO,top_20pct_random_gate,shuffled_perturbation_magnitude,0.2,1.5791329643680006e-05,,0.0,False,True
HYG,SHUFFLED_LAG_PM_PLACEBO_REPO,top_30pct,perturbation_magnitude,0.3,1.002613171814e-05,,0.0,False,True
HYG,SHUFFLED_LAG_PM_PLACEBO_REPO,top_30pct_random_gate,shuffled_perturbation_magnitude,0.3,1.002613171814e-05,,0.0,False,True
HYG,SHUFFLED_LAG_PM_PLACEBO_REPO,validation_selected,prefix_validation_perturbation_magnitude,0.3,1.5791827047220007e-05,-0.0020432339833372,0.25,False,False
HYG,SHUFFLED_LAG_PM_PLACEBO_REPO,condition_cluster_entry_loose,condition_label,0.2000054467714262,,,0.0,False,False
HYG,SHUFFLED_LAG_PM_PLACEBO_REPO,condition_entry_with_recent_spike,condition_label,0.1103788229526947,,,0.0,False,False
HYG,RANDOM_GATE_PLACEBO_REPO,top_5pct,perturbation_magnitude,0.05,4.182334936573998e-05,,0.0,False,True
HYG,RANDOM_GATE_PLACEBO_REPO,top_5pct_random_gate,shuffled_perturbation_magnitude,0.05,4.182334936573998e-05,,0.0,False,True
HYG,RANDOM_GATE_PLACEBO_REPO,top_10pct,perturbation_magnitude,0.1,2.4242553606483693e-05,,0.0,False,True
HYG,RANDOM_GATE_PLACEBO_REPO,top_10pct_random_gate,shuffled_perturbation_magnitude,0.1,2.4242553606483693e-05,,0.0,False,True
HYG,RANDOM_GATE_PLACEBO_REPO,top_20pct,perturbation_magnitude,0.2,1.19956462623e-05,,0.0,False,True
HYG,RANDOM_GATE_PLACEBO_REPO,top_20pct_random_gate,shuffled_perturbation_magnitude,0.2,1.19956462623e-05,,0.0,False,True
HYG,RANDOM_GATE_PLACEBO_REPO,top_30pct,perturbation_magnitude,0.3,7.074920071512414e-06,,0.0,False,True
HYG,RANDOM_GATE_PLACEBO_REPO,top_30pct_random_gate,shuffled_perturbation_magnitude,0.3,7.074920071512414e-06,,0.0,False,True
HYG,RANDOM_GATE_PLACEBO_REPO,validation_selected,prefix_validation_perturbation_magnitude,0.05,6.580786108021004e-05,-0.029335349040518,0.25,False,False
HYG,RANDOM_GATE_PLACEBO_REPO,condition_cluster_entry_loose,condition_label,0.2000054467714262,,,0.0,False,False
HYG,RANDOM_GATE_PLACEBO_REPO,condition_entry_with_recent_spike,condition_label,0.1103788229526947,,,0.0,False,False
QQQ,RAW_CP_REPO_PLUS_PM,top_5pct,perturbation_magnitude,0.05,0.0001796180194898,,0.0,False,True
QQQ,RAW_CP_REPO_PLUS_PM,top_5pct_random_gate,shuffled_perturbation_magnitude,0.05,0.0001796180194898,,0.0,False,True
QQQ,RAW_CP_REPO_PLUS_PM,top_10pct,perturbation_magnitude,0.1,0.0001240403685675,,0.0,False,True
QQQ,RAW_CP_REPO_PLUS_PM,top_10pct_random_gate,shuffled_perturbation_magnitude,0.1,0.0001240403685675,,0.0,False,True
QQQ,RAW_CP_REPO_PLUS_PM,top_20pct,perturbation_magnitude,0.2,8.081436755089998e-05,,0.0,False,True
QQQ,RAW_CP_REPO_PLUS_PM,top_20pct_random_gate,shuffled_perturbation_magnitude,0.2,8.081436755089998e-05,,0.0,False,True
QQQ,RAW_CP_REPO_PLUS_PM,top_30pct,perturbation_magnitude,0.3,5.836717403979996e-05,,0.0,False,True
QQQ,RAW_CP_REPO_PLUS_PM,top_30pct_random_gate,shuffled_perturbation_magnitude,0.3,5.836717403979996e-05,,0.0,False,True
QQQ,RAW_CP_REPO_PLUS_PM,validation_selected,prefix_validation_perturbation_magnitude,0.05,0.0001291143724006,-0.3681045707021609,0.25,False,False
QQQ,RAW_CP_REPO_PLUS_PM,condition_cluster_entry_loose,condition_label,0.2000054467714262,,,0.0,False,False
QQQ,RAW_CP_REPO_PLUS_PM,condition_entry_with_recent_spike,condition_label,0.122307252376154,,,0.0,False,False
QQQ,CP_REPO_OPS_HG,top_5pct,perturbation_magnitude,0.05,0.0002644653283028,,0.0,False,True
QQQ,CP_REPO_OPS_HG,top_5pct_random_gate,shuffled_perturbation_magnitude,0.05,0.0002644653283028,,0.0,False,True
QQQ,CP_REPO_OPS_HG,top_10pct,perturbation_magnitude,0.1,0.0001811914595817,,0.0,False,True
QQQ,CP_REPO_OPS_HG,top_10pct_random_gate,shuffled_perturbation_magnitude,0.1,0.0001811914595817,,0.0,False,True
QQQ,CP_REPO_OPS_HG,top_20pct,perturbation_magnitude,0.2,0.0001112375311033,,0.0,False,True
QQQ,CP_REPO_OPS_HG,top_20pct_random_gate,shuffled_perturbation_magnitude,0.2,0.0001112375311033,,0.0,False,True
QQQ,CP_REPO_OPS_HG,top_30pct,perturbation_magnitude,0.3,7.785168863460001e-05,,0.0,False,True
QQQ,CP_REPO_OPS_HG,top_30pct_random_gate,shuffled_perturbation_magnitude,0.3,7.785168863460001e-05,,0.0,False,True
QQQ,CP_REPO_OPS_HG,validation_selected,prefix_validation_perturbation_magnitude,0.3,6.643135466402e-05,-0.0168658771387121,0.25,False,False
QQQ,CP_REPO_OPS_HG,condition_cluster_entry_loose,condition_label,0.2000054467714262,,,0.0,False,False
QQQ,CP_REPO_OPS_HG,condition_entry_with_recent_spike,condition_label,0.122307252376154,,,0.0,False,False
QQQ,CP_REPO_GATED_RIDGE_OPS_C,top_5pct,perturbation_magnitude,0.05,0.0001737797550419,,0.0,False,True
QQQ,CP_REPO_GATED_RIDGE_OPS_C,top_5pct_random_gate,shuffled_perturbation_magnitude,0.05,0.0001737797550419,,0.0,False,True
QQQ,CP_REPO_GATED_RIDGE_OPS_C,top_10pct,perturbation_magnitude,0.1,0.0001164836165139,,0.0,False,True
QQQ,CP_REPO_GATED_RIDGE_OPS_C,top_10pct_random_gate,shuffled_perturbation_magnitude,0.1,0.0001164836165139,,0.0,False,True
QQQ,CP_REPO_GATED_RIDGE_OPS_C,top_20pct,perturbation_magnitude,0.2,7.152288449603999e-05,,0.0,False,True
QQQ,CP_REPO_GATED_RIDGE_OPS_C,top_20pct_random_gate,shuffled_perturbation_magnitude,0.2,7.152288449603999e-05,,0.0,False,True
QQQ,CP_REPO_GATED_RIDGE_OPS_C,top_30pct,perturbation_magnitude,0.3,4.869588864830005e-05,,0.0,False,True
QQQ,CP_REPO_GATED_RIDGE_OPS_C,top_30pct_random_gate,shuffled_perturbation_magnitude,0.3,4.869588864830005e-05,,0.0,False,True
QQQ,CP_REPO_GATED_RIDGE_OPS_C,validation_selected,prefix_validation_perturbation_magnitude,0.3,4.53489167912e-05,-0.2753161556843868,0.25,False,False
QQQ,CP_REPO_GATED_RIDGE_OPS_C,condition_cluster_entry_loose,condition_label,0.2000054467714262,,,0.0,False,False
QQQ,CP_REPO_GATED_RIDGE_OPS_C,condition_entry_with_recent_spike,condition_label,0.122307252376154,,,0.0,False,False
QQQ,CP_REPO_RECENT_SLOPE,top_5pct,perturbation_magnitude,0.05,0.0001400308129608,,0.0,False,True
QQQ,CP_REPO_RECENT_SLOPE,top_5pct_random_gate,shuffled_perturbation_magnitude,0.05,0.0001400308129608,,0.0,False,True
QQQ,CP_REPO_RECENT_SLOPE,top_10pct,perturbation_magnitude,0.1,9.774116692924008e-05,,0.0,False,True
QQQ,CP_REPO_RECENT_SLOPE,top_10pct_random_gate,shuffled_perturbation_magnitude,0.1,9.774116692924008e-05,,0.0,False,True
QQQ,CP_REPO_RECENT_SLOPE,top_20pct,perturbation_magnitude,0.2,6.442187847934004e-05,,0.0,False,True
QQQ,CP_REPO_RECENT_SLOPE,top_20pct_random_gate,shuffled_perturbation_magnitude,0.2,6.442187847934004e-05,,0.0,False,True
QQQ,CP_REPO_RECENT_SLOPE,top_30pct,perturbation_magnitude,0.3,4.7334853249860026e-05,,0.0,False,True
QQQ,CP_REPO_RECENT_SLOPE,top_30pct_random_gate,shuffled_perturbation_magnitude,0.3,4.7334853249860026e-05,,0.0,False,True
QQQ,CP_REPO_RECENT_SLOPE,validation_selected,prefix_validation_perturbation_magnitude,0.05,0.000127451956077,-0.4791797676800667,0.25,False,False
QQQ,CP_REPO_RECENT_SLOPE,condition_cluster_entry_loose,condition_label,0.2000054467714262,,,0.0,False,False
QQQ,CP_REPO_RECENT_SLOPE,condition_entry_with_recent_spike,condition_label,0.122307252376154,,,0.0,False,False
QQQ,CP_REPO_HAAR_SHAPE,top_5pct,perturbation_magnitude,0.05,0.0002280765113543,,0.0,False,True
QQQ,CP_REPO_HAAR_SHAPE,top_5pct_random_gate,shuffled_perturbation_magnitude,0.05,0.0002280765113543,,0.0,False,True
QQQ,CP_REPO_HAAR_SHAPE,top_10pct,perturbation_magnitude,0.1,0.0001533748225835,,0.0,False,True
QQQ,CP_REPO_HAAR_SHAPE,top_10pct_random_gate,shuffled_perturbation_magnitude,0.1,0.0001533748225835,,0.0,False,True
QQQ,CP_REPO_HAAR_SHAPE,top_20pct,perturbation_magnitude,0.2,9.526191669380009e-05,,0.0,False,True
QQQ,CP_REPO_HAAR_SHAPE,top_20pct_random_gate,shuffled_perturbation_magnitude,0.2,9.526191669380009e-05,,0.0,False,True
QQQ,CP_REPO_HAAR_SHAPE,top_30pct,perturbation_magnitude,0.3,6.722926130053999e-05,,0.0,False,True
QQQ,CP_REPO_HAAR_SHAPE,top_30pct_random_gate,shuffled_perturbation_magnitude,0.3,6.722926130053999e-05,,0.0,False,True
QQQ,CP_REPO_HAAR_SHAPE,validation_selected,prefix_validation_perturbation_magnitude,0.2,7.826955869316002e-05,-0.370280679973154,0.25,False,False
QQQ,CP_REPO_HAAR_SHAPE,condition_cluster_entry_loose,condition_label,0.2000054467714262,,,0.0,False,False
QQQ,CP_REPO_HAAR_SHAPE,condition_entry_with_recent_spike,condition_label,0.122307252376154,,,0.0,False,False
QQQ,SHUFFLED_LAG_PM_PLACEBO_REPO,top_5pct,perturbation_magnitude,0.05,0.0001582187814627,,0.0,False,True
QQQ,SHUFFLED_LAG_PM_PLACEBO_REPO,top_5pct_random_gate,shuffled_perturbation_magnitude,0.05,0.0001582187814627,,0.0,False,True
QQQ,SHUFFLED_LAG_PM_PLACEBO_REPO,top_10pct,perturbation_magnitude,0.1,0.0001079454971068,,0.0,False,True
QQQ,SHUFFLED_LAG_PM_PLACEBO_REPO,top_10pct_random_gate,shuffled_perturbation_magnitude,0.1,0.0001079454971068,,0.0,False,True
QQQ,SHUFFLED_LAG_PM_PLACEBO_REPO,top_20pct,perturbation_magnitude,0.2,6.735617878288006e-05,,0.0,False,True
QQQ,SHUFFLED_LAG_PM_PLACEBO_REPO,top_20pct_random_gate,shuffled_perturbation_magnitude,0.2,6.735617878288006e-05,,0.0,False,True
QQQ,SHUFFLED_LAG_PM_PLACEBO_REPO,top_30pct,perturbation_magnitude,0.3,4.664952170902e-05,,0.0,False,True
QQQ,SHUFFLED_LAG_PM_PLACEBO_REPO,top_30pct_random_gate,shuffled_perturbation_magnitude,0.3,4.664952170902e-05,,0.0,False,True
QQQ,SHUFFLED_LAG_PM_PLACEBO_REPO,validation_selected,prefix_validation_perturbation_magnitude,0.3,4.789207022005996e-05,-0.9312111798410684,0.25,False,False
QQQ,SHUFFLED_LAG_PM_PLACEBO_REPO,condition_cluster_entry_loose,condition_label,0.2000054467714262,,,0.0,False,False
QQQ,SHUFFLED_LAG_PM_PLACEBO_REPO,condition_entry_with_recent_spike,condition_label,0.122307252376154,,,0.0,False,False
QQQ,RANDOM_GATE_PLACEBO_REPO,top_5pct,perturbation_magnitude,0.05,0.000174683792288,,0.0,False,True
QQQ,RANDOM_GATE_PLACEBO_REPO,top_5pct_random_gate,shuffled_perturbation_magnitude,0.05,0.000174683792288,,0.0,False,True
QQQ,RANDOM_GATE_PLACEBO_REPO,top_10pct,perturbation_magnitude,0.1,0.0001116662310204,,0.0,False,True
QQQ,RANDOM_GATE_PLACEBO_REPO,top_10pct_random_gate,shuffled_perturbation_magnitude,0.1,0.0001116662310204,,0.0,False,True
QQQ,RANDOM_GATE_PLACEBO_REPO,top_20pct,perturbation_magnitude,0.2,6.243166936397999e-05,,0.0,False,True
QQQ,RANDOM_GATE_PLACEBO_REPO,top_20pct_random_gate,shuffled_perturbation_magnitude,0.2,6.243166936397999e-05,,0.0,False,True
QQQ,RANDOM_GATE_PLACEBO_REPO,top_30pct,perturbation_magnitude,0.3,4.157895109311998e-05,,0.0,False,True
QQQ,RANDOM_GATE_PLACEBO_REPO,top_30pct_random_gate,shuffled_perturbation_magnitude,0.3,4.157895109311998e-05,,0.0,False,True
QQQ,RANDOM_GATE_PLACEBO_REPO,validation_selected,prefix_validation_perturbation_magnitude,0.05,0.0001848118146471,-0.4786382520957719,0.25,False,False
QQQ,RANDOM_GATE_PLACEBO_REPO,condition_cluster_entry_loose,condition_label,0.2000054467714262,,,0.0,False,False
QQQ,RANDOM_GATE_PLACEBO_REPO,condition_entry_with_recent_spike,condition_label,0.122307252376154,,,0.0,False,False
SPY,RAW_CP_REPO_PLUS_PM,top_5pct,perturbation_magnitude,0.05,0.0001555630717269,,0.0,False,True
SPY,RAW_CP_REPO_PLUS_PM,top_5pct_random_gate,shuffled_perturbation_magnitude,0.05,0.0001555630717269,,0.0,False,True
SPY,RAW_CP_REPO_PLUS_PM,top_10pct,perturbation_magnitude,0.1,0.0001088199001906,,0.0,False,True
SPY,RAW_CP_REPO_PLUS_PM,top_10pct_random_gate,shuffled_perturbation_magnitude,0.1,0.0001088199001906,,0.0,False,True
SPY,RAW_CP_REPO_PLUS_PM,top_20pct,perturbation_magnitude,0.2,7.11895276226e-05,,0.0,False,True
SPY,RAW_CP_REPO_PLUS_PM,top_20pct_random_gate,shuffled_perturbation_magnitude,0.2,7.11895276226e-05,,0.0,False,True
SPY,RAW_CP_REPO_PLUS_PM,top_30pct,perturbation_magnitude,0.3,5.18248362962e-05,,0.0,False,True
SPY,RAW_CP_REPO_PLUS_PM,top_30pct_random_gate,shuffled_perturbation_magnitude,0.3,5.18248362962e-05,,0.0,False,True
SPY,RAW_CP_REPO_PLUS_PM,validation_selected,prefix_validation_perturbation_magnitude,0.05,0.000139246826142,-0.1668507289949727,0.25,False,False
SPY,RAW_CP_REPO_PLUS_PM,condition_cluster_entry_loose,condition_label,0.2000054467714262,,,0.0,False,False
SPY,RAW_CP_REPO_PLUS_PM,condition_entry_with_recent_spike,condition_label,0.1205098178054957,,,0.0,False,False
SPY,CP_REPO_OPS_HG,top_5pct,perturbation_magnitude,0.05,0.0002057821999464,,0.0,False,True
SPY,CP_REPO_OPS_HG,top_5pct_random_gate,shuffled_perturbation_magnitude,0.05,0.0002057821999464,,0.0,False,True
SPY,CP_REPO_OPS_HG,top_10pct,perturbation_magnitude,0.1,0.0001409641144992,,0.0,False,True
SPY,CP_REPO_OPS_HG,top_10pct_random_gate,shuffled_perturbation_magnitude,0.1,0.0001409641144992,,0.0,False,True
SPY,CP_REPO_OPS_HG,top_20pct,perturbation_magnitude,0.2,8.569133171713998e-05,,0.0,False,True
SPY,CP_REPO_OPS_HG,top_20pct_random_gate,shuffled_perturbation_magnitude,0.2,8.569133171713998e-05,,0.0,False,True
SPY,CP_REPO_OPS_HG,top_30pct,perturbation_magnitude,0.3,5.891058964537995e-05,,0.0,False,True
SPY,CP_REPO_OPS_HG,top_30pct_random_gate,shuffled_perturbation_magnitude,0.3,5.891058964537995e-05,,0.0,False,True
SPY,CP_REPO_OPS_HG,validation_selected,prefix_validation_perturbation_magnitude,0.05,0.0001638992997967,-0.3280424958088175,0.25,False,False
SPY,CP_REPO_OPS_HG,condition_cluster_entry_loose,condition_label,0.2000054467714262,,,0.0,False,False
SPY,CP_REPO_OPS_HG,condition_entry_with_recent_spike,condition_label,0.1205098178054957,,,0.0,False,False
SPY,CP_REPO_GATED_RIDGE_OPS_C,top_5pct,perturbation_magnitude,0.05,0.000135178480609,,0.0,False,True
SPY,CP_REPO_GATED_RIDGE_OPS_C,top_5pct_random_gate,shuffled_perturbation_magnitude,0.05,0.000135178480609,,0.0,False,True
SPY,CP_REPO_GATED_RIDGE_OPS_C,top_10pct,perturbation_magnitude,0.1,9.115025607344003e-05,,0.0,False,True
SPY,CP_REPO_GATED_RIDGE_OPS_C,top_10pct_random_gate,shuffled_perturbation_magnitude,0.1,9.115025607344003e-05,,0.0,False,True
SPY,CP_REPO_GATED_RIDGE_OPS_C,top_20pct,perturbation_magnitude,0.2,5.566191497372002e-05,,0.0,False,True
SPY,CP_REPO_GATED_RIDGE_OPS_C,top_20pct_random_gate,shuffled_perturbation_magnitude,0.2,5.566191497372002e-05,,0.0,False,True
SPY,CP_REPO_GATED_RIDGE_OPS_C,top_30pct,perturbation_magnitude,0.3,3.804169770563999e-05,,0.0,False,True
SPY,CP_REPO_GATED_RIDGE_OPS_C,top_30pct_random_gate,shuffled_perturbation_magnitude,0.3,3.804169770563999e-05,,0.0,False,True
SPY,CP_REPO_GATED_RIDGE_OPS_C,validation_selected,prefix_validation_perturbation_magnitude,0.05,0.0001141350393734,-0.4331160905159513,0.25,False,False
SPY,CP_REPO_GATED_RIDGE_OPS_C,condition_cluster_entry_loose,condition_label,0.2000054467714262,,,0.0,False,False
SPY,CP_REPO_GATED_RIDGE_OPS_C,condition_entry_with_recent_spike,condition_label,0.1205098178054957,,,0.0,False,False
SPY,CP_REPO_RECENT_SLOPE,top_5pct,perturbation_magnitude,0.05,0.0001113100777703,,0.0,False,True
SPY,CP_REPO_RECENT_SLOPE,top_5pct_random_gate,shuffled_perturbation_magnitude,0.05,0.0001113100777703,,0.0,False,True
SPY,CP_REPO_RECENT_SLOPE,top_10pct,perturbation_magnitude,0.1,7.526458484334003e-05,,0.0,False,True
SPY,CP_REPO_RECENT_SLOPE,top_10pct_random_gate,shuffled_perturbation_magnitude,0.1,7.526458484334003e-05,,0.0,False,True
SPY,CP_REPO_RECENT_SLOPE,top_20pct,perturbation_magnitude,0.2,4.830997177670009e-05,,0.0,False,True
SPY,CP_REPO_RECENT_SLOPE,top_20pct_random_gate,shuffled_perturbation_magnitude,0.2,4.830997177670009e-05,,0.0,False,True
SPY,CP_REPO_RECENT_SLOPE,top_30pct,perturbation_magnitude,0.3,3.480048239146001e-05,,0.0,False,True
SPY,CP_REPO_RECENT_SLOPE,top_30pct_random_gate,shuffled_perturbation_magnitude,0.3,3.480048239146001e-05,,0.0,False,True
SPY,CP_REPO_RECENT_SLOPE,validation_selected,prefix_validation_perturbation_magnitude,0.05,8.901088078696439e-05,-0.4399344066757754,0.25,False,False
SPY,CP_REPO_RECENT_SLOPE,condition_cluster_entry_loose,condition_label,0.2000054467714262,,,0.0,False,False
SPY,CP_REPO_RECENT_SLOPE,condition_entry_with_recent_spike,condition_label,0.1205098178054957,,,0.0,False,False
SPY,CP_REPO_HAAR_SHAPE,top_5pct,perturbation_magnitude,0.05,0.0001464550821159,,0.0,False,True
SPY,CP_REPO_HAAR_SHAPE,top_5pct_random_gate,shuffled_perturbation_magnitude,0.05,0.0001464550821159,,0.0,False,True
SPY,CP_REPO_HAAR_SHAPE,top_10pct,perturbation_magnitude,0.1,9.645142078964022e-05,,0.0,False,True
SPY,CP_REPO_HAAR_SHAPE,top_10pct_random_gate,shuffled_perturbation_magnitude,0.1,9.645142078964022e-05,,0.0,False,True
SPY,CP_REPO_HAAR_SHAPE,top_20pct,perturbation_magnitude,0.2,5.889402206333999e-05,,0.0,False,True
SPY,CP_REPO_HAAR_SHAPE,top_20pct_random_gate,shuffled_perturbation_magnitude,0.2,5.889402206333999e-05,,0.0,False,True
SPY,CP_REPO_HAAR_SHAPE,top_30pct,perturbation_magnitude,0.3,4.098132746698e-05,,0.0,False,True
SPY,CP_REPO_HAAR_SHAPE,top_30pct_random_gate,shuffled_perturbation_magnitude,0.3,4.098132746698e-05,,0.0,False,True
SPY,CP_REPO_HAAR_SHAPE,validation_selected,prefix_validation_perturbation_magnitude,0.05,0.0001060214683348,-0.309472155930225,0.25,False,False
SPY,CP_REPO_HAAR_SHAPE,condition_cluster_entry_loose,condition_label,0.2000054467714262,,,0.0,False,False
SPY,CP_REPO_HAAR_SHAPE,condition_entry_with_recent_spike,condition_label,0.1205098178054957,,,0.0,False,False
SPY,SHUFFLED_LAG_PM_PLACEBO_REPO,top_5pct,perturbation_magnitude,0.05,9.938215133544998e-05,,0.0,False,True
SPY,SHUFFLED_LAG_PM_PLACEBO_REPO,top_5pct_random_gate,shuffled_perturbation_magnitude,0.05,9.938215133544998e-05,,0.0,False,True
SPY,SHUFFLED_LAG_PM_PLACEBO_REPO,top_10pct,perturbation_magnitude,0.1,6.555290393124008e-05,,0.0,False,True
SPY,SHUFFLED_LAG_PM_PLACEBO_REPO,top_10pct_random_gate,shuffled_perturbation_magnitude,0.1,6.555290393124008e-05,,0.0,False,True
SPY,SHUFFLED_LAG_PM_PLACEBO_REPO,top_20pct,perturbation_magnitude,0.2,3.984790169918001e-05,,0.0,False,True
SPY,SHUFFLED_LAG_PM_PLACEBO_REPO,top_20pct_random_gate,shuffled_perturbation_magnitude,0.2,3.984790169918001e-05,,0.0,False,True
SPY,SHUFFLED_LAG_PM_PLACEBO_REPO,top_30pct,perturbation_magnitude,0.3,2.7642479510319987e-05,,0.0,False,True
SPY,SHUFFLED_LAG_PM_PLACEBO_REPO,top_30pct_random_gate,shuffled_perturbation_magnitude,0.3,2.7642479510319987e-05,,0.0,False,True
SPY,SHUFFLED_LAG_PM_PLACEBO_REPO,validation_selected,prefix_validation_perturbation_magnitude,0.2,3.42650381640872e-05,-0.4814824978837273,0.25,False,False
SPY,SHUFFLED_LAG_PM_PLACEBO_REPO,condition_cluster_entry_loose,condition_label,0.2000054467714262,,,0.0,False,False
SPY,SHUFFLED_LAG_PM_PLACEBO_REPO,condition_entry_with_recent_spike,condition_label,0.1205098178054957,,,0.0,False,False
SPY,RANDOM_GATE_PLACEBO_REPO,top_5pct,perturbation_magnitude,0.05,0.0001115557344849,,0.0,False,True
SPY,RANDOM_GATE_PLACEBO_REPO,top_5pct_random_gate,shuffled_perturbation_magnitude,0.05,0.0001115557344849,,0.0,False,True
SPY,RANDOM_GATE_PLACEBO_REPO,top_10pct,perturbation_magnitude,0.1,7.034380779838e-05,,0.0,False,True
SPY,RANDOM_GATE_PLACEBO_REPO,top_10pct_random_gate,shuffled_perturbation_magnitude,0.1,7.034380779838e-05,,0.0,False,True
SPY,RANDOM_GATE_PLACEBO_REPO,top_20pct,perturbation_magnitude,0.2,3.994775025455999e-05,,0.0,False,True
SPY,RANDOM_GATE_PLACEBO_REPO,top_20pct_random_gate,shuffled_perturbation_magnitude,0.2,3.994775025455999e-05,,0.0,False,True
SPY,RANDOM_GATE_PLACEBO_REPO,top_30pct,perturbation_magnitude,0.3,2.6612299326559987e-05,,0.0,False,True
SPY,RANDOM_GATE_PLACEBO_REPO,top_30pct_random_gate,shuffled_perturbation_magnitude,0.3,2.6612299326559987e-05,,0.0,False,True
SPY,RANDOM_GATE_PLACEBO_REPO,validation_selected,prefix_validation_perturbation_magnitude,0.1,6.105026916470002e-05,-0.3082724896473936,0.25,False,False
SPY,RANDOM_GATE_PLACEBO_REPO,condition_cluster_entry_loose,condition_label,0.2000054467714262,,,0.0,False,False
SPY,RANDOM_GATE_PLACEBO_REPO,condition_entry_with_recent_spike,condition_label,0.1205098178054957,,,0.0,False,False
TLT,RAW_CP_REPO_PLUS_PM,top_5pct,perturbation_magnitude,0.05,0.0001238233797517,,0.0,False,True
TLT,RAW_CP_REPO_PLUS_PM,top_5pct_random_gate,shuffled_perturbation_magnitude,0.05,0.0001238233797517,,0.0,False,True
TLT,RAW_CP_REPO_PLUS_PM,top_10pct,perturbation_magnitude,0.1,8.962802430708003e-05,,0.0,False,True
TLT,RAW_CP_REPO_PLUS_PM,top_10pct_random_gate,shuffled_perturbation_magnitude,0.1,8.962802430708003e-05,,0.0,False,True
TLT,RAW_CP_REPO_PLUS_PM,top_20pct,perturbation_magnitude,0.2,6.056788830461999e-05,,0.0,False,True
TLT,RAW_CP_REPO_PLUS_PM,top_20pct_random_gate,shuffled_perturbation_magnitude,0.2,6.056788830461999e-05,,0.0,False,True
TLT,RAW_CP_REPO_PLUS_PM,top_30pct,perturbation_magnitude,0.3,4.575239440719999e-05,,0.0,False,True
TLT,RAW_CP_REPO_PLUS_PM,top_30pct_random_gate,shuffled_perturbation_magnitude,0.3,4.575239440719999e-05,,0.0,False,True
TLT,RAW_CP_REPO_PLUS_PM,validation_selected,prefix_validation_perturbation_magnitude,0.1,9.644890525178e-05,-0.1720607685802217,0.25,False,False
TLT,RAW_CP_REPO_PLUS_PM,condition_cluster_entry_loose,condition_label,0.2000054467714262,,,0.0,False,False
TLT,RAW_CP_REPO_PLUS_PM,condition_entry_with_recent_spike,condition_label,0.1195293989487731,,,0.0,False,False
TLT,CP_REPO_OPS_HG,top_5pct,perturbation_magnitude,0.05,0.0001777045688722,,0.0,False,True
TLT,CP_REPO_OPS_HG,top_5pct_random_gate,shuffled_perturbation_magnitude,0.05,0.0001777045688722,,0.0,False,True
TLT,CP_REPO_OPS_HG,top_10pct,perturbation_magnitude,0.1,0.0001261158268363,,0.0,False,True
TLT,CP_REPO_OPS_HG,top_10pct_random_gate,shuffled_perturbation_magnitude,0.1,0.0001261158268363,,0.0,False,True
TLT,CP_REPO_OPS_HG,top_20pct,perturbation_magnitude,0.2,8.006343179120001e-05,,0.0,False,True
TLT,CP_REPO_OPS_HG,top_20pct_random_gate,shuffled_perturbation_magnitude,0.2,8.006343179120001e-05,,0.0,False,True
TLT,CP_REPO_OPS_HG,top_30pct,perturbation_magnitude,0.3,5.621503800002005e-05,,0.0,False,True
TLT,CP_REPO_OPS_HG,top_30pct_random_gate,shuffled_perturbation_magnitude,0.3,5.621503800002005e-05,,0.0,False,True
TLT,CP_REPO_OPS_HG,validation_selected,prefix_validation_perturbation_magnitude,0.3,7.14643167638e-05,-0.1284923374576064,0.25,False,False
TLT,CP_REPO_OPS_HG,condition_cluster_entry_loose,condition_label,0.2000054467714262,,,0.0,False,False
TLT,CP_REPO_OPS_HG,condition_entry_with_recent_spike,condition_label,0.1195293989487731,,,0.0,False,False
TLT,CP_REPO_GATED_RIDGE_OPS_C,top_5pct,perturbation_magnitude,0.05,0.0001086223664071,,0.0,False,True
TLT,CP_REPO_GATED_RIDGE_OPS_C,top_5pct_random_gate,shuffled_perturbation_magnitude,0.05,0.0001086223664071,,0.0,False,True
TLT,CP_REPO_GATED_RIDGE_OPS_C,top_10pct,perturbation_magnitude,0.1,7.517850256020003e-05,,0.0,False,True
TLT,CP_REPO_GATED_RIDGE_OPS_C,top_10pct_random_gate,shuffled_perturbation_magnitude,0.1,7.517850256020003e-05,,0.0,False,True
TLT,CP_REPO_GATED_RIDGE_OPS_C,top_20pct,perturbation_magnitude,0.2,4.849258965160693e-05,,0.0,False,True
TLT,CP_REPO_GATED_RIDGE_OPS_C,top_20pct_random_gate,shuffled_perturbation_magnitude,0.2,4.849258965160693e-05,,0.0,False,True
TLT,CP_REPO_GATED_RIDGE_OPS_C,top_30pct,perturbation_magnitude,0.3,3.393078819704011e-05,,0.0,False,True
TLT,CP_REPO_GATED_RIDGE_OPS_C,top_30pct_random_gate,shuffled_perturbation_magnitude,0.3,3.393078819704011e-05,,0.0,False,True
TLT,CP_REPO_GATED_RIDGE_OPS_C,validation_selected,prefix_validation_perturbation_magnitude,0.1,9.18155490908401e-05,-0.1628311268181882,0.25,False,False
TLT,CP_REPO_GATED_RIDGE_OPS_C,condition_cluster_entry_loose,condition_label,0.2000054467714262,,,0.0,False,False
TLT,CP_REPO_GATED_RIDGE_OPS_C,condition_entry_with_recent_spike,condition_label,0.1195293989487731,,,0.0,False,False
TLT,CP_REPO_RECENT_SLOPE,top_5pct,perturbation_magnitude,0.05,8.888261024715002e-05,,0.0,False,True
TLT,CP_REPO_RECENT_SLOPE,top_5pct_random_gate,shuffled_perturbation_magnitude,0.05,8.888261024715002e-05,,0.0,False,True
TLT,CP_REPO_RECENT_SLOPE,top_10pct,perturbation_magnitude,0.1,6.502716316139997e-05,,0.0,False,True
TLT,CP_REPO_RECENT_SLOPE,top_10pct_random_gate,shuffled_perturbation_magnitude,0.1,6.502716316139997e-05,,0.0,False,True
TLT,CP_REPO_RECENT_SLOPE,top_20pct,perturbation_magnitude,0.2,4.583140146886004e-05,,0.0,False,True
TLT,CP_REPO_RECENT_SLOPE,top_20pct_random_gate,shuffled_perturbation_magnitude,0.2,4.583140146886004e-05,,0.0,False,True
TLT,CP_REPO_RECENT_SLOPE,top_30pct,perturbation_magnitude,0.3,3.6026339013820004e-05,,0.0,False,True
TLT,CP_REPO_RECENT_SLOPE,top_30pct_random_gate,shuffled_perturbation_magnitude,0.3,3.6026339013820004e-05,,0.0,False,True
TLT,CP_REPO_RECENT_SLOPE,validation_selected,prefix_validation_perturbation_magnitude,0.05,9.631362166751e-05,-0.1129099888407906,0.25,False,False
TLT,CP_REPO_RECENT_SLOPE,condition_cluster_entry_loose,condition_label,0.2000054467714262,,,0.0,False,False
TLT,CP_REPO_RECENT_SLOPE,condition_entry_with_recent_spike,condition_label,0.1195293989487731,,,0.0,False,False
TLT,CP_REPO_HAAR_SHAPE,top_5pct,perturbation_magnitude,0.05,0.0001142132147647,,0.0,False,True
TLT,CP_REPO_HAAR_SHAPE,top_5pct_random_gate,shuffled_perturbation_magnitude,0.05,0.0001142132147647,,0.0,False,True
TLT,CP_REPO_HAAR_SHAPE,top_10pct,perturbation_magnitude,0.1,8.082661759498e-05,,0.0,False,True
TLT,CP_REPO_HAAR_SHAPE,top_10pct_random_gate,shuffled_perturbation_magnitude,0.1,8.082661759498e-05,,0.0,False,True
TLT,CP_REPO_HAAR_SHAPE,top_20pct,perturbation_magnitude,0.2,5.229145147462007e-05,,0.0,False,True
TLT,CP_REPO_HAAR_SHAPE,top_20pct_random_gate,shuffled_perturbation_magnitude,0.2,5.229145147462007e-05,,0.0,False,True
TLT,CP_REPO_HAAR_SHAPE,top_30pct,perturbation_magnitude,0.3,3.834971680684e-05,,0.0,False,True
TLT,CP_REPO_HAAR_SHAPE,top_30pct_random_gate,shuffled_perturbation_magnitude,0.3,3.834971680684e-05,,0.0,False,True
TLT,CP_REPO_HAAR_SHAPE,validation_selected,prefix_validation_perturbation_magnitude,0.05,0.0001378887884737,-0.3409553895646398,0.25,False,False
TLT,CP_REPO_HAAR_SHAPE,condition_cluster_entry_loose,condition_label,0.2000054467714262,,,0.0,False,False
TLT,CP_REPO_HAAR_SHAPE,condition_entry_with_recent_spike,condition_label,0.1195293989487731,,,0.0,False,False
TLT,SHUFFLED_LAG_PM_PLACEBO_REPO,top_5pct,perturbation_magnitude,0.05,9.371455023116002e-05,,0.0,False,True
TLT,SHUFFLED_LAG_PM_PLACEBO_REPO,top_5pct_random_gate,shuffled_perturbation_magnitude,0.05,9.371455023116002e-05,,0.0,False,True
TLT,SHUFFLED_LAG_PM_PLACEBO_REPO,top_10pct,perturbation_magnitude,0.1,6.575637783314009e-05,,0.0,False,True
TLT,SHUFFLED_LAG_PM_PLACEBO_REPO,top_10pct_random_gate,shuffled_perturbation_magnitude,0.1,6.575637783314009e-05,,0.0,False,True
TLT,SHUFFLED_LAG_PM_PLACEBO_REPO,top_20pct,perturbation_magnitude,0.2,4.250934672314007e-05,,0.0,False,True
TLT,SHUFFLED_LAG_PM_PLACEBO_REPO,top_20pct_random_gate,shuffled_perturbation_magnitude,0.2,4.250934672314007e-05,,0.0,False,True
TLT,SHUFFLED_LAG_PM_PLACEBO_REPO,top_30pct,perturbation_magnitude,0.3,3.12177679924e-05,,0.0,False,True
TLT,SHUFFLED_LAG_PM_PLACEBO_REPO,top_30pct_random_gate,shuffled_perturbation_magnitude,0.3,3.12177679924e-05,,0.0,False,True
TLT,SHUFFLED_LAG_PM_PLACEBO_REPO,validation_selected,prefix_validation_perturbation_magnitude,0.05,0.000111534358159,-0.0925357930621091,0.25,False,False
TLT,SHUFFLED_LAG_PM_PLACEBO_REPO,condition_cluster_entry_loose,condition_label,0.2000054467714262,,,0.0,False,False
TLT,SHUFFLED_LAG_PM_PLACEBO_REPO,condition_entry_with_recent_spike,condition_label,0.1195293989487731,,,0.0,False,False
TLT,RANDOM_GATE_PLACEBO_REPO,top_5pct,perturbation_magnitude,0.05,9.531332935806994e-05,,0.0,False,True
TLT,RANDOM_GATE_PLACEBO_REPO,top_5pct_random_gate,shuffled_perturbation_magnitude,0.05,9.531332935806994e-05,,0.0,False,True
TLT,RANDOM_GATE_PLACEBO_REPO,top_10pct,perturbation_magnitude,0.1,6.220109021652007e-05,,0.0,False,True
TLT,RANDOM_GATE_PLACEBO_REPO,top_10pct_random_gate,shuffled_perturbation_magnitude,0.1,6.220109021652007e-05,,0.0,False,True
TLT,RANDOM_GATE_PLACEBO_REPO,top_20pct,perturbation_magnitude,0.2,3.6704159482920095e-05,,0.0,False,True
TLT,RANDOM_GATE_PLACEBO_REPO,top_20pct_random_gate,shuffled_perturbation_magnitude,0.2,3.6704159482920095e-05,,0.0,False,True
TLT,RANDOM_GATE_PLACEBO_REPO,top_30pct,perturbation_magnitude,0.3,2.42237682391e-05,,0.0,False,True
TLT,RANDOM_GATE_PLACEBO_REPO,top_30pct_random_gate,shuffled_perturbation_magnitude,0.3,2.42237682391e-05,,0.0,False,True
TLT,RANDOM_GATE_PLACEBO_REPO,validation_selected,prefix_validation_perturbation_magnitude,0.05,0.000123422228824,-0.343972945905571,0.25,False,False
TLT,RANDOM_GATE_PLACEBO_REPO,condition_cluster_entry_loose,condition_label,0.2000054467714262,,,0.0,False,False
TLT,RANDOM_GATE_PLACEBO_REPO,condition_entry_with_recent_spike,condition_label,0.1195293989487731,,,0.0,False,False
