baseline,model,family,feature_count,suite,n_tickers,delta_smape_pp_mean,delta_smape_pp_se,delta_mae_mean,delta_mae_se,win_rate_pct_mean,win_rate_pct_se
CP,COMP_COPRIME_FC6,COMP_COPRIME,6.0,modulo,10,-0.5228534699045978,0.18773060256250887,-8.192704793278777e-06,1.590867932074532e-06,41.89115894944972,2.4749518645594804
CP,COMP_COPRIME_FC9,COMP_COPRIME,9.0,modulo,10,-0.5215877097562207,0.18495296573909725,-8.150494228008426e-06,1.5673860174839743e-06,41.87939537003498,2.4895398965870337
CP,COMP_NONCOPRIME_FC6,COMP_NONCOPRIME,6.0,modulo,10,-0.535072052448486,0.18588501929783785,-8.335344159607408e-06,1.5973217164212938e-06,41.8410419085382,2.4678079987757964
CP,COMP_NONCOPRIME_FC9,COMP_NONCOPRIME,9.0,modulo,10,-0.5318755835040652,0.185162876475208,-8.289598570366553e-06,1.5844121191323682e-06,41.914246686930895,2.4599274846611436
CP,CP_FC3,CP_FC,3.0,capacity,10,-0.5651422583021284,0.1841037031897743,-8.696412366980448e-06,1.6225258123758505e-06,40.79058507738216,2.239450040784582
CP,CP_FC6,CP_FC,6.0,capacity,10,-0.056734851274400644,0.04488963521801669,-2.392837241824379e-06,5.079061151231709e-07,40.792193422949424,2.3591544119892154
CP,CP_FC9,CP_FC,9.0,capacity,10,0.0048503679195862895,0.009718908113585754,-4.802357583018961e-07,1.3104666840817722e-07,41.350902685280374,2.4714318938806343
CP,CRS_FC3_S0,CRS,3.0,random,10,-0.12990257222288437,0.13748240056950706,-2.8869223351292107e-06,1.2341903064711087e-06,42.545428925542026,2.427543229356071
CP,CRS_FC3_S1,CRS,3.0,random,10,-0.6856258834459661,0.2210061515421724,-1.0180162512351179e-05,1.4458721136488196e-06,40.25864216209888,2.016034605070623
CP,CRS_FC3_S2,CRS,3.0,random,10,-0.28290070922957283,0.15227404320863194,-5.033559590841593e-06,1.2623504907919213e-06,41.997285492863234,2.3836778720206566
CP,CRS_FC6_S0,CRS,6.0,random,10,-0.06835926980176202,0.12649673131274186,-1.7747785438574166e-06,1.3248407917237408e-06,42.68338155280968,2.478939912384979
CP,CRS_FC6_S1,CRS,6.0,random,10,-0.3517611069781247,0.15019601748745398,-4.954762933965341e-06,1.2160560167541308e-06,41.59731047046664,2.236821383134531
CP,CRS_FC6_S2,CRS,6.0,random,10,-0.25070486045275314,0.145965651574428,-4.3168426806356564e-06,1.2572271580744828e-06,41.78861066958993,2.3218550105405114
CP,CRS_FC9_S0,CRS,9.0,random,10,-0.07725156714092338,0.12384778030593778,-1.823338786769367e-06,1.3391419512744485e-06,42.62296741260907,2.4913374371488226
CP,CRS_FC9_S1,CRS,9.0,random,10,-0.3704169743460627,0.1434820364411687,-5.167996308701856e-06,1.241114769492301e-06,41.50725468884044,2.2458408353415114
CP,CRS_FC9_S2,CRS,9.0,random,10,-0.1977443142615155,0.14183148408214505,-3.773982872858817e-06,1.3163657647725998e-06,42.39580786755072,2.4642970456632707
CP,EQWIN_FC3,EQWIN,3.0,capacity,10,-0.11925570285633433,0.13345056729002738,-2.535145937760679e-06,1.3120299004299776e-06,42.62757965484495,2.498517619370403
CP,EQWIN_FC6,EQWIN,6.0,capacity,10,-0.06093461921469101,0.12054876284972876,-1.6086955589723546e-06,1.333119352121758e-06,42.47332559490335,2.4327312686094724
CP,EQWIN_FC9,EQWIN,9.0,capacity,10,-0.06242166858079148,0.12154727047133773,-1.551948740377485e-06,1.393574614512905e-06,42.602592351742835,2.471244806058934
CP,EWMA,EWMA,,external,10,-12.056082487429283,1.4668322102812024,-0.0003887009958531986,5.250918515573082e-05,26.18017986182566,0.7779921354768858
CP,GARCH11,GARCH11,,external,10,-18.16633391361962,2.5240041904408588,-0.00047923281026629477,6.899454900581075e-05,21.928197444206646,0.9432940658501993
CP,HAR,HAR,0.0,core,10,-1.2902974222090375,0.37837749172319235,-1.7524929103807603e-05,2.1637345244342293e-06,38.13587890035878,1.6125824846216927
CP,HARQ,HARQ,4.0,external,10,-0.9684525548040019,0.22043607189009803,-0.0036100193346828464,0.0034756607570613518,39.13348632270565,1.931638386812007
CP,HAR_TCJ,HAR_TCJ,,external,10,-1.2218231938619948,0.41947108237089814,-1.9454056924188386e-05,5.977024768786035e-06,43.779421944482344,1.2755712339876717
CP,PM,PM,10.0,core,10,-0.5255003922248661,0.18406187179906813,-8.295540283366604e-06,1.540461127245479e-06,41.975996982383286,2.470568786624751
CP,PM_FC3,PM_FC,3.0,capacity,10,-0.5206012606453999,0.18758418874657823,-8.159927827478982e-06,1.5302193232413911e-06,41.85112333006775,2.475174233021638
CP,PM_FC6,PM_FC,6.0,capacity,10,-0.5224899623082407,0.18427582217784455,-8.19653486719624e-06,1.528146490075166e-06,41.920793094311755,2.4703077696550815
CP,PM_FC9,PM_FC,9.0,capacity,10,-0.5239388223684965,0.18404759017211375,-8.273540624855964e-06,1.5343129256605456e-06,42.00213878584295,2.472701768786995
CP,PREFIX_FC3,PREFIX,3.0,capacity,10,-0.09542305700342646,0.1300913988822474,-2.431603984149098e-06,1.2784625994549345e-06,42.66792091074896,2.5164826450231685
CP,PREFIX_FC6,PREFIX,6.0,capacity,10,-0.06066238887125071,0.1230725768904954,-1.518404023875018e-06,1.3813930777315006e-06,42.50003542200204,2.4613431472059126
CP,PREFIX_FC9,PREFIX,9.0,capacity,10,-0.06303990795577297,0.12077861485536567,-1.5699600437718327e-06,1.359591708007641e-06,42.48371611290733,2.4529782788564396
CP,RAND_FC3_S0,RAND,3.0,random,10,-0.6326194154071104,0.20370464244169464,-9.612718356052633e-06,1.644473928274578e-06,41.288866943754684,2.3228066919356727
CP,RAND_FC3_S1,RAND,3.0,random,10,-0.49718555018499855,0.1850050527832163,-7.735266143985285e-06,1.4569521354276575e-06,41.749856422880015,2.4413216063336973
CP,RAND_FC3_S2,RAND,3.0,random,10,-0.5093467814320624,0.19669320063220586,-8.036044074592082e-06,1.42926459089576e-06,41.810338608811236,2.3057815403559476
CP,RAND_FC6_S0,RAND,6.0,random,10,-0.6238285113846466,0.20004028514029568,-9.538118128958425e-06,1.6447062998829397e-06,41.43907620844071,2.3441588707722647
CP,RAND_FC6_S1,RAND,6.0,random,10,-0.4883678617196356,0.17891490701487892,-7.4972290472651476e-06,1.4244099568989516e-06,41.77085947989361,2.437228566551057
CP,RAND_FC6_S2,RAND,6.0,random,10,-0.38473402616847585,0.16968730990338557,-6.24850213251405e-06,1.323052849317501e-06,41.99427928955966,2.350023983288015
CP,RAND_FC9_S0,RAND,9.0,random,10,-0.5899392493728729,0.19065747085446785,-9.183470563778488e-06,1.681818147658852e-06,41.58057422971425,2.37174395389822
CP,RAND_FC9_S1,RAND,9.0,random,10,-0.43271552604495733,0.17070748698753302,-6.8563116308832546e-06,1.368099273821104e-06,42.1058352228142,2.482246218489115
CP,RAND_FC9_S2,RAND,9.0,random,10,-0.3418165826233689,0.1632893403200291,-5.675253076144827e-06,1.2955276601860375e-06,42.135294056028066,2.3778753507210793
CP,SHIFTWIN_FC6_O1,SHIFTWIN,6.0,contiguous,10,-0.21460505473228947,0.14261879144746736,-4.036583051031367e-06,1.2756785698437145e-06,42.380816640485534,2.461728989191991
CP,SHIFTWIN_FC6_O3,SHIFTWIN,6.0,contiguous,10,-0.06289364227105944,0.1252047496403189,-1.5848984052355619e-06,1.3515009592307708e-06,42.45695842313373,2.4516101001267705
CP,SHIFTWIN_FC6_O5,SHIFTWIN,6.0,contiguous,10,-0.20109119806013093,0.13747720723355517,-3.657276777900959e-06,1.2745938912073276e-06,42.408832636581835,2.4942552555093847
CP,SHIFTWIN_FC9_O1,SHIFTWIN,9.0,contiguous,10,-0.20481620894777947,0.13193657045660326,-3.5563763276434725e-06,1.2704085635865093e-06,42.27874123557369,2.44564667477706
CP,SHIFTWIN_FC9_O3,SHIFTWIN,9.0,contiguous,10,-0.19457356403437973,0.1327939486279526,-3.468287357481104e-06,1.2820551555561799e-06,42.368806820398355,2.456206307115315
CP,SHIFTWIN_FC9_O5,SHIFTWIN,9.0,contiguous,10,-0.19961085851512894,0.1326181899054016,-3.520886548031476e-06,1.292414906549504e-06,42.329145459927744,2.4614872728674246
HAR,COMP_COPRIME_FC6,COMP_COPRIME,6.0,modulo,10,0.7674439523044394,0.206014141209439,9.332224310528822e-06,1.290864065399651e-06,43.867246223283225,3.060472075469962
HAR,COMP_COPRIME_FC9,COMP_COPRIME,9.0,modulo,10,0.7687097124528166,0.21036488850530718,9.374434875799175e-06,1.3349388217749013e-06,43.910431641386566,3.064904555140032
HAR,COMP_NONCOPRIME_FC6,COMP_NONCOPRIME,6.0,modulo,10,0.7552253697605511,0.20676586364910618,9.189584944200193e-06,1.276048562078628e-06,43.80331206206101,3.0335760620757206
HAR,COMP_NONCOPRIME_FC9,COMP_NONCOPRIME,9.0,modulo,10,0.7584218387049722,0.2083459833219916,9.23533053344105e-06,1.2922789373312113e-06,43.982281811448004,3.0564967639591916
HAR,CP,CP,10.0,core,10,1.2902974222090375,0.37837749172319235,1.7524929103807603e-05,2.1637345244342293e-06,45.266547225511744,3.4721788478554756
HAR,CP_FC3,CP_FC,3.0,capacity,10,0.7251551639069087,0.19900495862886997,8.828516736827156e-06,1.1323160057638828e-06,44.82295487501317,3.2693968359473904
HAR,CP_FC6,CP_FC,6.0,capacity,10,1.2335625709346367,0.3502600008248228,1.5132091861983224e-05,1.7717111217864823e-06,45.44733234834452,3.4757283131106385
HAR,CP_FC9,CP_FC,9.0,capacity,10,1.2951477901286235,0.37772547488042496,1.704469334550571e-05,2.0697036140942274e-06,45.26080989251375,3.473687754787371
HAR,CRS_FC3_S0,CRS,3.0,random,10,1.1603948499861532,0.2636087387859948,1.4638006768678392e-05,2.2274567613812263e-06,46.248611628484674,3.4217140010158986
HAR,CRS_FC3_S1,CRS,3.0,random,10,0.6046715387630711,0.16736656367368505,7.344766591456423e-06,1.1220508307852438e-06,44.69631371192674,3.2230272294289555
HAR,CRS_FC3_S2,CRS,3.0,random,10,1.0073967129794643,0.2422093463985847,1.249136951296601e-05,1.8384667491227626e-06,45.48026564654002,3.3531470730162156
HAR,CRS_FC6_S0,CRS,6.0,random,10,1.2219381524072754,0.28262635510511386,1.5750150559950185e-05,2.4272496037236184e-06,45.71123239606251,3.3340205543945562
HAR,CRS_FC6_S1,CRS,6.0,random,10,0.9385363152309125,0.24286571576173438,1.257016616984226e-05,1.927748113393923e-06,45.45025262949674,3.2880578404523457
HAR,CRS_FC6_S2,CRS,6.0,random,10,1.0395925617562842,0.2510249449772028,1.3208086423171946e-05,2.004700880706238e-06,45.562361016604484,3.338135636377587
HAR,CRS_FC9_S0,CRS,9.0,random,10,1.213045855068114,0.2848972635117037,1.5701590317038237e-05,2.435568751252209e-06,45.75475228362459,3.350088882433779
HAR,CRS_FC9_S1,CRS,9.0,random,10,0.9198804478629746,0.24497639188018086,1.2356932795105748e-05,1.8684304072129166e-06,45.3147174221792,3.281430924679272
HAR,CRS_FC9_S2,CRS,9.0,random,10,1.0925531079475217,0.25881442942920585,1.3750946230948785e-05,2.0489228522319844e-06,45.38596496907756,3.2952867654435556
HAR,EQWIN_FC3,EQWIN,3.0,capacity,10,1.171041719352703,0.2687230270971433,1.4989783166046925e-05,2.244203554915957e-06,45.65430021740707,3.315121436047506
HAR,EQWIN_FC6,EQWIN,6.0,capacity,10,1.2293628029943462,0.28566266484568975,1.591623354483525e-05,2.4335155842361577e-06,45.757570488787835,3.3454102660738347
HAR,EQWIN_FC9,EQWIN,9.0,capacity,10,1.2278757536282456,0.29115499007697226,1.5972980363430114e-05,2.5187859434593717e-06,45.78064207982446,3.350821673505582
HAR,EWMA,EWMA,,external,10,-10.765785065220246,1.2236889134141582,-0.0003711760667493909,5.146213996305369e-05,28.19665049504382,0.9810363159829127
HAR,GARCH11,GARCH11,,external,10,-16.876036491410588,2.315403722991976,-0.00046170788116248716,6.81939866227094e-05,22.0612529524308,0.9160192989197419
HAR,HARQ,HARQ,4.0,external,10,0.3489397224241131,0.18587839203900133,-0.0035923453528741746,0.0034764172372200954,44.823211118907395,3.559476824356278
HAR,HAR_TCJ,HAR_TCJ,,external,10,0.11526757248202897,0.5916002480558232,-9.914660603123899e-06,7.812510272191541e-06,47.47879172255001,2.3976223952040137
HAR,PM,PM,10.0,core,10,0.7647970299841713,0.20997776830887263,9.229388820440997e-06,1.3195484464569434e-06,43.986620710050936,3.066021679587415
HAR,PM_FC3,PM_FC,3.0,capacity,10,0.7696961615636374,0.20606206105418082,9.36500127632862e-06,1.3040605243111003e-06,43.775288569401155,3.040093975432136
HAR,PM_FC6,PM_FC,6.0,capacity,10,0.7678074599007966,0.2095697323392787,9.328394236611361e-06,1.3159614737032558e-06,43.87075932440003,3.056252785856441
HAR,PM_FC9,PM_FC,9.0,capacity,10,0.7663585998405407,0.2100960051022686,9.251388478951637e-06,1.3214378840424962e-06,43.977941182868854,3.0735048452043974
HAR,PREFIX_FC3,PREFIX,3.0,capacity,10,1.1948743652056106,0.2780890063366131,1.5093325119658506e-05,2.378611515467594e-06,45.70734388271687,3.337791252389797
HAR,PREFIX_FC6,PREFIX,6.0,capacity,10,1.2296350333377866,0.2933732399351741,1.6006525079932583e-05,2.5900969869378313e-06,45.88346831658706,3.3560238317158686
HAR,PREFIX_FC9,PREFIX,9.0,capacity,10,1.2272575142532642,0.29252833346428975,1.5954969060035768e-05,2.5562317165821116e-06,45.90985117079056,3.356557595275036
HAR,RAND_FC3_S0,RAND,3.0,random,10,0.657678006801927,0.18549453417047226,7.91221074775497e-06,1.1560801036567285e-06,43.748262725923226,3.027936768355414
HAR,RAND_FC3_S1,RAND,3.0,random,10,0.793111872024039,0.21199141239762848,9.78966295982232e-06,1.4011593784028468e-06,44.17226430839899,3.1021457695562424
HAR,RAND_FC3_S2,RAND,3.0,random,10,0.7809506407769748,0.19682861648387837,9.48888502921552e-06,1.3296304294938605e-06,44.47816297358062,3.0763357643131886
HAR,RAND_FC6_S0,RAND,6.0,random,10,0.6664689108243906,0.18984808168235873,7.986810974849177e-06,1.1655022504783617e-06,44.01380283543883,3.0781228200383706
HAR,RAND_FC6_S1,RAND,6.0,random,10,0.8019295604894019,0.21679572071098813,1.0027700056542453e-05,1.43488259092916e-06,44.2308204024075,3.1312006302859148
HAR,RAND_FC6_S2,RAND,6.0,random,10,0.9055633960405615,0.22873980278849132,1.1276426971293552e-05,1.6231143784894722e-06,45.010978403100566,3.175785708981894
HAR,RAND_FC9_S0,RAND,9.0,random,10,0.7003581728361644,0.19687609180022028,8.341458540029115e-06,1.1314079457083446e-06,44.107139317318996,3.0959351585962933
HAR,RAND_FC9_S1,RAND,9.0,random,10,0.8575818961640801,0.22910107313768827,1.0668617472924344e-05,1.5818246533575682e-06,44.516645614026864,3.1206530302223072
HAR,RAND_FC9_S2,RAND,9.0,random,10,0.9484808395856683,0.2364875458162473,1.1849676027662775e-05,1.7400929018784615e-06,45.25664977290443,3.2338474058994375
HAR,SHIFTWIN_FC6_O1,SHIFTWIN,6.0,contiguous,10,1.075692367476748,0.25352796699075414,1.3488346052776233e-05,1.9619363816037024e-06,45.27899302178095,3.259173769798916
HAR,SHIFTWIN_FC6_O3,SHIFTWIN,6.0,contiguous,10,1.227403779937978,0.28346052807090893,1.594003069857204e-05,2.4545534971366878e-06,45.81660349435541,3.3783619023068767
HAR,SHIFTWIN_FC6_O5,SHIFTWIN,6.0,contiguous,10,1.0892062241489064,0.2618221632645302,1.3867652325906643e-05,2.052147003397739e-06,45.121192414515974,3.2521779884525843
HAR,SHIFTWIN_FC9_O1,SHIFTWIN,9.0,contiguous,10,1.0854812132612577,0.26489624622398156,1.3968552776164132e-05,2.0299784930681746e-06,45.33774807044572,3.2715823150149514
HAR,SHIFTWIN_FC9_O3,SHIFTWIN,9.0,contiguous,10,1.0957238581746576,0.26461025771160324,1.4056641746326497e-05,2.0617601905013754e-06,45.40359563709849,3.2712858547776476
HAR,SHIFTWIN_FC9_O5,SHIFTWIN,9.0,contiguous,10,1.0906865636939085,0.26385778651923153,1.4004042555776123e-05,2.0444667404697756e-06,45.33673600479546,3.293828771624458
PM,COMP_COPRIME_FC6,COMP_COPRIME,6.0,modulo,10,0.0026469223202681942,0.005568271910264513,1.0283549008782675e-07,8.555412391288155e-08,41.52725201605678,2.6122752637459894
PM,COMP_COPRIME_FC9,COMP_COPRIME,9.0,modulo,10,0.003912682468645361,0.005039541809668775,1.450460553581776e-07,8.55246480707537e-08,41.37224482502257,2.4910817191057273
PM,COMP_NONCOPRIME_FC6,COMP_NONCOPRIME,6.0,modulo,10,-0.009571660223620014,0.005023137683895595,-3.980387624080347e-08,9.399459417857319e-08,41.08822864360293,2.496211924426337
PM,COMP_NONCOPRIME_FC9,COMP_NONCOPRIME,9.0,modulo,10,-0.006375191279199098,0.0034913885247737837,5.941713000052127e-09,8.083803800074721e-08,41.317756592619,2.4357710659153557
PM,CP,CP,10.0,core,10,0.5255003922248661,0.18406187179906813,8.295540283366604e-06,1.540461127245479e-06,41.253387031873494,2.5512368884910708
PM,CP_FC3,CP_FC,3.0,capacity,10,-0.039641866077262354,0.03565054267677398,-4.008720836138412e-07,4.5187423553879553e-07,40.455178555601215,2.168270489511013
PM,CP_FC6,CP_FC,6.0,capacity,10,0.46876554095046546,0.15963571661204187,5.902703041542226e-06,1.144570435217073e-06,41.63160701208829,2.62908612257249
PM,CP_FC9,CP_FC,9.0,capacity,10,0.5303507601444523,0.18444332751234774,7.815304525064708e-06,1.4531914038802186e-06,41.27490563658133,2.5714432488955246
PM,CRS_FC3_S0,CRS,3.0,random,10,0.39559782000198174,0.06283543040625372,5.408617948237395e-06,1.1391786919701775e-06,42.99257762656245,2.50476509712067
PM,CRS_FC3_S1,CRS,3.0,random,10,-0.16012549122110004,0.050124181903382255,-1.884622228984574e-06,3.316123473621421e-07,39.534379470692386,1.9505073363054752
PM,CRS_FC3_S2,CRS,3.0,random,10,0.24259968299529316,0.04573272962826783,3.2619806925250115e-06,7.066869464288759e-07,42.2746347304405,2.4084553462599048
PM,CRS_FC6_S0,CRS,6.0,random,10,0.457141122423104,0.08055497011644124,6.520761739509188e-06,1.3318401331693963e-06,43.10716802679157,2.526213675085477
PM,CRS_FC6_S1,CRS,6.0,random,10,0.17373928524674132,0.04740262037387372,3.3407773494012642e-06,8.466459103088776e-07,41.53390510530342,2.1928748811738332
PM,CRS_FC6_S2,CRS,6.0,random,10,0.27479553177211286,0.05472915724132098,3.978697602730949e-06,9.074804492358408e-07,42.02145505691535,2.3345351200899613
PM,CRS_FC9_S0,CRS,9.0,random,10,0.44824882508394265,0.08256239029070363,6.472201496597237e-06,1.3337094692017778e-06,42.989396695662506,2.541987543604618
PM,CRS_FC9_S1,CRS,9.0,random,10,0.15508341787880336,0.05499194438778238,3.127543974664749e-06,7.746546238834199e-07,41.3085240275319,2.197501707806573
PM,CRS_FC9_S2,CRS,9.0,random,10,0.3277560779633505,0.058740612542632464,4.521557410507788e-06,9.12869594476514e-07,43.1414178738419,2.5969115590601937
PM,EQWIN_FC3,EQWIN,3.0,capacity,10,0.40624468936853175,0.0675462647831755,5.760394345605928e-06,1.1363815405913253e-06,42.9135824699613,2.4835718322909535
PM,EQWIN_FC6,EQWIN,6.0,capacity,10,0.464565773010175,0.0853261305972447,6.686844724394251e-06,1.3411332553749578e-06,42.984183560239764,2.500632181637717
PM,EQWIN_FC9,EQWIN,9.0,capacity,10,0.4630787236440746,0.09018616134973222,6.743591542989121e-06,1.4194363470948674e-06,42.973908950641295,2.545253499113452
PM,EWMA,EWMA,,external,10,-11.530582095204418,1.3405747563788024,-0.0003804054555698319,5.1431431356569126e-05,26.36111087931812,0.7364838955245542
PM,GARCH11,GARCH11,,external,10,-17.640833521394757,2.4151778244450033,-0.0004709372699829282,6.814374228504083e-05,21.95211443912638,0.9564150037766952
PM,HAR,HAR,0.0,core,10,-0.7647970299841713,0.20997776830887263,-9.229388820440997e-06,1.3195484464569434e-06,39.47427616433548,1.8464997188354653
PM,HARQ,HARQ,4.0,external,10,-0.424701903415595,0.10762056119224694,-0.00360157508286673,0.003476232878653858,40.751833119957936,2.2950561595959833
PM,HAR_TCJ,HAR_TCJ,,external,10,-0.7593553773691792,0.47588445581960326,-1.5262204672422975e-05,6.7935162733309835e-06,43.61638249539032,1.7449919142306163
PM,PM_FC3,PM_FC,3.0,capacity,10,0.004899131579466123,0.0051205203731025245,1.356124558876226e-07,2.9476997547748985e-08,41.412022093898685,2.510547750995553
PM,PM_FC6,PM_FC,6.0,capacity,10,0.0030104299166252746,0.0024261285853746342,9.9005416170366e-08,2.1042575371727515e-08,41.61860243350592,2.5338818522972604
PM,PM_FC9,PM_FC,9.0,capacity,10,0.0015615698563694988,0.0004896945202031898,2.199965851064139e-08,1.2039810923217082e-08,38.06240309236115,6.319929159756702
PM,PREFIX_FC3,PREFIX,3.0,capacity,10,0.4300773352214396,0.07578895867489596,5.8639362992175066e-06,1.2543271279627006e-06,43.005777130583,2.539872694212454
PM,PREFIX_FC6,PREFIX,6.0,capacity,10,0.46483800335361536,0.09022122793231202,6.777136259491587e-06,1.4858452892466438e-06,42.85562956838151,2.4855801464776333
PM,PREFIX_FC9,PREFIX,9.0,capacity,10,0.4624604842690931,0.0898944764689988,6.7255802395947734e-06,1.4555695182706275e-06,42.94542296289072,2.5007259816745417
PM,RAND_FC3_S0,RAND,3.0,random,10,-0.1071190231822444,0.026695145112054876,-1.3171780726860284e-06,2.311457149732473e-07,39.06897324403503,1.9050110072051527
PM,RAND_FC3_S1,RAND,3.0,random,10,0.028314842039867626,0.008695907780845877,5.602741393813214e-07,1.5942706174687723e-07,40.72382463777443,2.20536355862945
PM,RAND_FC3_S2,RAND,3.0,random,10,0.016153610792803603,0.01566730787682883,2.59496208774524e-07,1.6530631389509522e-07,40.380979587979006,1.9238248219273462
PM,RAND_FC6_S0,RAND,6.0,random,10,-0.09832811915978065,0.022897391679659724,-1.2425778455918202e-06,2.1473918308909485e-07,39.29893658518133,1.9286357901065374
PM,RAND_FC6_S1,RAND,6.0,random,10,0.037132530505230535,0.012393675782847903,7.983112361014567e-07,2.2308919330015217e-07,40.71766805909074,2.1937128437311215
PM,RAND_FC6_S2,RAND,6.0,random,10,0.1407663660563902,0.022476975958513612,2.047038150852555e-06,4.5481641349704635e-07,41.71270935363377,2.2923909787022105
PM,RAND_FC9_S0,RAND,9.0,random,10,-0.06443885714800679,0.019725784513672347,-8.879302804118829e-07,2.5011332185929755e-07,39.998302494120814,2.078530319310636
PM,RAND_FC9_S1,RAND,9.0,random,10,0.09278486617990875,0.023251298003319834,1.4392286524833495e-06,3.7702226946421344e-07,41.76842532944714,2.4012804548558733
PM,RAND_FC9_S2,RAND,9.0,random,10,0.18368380960149713,0.031547492443410145,2.6202872072217782e-06,5.8713622806259e-07,42.067836406438786,2.304523507130274
PM,SHIFTWIN_FC6_O1,SHIFTWIN,6.0,contiguous,10,0.3108953374925766,0.053530901656762164,4.258957232335238e-06,8.212339515977767e-07,43.03312534107932,2.586636816700683
PM,SHIFTWIN_FC6_O3,SHIFTWIN,6.0,contiguous,10,0.4626067499538066,0.08311262867326126,6.710641878131043e-06,1.3555744532552788e-06,42.97742551171049,2.531456481189283
PM,SHIFTWIN_FC6_O5,SHIFTWIN,6.0,contiguous,10,0.3244091941647351,0.05938913932549025,4.638263505465647e-06,9.11243421725868e-07,42.72177133641363,2.530993112635176
PM,SHIFTWIN_FC9_O1,SHIFTWIN,9.0,contiguous,10,0.3206841832770866,0.06607261183549713,4.739163955723133e-06,8.981921139339491e-07,42.80281312139899,2.511306612977332
PM,SHIFTWIN_FC9_O3,SHIFTWIN,9.0,contiguous,10,0.33092682819048636,0.06620259769917387,4.8272529258855015e-06,9.239164390708836e-07,42.78185619708412,2.4997809467372987
PM,SHIFTWIN_FC9_O5,SHIFTWIN,9.0,contiguous,10,0.3258895337097371,0.06472822982219904,4.774653735335129e-06,9.050317335025167e-07,42.82656864448016,2.5209526877057575
