model_name,condition,n_obs,mean_advantage_vs_CP,standard_error,ci_low_approx,ci_high_approx,p_value_mean_advantage_gt_0,asset_sign_count,number_of_assets_positive,number_of_assets,inference_method,fdr_adjusted_p_value
CP_REPO_FRESH,all_observations,367248,0.0,0.0,0.0,0.0,,0,0,10,normal_approx_row_se,
CP_REPO_FRESH,cluster_entry_loose,73457,0.0,0.0,0.0,0.0,,0,0,10,normal_approx_row_se,
CP_REPO_FRESH,cluster_entry_strict,73266,0.0,0.0,0.0,0.0,,0,0,10,normal_approx_row_se,
CP_REPO_FRESH,cluster_exit_loose,73455,0.0,0.0,0.0,0.0,,0,0,10,normal_approx_row_se,
CP_REPO_FRESH,cluster_exit_strict,73334,0.0,0.0,0.0,0.0,,0,0,10,normal_approx_row_se,
CP_REPO_FRESH,inflection_points,144886,0.0,0.0,0.0,0.0,,0,0,10,normal_approx_row_se,
CP_REPO_FRESH,high_within_block_dispersion,68970,0.0,0.0,0.0,0.0,,0,0,10,normal_approx_row_se,
CP_REPO_FRESH,recent_spike_position,125358,0.0,0.0,0.0,0.0,,0,0,10,normal_approx_row_se,
CP_REPO_FRESH,older_spike_position,108871,0.0,0.0,0.0,0.0,,0,0,10,normal_approx_row_se,
CP_REPO_FRESH,same_average_different_path,7396,0.0,0.0,0.0,0.0,,0,0,10,normal_approx_row_se,
CP_REPO_FRESH,recent_ramp_high_dispersion,24273,0.0,0.0,0.0,0.0,,0,0,10,normal_approx_row_se,
CP_REPO_FRESH,entry_with_recent_spike,43747,0.0,0.0,0.0,0.0,,0,0,10,normal_approx_row_se,
CP_REPO_FRESH,entry_without_recent_spike,29710,0.0,0.0,0.0,0.0,,0,0,10,normal_approx_row_se,
CP_REPO_FRESH,same_average_recent_front_loaded,14331,0.0,0.0,0.0,0.0,,0,0,10,normal_approx_row_se,
CP_REPO_FRESH,same_average_back_loaded,15559,0.0,0.0,0.0,0.0,,0,0,10,normal_approx_row_se,
CP_REPO_FRESH,stable_low_dispersion,68968,0.0,0.0,0.0,0.0,,0,0,10,normal_approx_row_se,
HAR_RV,all_observations,367248,-1.2877565698955769,0.02762316893604978,-1.3418979810102345,-1.2336151587809192,1.0,-8,1,10,normal_approx_row_se,1.0
HAR_RV,cluster_entry_loose,73457,0.6012872845619954,0.06385415659420388,0.4761331376373559,0.726441431486635,2.3302696889125833e-21,8,9,10,normal_approx_row_se,3.521296418801237e-20
HAR_RV,cluster_entry_strict,73266,0.6065254564511564,0.06389419722969641,0.48129282988095146,0.7317580830213614,1.1261362622307897e-21,8,9,10,normal_approx_row_se,1.8018180195692635e-20
HAR_RV,cluster_exit_loose,73455,-1.3306882970697897,0.06620729400997549,-1.4604545933293418,-1.2009220008102377,1.0,-10,0,10,normal_approx_row_se,1.0
HAR_RV,cluster_exit_strict,73334,-1.330403066942138,0.06624988720510536,-1.4602528458641446,-1.2005532880201315,1.0,-10,0,10,normal_approx_row_se,1.0
HAR_RV,inflection_points,144886,-0.540036301059453,0.045490615948256444,-0.6291979083180357,-0.45087469380087036,1.0,-8,1,10,normal_approx_row_se,1.0
HAR_RV,high_within_block_dispersion,68970,-1.0311917148748653,0.07476686301015066,-1.1777347663747606,-0.88464866337497,1.0,-4,3,10,normal_approx_row_se,1.0
HAR_RV,recent_spike_position,125358,-0.4667953341864204,0.044406263967783695,-0.5538316115632764,-0.37975905680956434,1.0,-2,4,10,normal_approx_row_se,1.0
HAR_RV,older_spike_position,108871,-1.7738165992814876,0.051526880055700885,-1.8748092841906614,-1.6728239143723138,1.0,-8,1,10,normal_approx_row_se,1.0
HAR_RV,same_average_different_path,7396,-0.7594169416657809,0.1398933044088525,-1.0336078183071318,-0.48522606502443,0.9999999715921611,-6,2,10,normal_approx_row_se,1.0
HAR_RV,recent_ramp_high_dispersion,24273,2.8482953947730247,0.12133981898177752,2.6104693495687408,3.0861214399773087,3.785916319777293e-122,10,10,10,normal_approx_row_se,1.0297692389794236e-119
HAR_RV,entry_with_recent_spike,43747,1.3588599986465382,0.08254342541146358,1.1970748848400696,1.5206451124530067,3.4187940371436685e-61,8,9,10,normal_approx_row_se,4.6495598905153895e-59
HAR_RV,entry_without_recent_spike,29710,-0.5142136754870282,0.10041254406471382,-0.7110222618538673,-0.31740508912018917,0.9999998480485024,-10,0,10,normal_approx_row_se,1.0
HAR_RV,same_average_recent_front_loaded,14331,0.3172811407227515,0.10441338702612113,0.11263090215155408,0.5219313792939488,0.0011879998070630593,8,9,10,normal_approx_row_se,0.005385599125352536
HAR_RV,same_average_back_loaded,15559,-0.6876452252283419,0.09614072617639222,-0.8760810485340706,-0.4992094019226132,0.9999999999995739,-8,1,10,normal_approx_row_se,1.0
HAR_RV,stable_low_dispersion,68968,-1.1529842032757207,0.06463716463897684,-1.2796730459681154,-1.026295360583326,1.0,-10,0,10,normal_approx_row_se,1.0
RAW_PM,all_observations,367248,-1.0239487396732967,0.028381662081715515,-1.0795767973534591,-0.9683206819931343,1.0,-8,1,10,normal_approx_row_se,1.0
RAW_PM,cluster_entry_loose,73457,-0.4779180266861214,0.07764771146309568,-0.6301075411537889,-0.32572851221845384,0.9999999996245016,-4,3,10,normal_approx_row_se,1.0
RAW_PM,cluster_entry_strict,73266,-0.4781770682780395,0.07775841273376555,-0.63058355723622,-0.3257705793198591,0.999999999611416,-4,3,10,normal_approx_row_se,1.0
RAW_PM,cluster_exit_loose,73455,-2.0953880698013,0.06597813070326292,-2.2247052059796952,-1.9660709336229047,1.0,-6,2,10,normal_approx_row_se,1.0
RAW_PM,cluster_exit_strict,73334,-2.0958418156332663,0.06601705703232193,-2.2252352474166175,-1.9664483838499154,1.0,-6,2,10,normal_approx_row_se,1.0
RAW_PM,inflection_points,144886,-0.8916654323241859,0.046902072106830395,-0.9835934936535735,-0.7997373709947984,1.0,-8,1,10,normal_approx_row_se,1.0
RAW_PM,high_within_block_dispersion,68970,-2.720769229990614,0.08464755652224805,-2.88667844077422,-2.5548600192070077,1.0,-6,2,10,normal_approx_row_se,1.0
RAW_PM,recent_spike_position,125358,-0.3045302412677921,0.050669034165462305,-0.4038415482320982,-0.20521893430348598,0.9999999990734382,-8,1,10,normal_approx_row_se,1.0
RAW_PM,older_spike_position,108871,-1.4463121748028303,0.04987234309884864,-1.5440619672765736,-1.3485623823290869,1.0,-4,3,10,normal_approx_row_se,1.0
RAW_PM,same_average_different_path,7396,-2.799444797025364,0.18560118119127095,-3.163223112160255,-2.435666481890473,1.0,-10,0,10,normal_approx_row_se,1.0
RAW_PM,recent_ramp_high_dispersion,24273,0.7518174525548279,0.1544389702614042,0.44911707084247565,1.0545178342671802,5.63508892863291e-07,4,7,10,normal_approx_row_se,3.649390925209884e-06
RAW_PM,entry_with_recent_spike,43747,0.03416057586212555,0.10998555265117718,-0.1814111073341817,0.24973225905843283,0.37805560153680007,0,5,10,normal_approx_row_se,1.0
RAW_PM,entry_without_recent_spike,29710,-1.2319369639354703,0.10294341396100078,-1.4337060552990317,-1.0301678725719088,1.0,-10,0,10,normal_approx_row_se,1.0
RAW_PM,same_average_recent_front_loaded,14331,-0.8285950124311802,0.13997206731003997,-1.1029402643588586,-0.5542497605035018,0.9999999983875187,-6,2,10,normal_approx_row_se,1.0
RAW_PM,same_average_back_loaded,15559,-1.4833236508125334,0.10258867069459994,-1.6843974453739492,-1.2822498562511175,1.0,-6,2,10,normal_approx_row_se,1.0
RAW_PM,stable_low_dispersion,68968,-0.105876146988889,0.06075473828589489,-0.22495543402924298,0.013203140051464973,0.9593053510494891,0,5,10,normal_approx_row_se,1.0
RAW_CP_REPO_PLUS_PM,all_observations,367248,-0.2153689458748055,0.01726860336163765,-0.2492154084636153,-0.1815224832859957,1.0,-6,2,10,normal_approx_row_se,1.0
RAW_CP_REPO_PLUS_PM,cluster_entry_loose,73457,0.24631458053243022,0.036728378417352825,0.17432695883441868,0.31830220223044176,9.975368742190235e-12,8,9,10,normal_approx_row_se,1.0853201191502976e-10
RAW_CP_REPO_PLUS_PM,cluster_entry_strict,73266,0.24435794654379644,0.0367079030336569,0.17241045659782894,0.31630543648976395,1.399066348613351e-11,8,9,10,normal_approx_row_se,1.463638641626275e-10
RAW_CP_REPO_PLUS_PM,cluster_exit_loose,73455,-0.797803868635283,0.041954066838921895,-0.8800338396395699,-0.715573897630996,1.0,-10,0,10,normal_approx_row_se,1.0
RAW_CP_REPO_PLUS_PM,cluster_exit_strict,73334,-0.8017753299076622,0.04198215108040239,-0.8840603460252509,-0.7194903137900736,1.0,-10,0,10,normal_approx_row_se,1.0
RAW_CP_REPO_PLUS_PM,inflection_points,144886,-0.2924819333279346,0.027172789162773773,-0.34574060008697116,-0.239223266568898,1.0,-10,0,10,normal_approx_row_se,1.0
RAW_CP_REPO_PLUS_PM,high_within_block_dispersion,68970,0.0414686128320981,0.05010738093167071,-0.05674185379397649,0.1396790794581727,0.2039499791984111,2,6,10,normal_approx_row_se,0.7599232101639427
RAW_CP_REPO_PLUS_PM,recent_spike_position,125358,0.22330280473936606,0.026961985801286774,0.170457312568844,0.2761482969098881,6.049319113753415e-17,6,8,10,normal_approx_row_se,7.835308566385376e-16
RAW_CP_REPO_PLUS_PM,older_spike_position,108871,-0.4576971750904024,0.033866694752257176,-0.5240758968048265,-0.39131845337597837,1.0,-10,0,10,normal_approx_row_se,1.0
RAW_CP_REPO_PLUS_PM,same_average_different_path,7396,-0.06582518085151817,0.08765712379332784,-0.23763314348644074,0.1059827817834044,0.773655412095213,-4,3,10,normal_approx_row_se,1.0
RAW_CP_REPO_PLUS_PM,recent_ramp_high_dispersion,24273,1.1997049043791372,0.07670768142149542,1.0493578487930062,1.3500519599652683,1.944927157799603e-55,8,9,10,normal_approx_row_se,1.76340062307164e-53
RAW_CP_REPO_PLUS_PM,entry_with_recent_spike,43747,0.6678170522660087,0.04700712572246571,0.575683085849976,0.7599510186820415,4.161708525046429e-46,8,9,10,normal_approx_row_se,1.886641198021048e-44
RAW_CP_REPO_PLUS_PM,entry_without_recent_spike,29710,-0.3743339765503318,0.058598878839257844,-0.48918777907527716,-0.2594801740253864,0.999999999916006,-10,0,10,normal_approx_row_se,1.0
RAW_CP_REPO_PLUS_PM,same_average_recent_front_loaded,14331,-0.14645944457252072,0.07344505707708511,-0.2904117564436075,-0.002507132701433906,0.9769314121139908,-4,3,10,normal_approx_row_se,1.0
RAW_CP_REPO_PLUS_PM,same_average_back_loaded,15559,-0.47798105686739245,0.06553900080622675,-0.6064374984475969,-0.34952461528718803,0.9999999999998486,-8,1,10,normal_approx_row_se,1.0
RAW_CP_REPO_PLUS_PM,stable_low_dispersion,68968,-0.6834977341284219,0.03754528790616182,-0.757086498424499,-0.6099089698323447,1.0,-10,0,10,normal_approx_row_se,1.0
CP_REPO_OPS_R,all_observations,367248,-0.12839769838234588,0.009865975170333299,-0.14773500971619916,-0.10906038704849262,1.0,-8,1,10,normal_approx_row_se,1.0
CP_REPO_OPS_R,cluster_entry_loose,73457,-0.028956883531269864,0.018117020981500406,-0.06446624465501066,0.006552477592470934,0.9450146420715385,-8,1,10,normal_approx_row_se,1.0
CP_REPO_OPS_R,cluster_entry_strict,73266,-0.03199053766225705,0.01803944707442063,-0.06734785392812148,0.003366778603607387,0.9619159400776623,-8,1,10,normal_approx_row_se,1.0
CP_REPO_OPS_R,cluster_exit_loose,73455,-0.2755271203927765,0.028035124743412115,-0.33047596488986425,-0.22057827589568874,1.0,-10,0,10,normal_approx_row_se,1.0
CP_REPO_OPS_R,cluster_exit_strict,73334,-0.27562936748953965,0.02806539005665489,-0.3306375320005832,-0.22062120297849605,1.0,-10,0,10,normal_approx_row_se,1.0
CP_REPO_OPS_R,inflection_points,144886,-0.1494385058523734,0.015666332797416693,-0.1801445181353101,-0.11873249356943667,1.0,-10,0,10,normal_approx_row_se,1.0
CP_REPO_OPS_R,high_within_block_dispersion,68970,-0.24404253868495987,0.03242394853264391,-0.3075934778089419,-0.18049159956097782,0.9999999999999739,-6,2,10,normal_approx_row_se,1.0
CP_REPO_OPS_R,recent_spike_position,125358,-0.004541886443838571,0.013323151605003079,-0.030655263589644606,0.021571490701967462,0.6334112474119286,0,5,10,normal_approx_row_se,1.0
CP_REPO_OPS_R,older_spike_position,108871,-0.18382732808116328,0.019463235417027804,-0.22197526949853777,-0.1456793866637888,1.0,-10,0,10,normal_approx_row_se,1.0
CP_REPO_OPS_R,same_average_different_path,7396,-0.014380779659177863,0.04335431596200685,-0.09935523894471128,0.07059367962635556,0.6299434326672632,-2,4,10,normal_approx_row_se,1.0
CP_REPO_OPS_R,recent_ramp_high_dispersion,24273,0.05138922818005443,0.035531215556471096,-0.01825195431062892,0.12103041067073778,0.07404483701929078,0,5,10,normal_approx_row_se,0.2918868937572042
CP_REPO_OPS_R,entry_with_recent_spike,43747,0.11548856860840863,0.019869583609559434,0.07654418473367214,0.15443295248314512,3.0804695374703847e-09,6,8,10,normal_approx_row_se,2.4643756299763078e-08
CP_REPO_OPS_R,entry_without_recent_spike,29710,-0.241648071506851,0.033881604638912176,-0.30805601659911885,-0.17524012641458314,0.9999999999995058,-8,1,10,normal_approx_row_se,1.0
CP_REPO_OPS_R,same_average_recent_front_loaded,14331,-0.07453704339587078,0.03424065917711271,-0.1416487353830117,-0.007425351408729866,0.985254407710048,-8,1,10,normal_approx_row_se,1.0
CP_REPO_OPS_R,same_average_back_loaded,15559,-0.06475808469317478,0.02959841720948507,-0.12277098242376551,-0.0067451869625840405,0.9856611965624307,-4,3,10,normal_approx_row_se,1.0
CP_REPO_OPS_R,stable_low_dispersion,68968,-0.15276914963826332,0.0202588420364657,-0.1924764800297361,-0.11306181924679054,0.9999999999999767,-8,1,10,normal_approx_row_se,1.0
CP_REPO_RIDGE_OPS_R,all_observations,367248,-0.12830557882257917,0.009863664549727497,-0.14763836134004507,-0.10897279630511328,1.0,-8,1,10,normal_approx_row_se,1.0
CP_REPO_RIDGE_OPS_R,cluster_entry_loose,73457,-0.028763284373364083,0.01810509811212275,-0.06424927667312466,0.0067227079263965026,0.9439341527254516,-8,1,10,normal_approx_row_se,1.0
CP_REPO_RIDGE_OPS_R,cluster_entry_strict,73266,-0.03179425540597754,0.018027395207150257,-0.06712795001199204,0.0035394392000369646,0.9611056586512332,-8,1,10,normal_approx_row_se,1.0
CP_REPO_RIDGE_OPS_R,cluster_exit_loose,73455,-0.275329908741731,0.028035469480827746,-0.3302794289241534,-0.22038038855930864,1.0,-10,0,10,normal_approx_row_se,1.0
CP_REPO_RIDGE_OPS_R,cluster_exit_strict,73334,-0.2754304817621333,0.028065731007937543,-0.3304393145376909,-0.22042164898657574,1.0,-10,0,10,normal_approx_row_se,1.0
CP_REPO_RIDGE_OPS_R,inflection_points,144886,-0.1491922456935289,0.015663216835014412,-0.17989215069015715,-0.11849234069690065,1.0,-10,0,10,normal_approx_row_se,1.0
CP_REPO_RIDGE_OPS_R,high_within_block_dispersion,68970,-0.24356307355346402,0.03241537260522517,-0.30709720385970535,-0.18002894324722268,0.9999999999999712,-6,2,10,normal_approx_row_se,1.0
CP_REPO_RIDGE_OPS_R,recent_spike_position,125358,-0.0045490350631238,0.013321740072593334,-0.030659645605406738,0.021561575479159135,0.6336268157823477,0,5,10,normal_approx_row_se,1.0
CP_REPO_RIDGE_OPS_R,older_spike_position,108871,-0.1835946614683996,0.019454193747636475,-0.22172488121376707,-0.1454644417230321,1.0,-10,0,10,normal_approx_row_se,1.0
CP_REPO_RIDGE_OPS_R,same_average_different_path,7396,-0.014190554258004627,0.04335924025351669,-0.09917466515489733,0.07079355663888807,0.6282714361543786,-2,4,10,normal_approx_row_se,1.0
CP_REPO_RIDGE_OPS_R,recent_ramp_high_dispersion,24273,0.05148573196239575,0.03548245033768884,-0.018059870699474373,0.12103133462426588,0.07338719708132088,0,5,10,normal_approx_row_se,0.2918868937572042
CP_REPO_RIDGE_OPS_R,entry_with_recent_spike,43747,0.11554802370774774,0.019868191801005245,0.07660636777777746,0.154489679637718,3.0185061040977144e-09,6,8,10,normal_approx_row_se,2.4643756299763078e-08
CP_REPO_RIDGE_OPS_R,entry_without_recent_spike,29710,-0.24125694962494262,0.0338444629379294,-0.30759209698328427,-0.174921802266601,0.9999999999994923,-8,1,10,normal_approx_row_se,1.0
CP_REPO_RIDGE_OPS_R,same_average_recent_front_loaded,14331,-0.07429223336609435,0.034243878466057566,-0.1414102351595672,-0.007174231572621523,0.9849777817740821,-8,1,10,normal_approx_row_se,1.0
CP_REPO_RIDGE_OPS_R,same_average_back_loaded,15559,-0.06457502157047047,0.02959180734924972,-0.12257496397499992,-0.006575079165941022,0.9854523375847508,-4,3,10,normal_approx_row_se,1.0
CP_REPO_RIDGE_OPS_R,stable_low_dispersion,68968,-0.1527836306157741,0.020257396970515703,-0.19248812867798487,-0.11307913255356333,0.9999999999999769,-8,1,10,normal_approx_row_se,1.0
CP_REPO_LRPM,all_observations,367248,-0.20054141651714436,0.019267456547180283,-0.2383056313496177,-0.162777201684671,1.0,-8,1,10,normal_approx_row_se,1.0
CP_REPO_LRPM,cluster_entry_loose,73457,0.16868423394339332,0.03916376352670154,0.09192325743105831,0.24544521045572834,8.268545067019714e-06,4,7,10,normal_approx_row_se,4.8892266483247e-05
CP_REPO_LRPM,cluster_entry_strict,73266,0.16318120175163908,0.03911483802444295,0.08651611922373091,0.23984628427954724,1.5106885668993315e-05,4,7,10,normal_approx_row_se,8.218145803932362e-05
CP_REPO_LRPM,cluster_exit_loose,73455,-0.6730409364119949,0.04921338927613259,-0.7694991793932148,-0.5765826934307751,1.0,-10,0,10,normal_approx_row_se,1.0
CP_REPO_LRPM,cluster_exit_strict,73334,-0.6737218677457398,0.04927091010022214,-0.7702928515421752,-0.5771508839493045,1.0,-10,0,10,normal_approx_row_se,1.0
CP_REPO_LRPM,inflection_points,144886,-0.257418795710286,0.031098889790566478,-0.31837261969979624,-0.19646497172077568,0.9999999999999999,-10,0,10,normal_approx_row_se,1.0
CP_REPO_LRPM,high_within_block_dispersion,68970,-0.20353062445006664,0.05778530080534436,-0.31678981402854156,-0.0902714348715917,0.9997859987881194,-4,3,10,normal_approx_row_se,1.0
CP_REPO_LRPM,recent_spike_position,125358,0.1568433332606941,0.02806321213264279,0.10183943748071424,0.211847229040674,1.1423639214610413e-08,8,9,10,normal_approx_row_se,8.631194073261201e-08
CP_REPO_LRPM,older_spike_position,108871,-0.38877112871414105,0.03638027694177964,-0.4600764715200292,-0.3174657859082529,1.0,-10,0,10,normal_approx_row_se,1.0
CP_REPO_LRPM,same_average_different_path,7396,0.34707320117138085,0.09598978133609706,0.1589332297526306,0.5352131725901311,0.00014975079320936414,4,7,10,normal_approx_row_se,0.0007146002763674921
CP_REPO_LRPM,recent_ramp_high_dispersion,24273,0.7615204555678619,0.07796003934228878,0.6087187784569759,0.9143221326787478,7.716924743348923e-23,6,8,10,normal_approx_row_se,1.311877206369317e-21
CP_REPO_LRPM,entry_with_recent_spike,43747,0.5258354912597637,0.04624456719333135,0.43519613956083425,0.6164748429586931,2.9240875879865073e-30,8,9,10,normal_approx_row_se,6.62793186610275e-29
CP_REPO_LRPM,entry_without_recent_spike,29710,-0.35720927173884337,0.068731601858071,-0.49192321138066253,-0.2224953320970242,0.9999998988230138,-6,2,10,normal_approx_row_se,1.0
CP_REPO_LRPM,same_average_recent_front_loaded,14331,-0.08930982702841657,0.07859009004491041,-0.243346403516441,0.06472674945960784,0.8721055317151902,0,5,10,normal_approx_row_se,1.0
CP_REPO_LRPM,same_average_back_loaded,15559,-0.1075535070897266,0.07068668896179964,-0.24609941745485386,0.03099240327540069,0.9359393742824591,-2,4,10,normal_approx_row_se,1.0
CP_REPO_LRPM,stable_low_dispersion,68968,-0.37950699922477865,0.04013551440319421,-0.4581726074550393,-0.300841390994518,1.0,-10,0,10,normal_approx_row_se,1.0
CP_REPO_RECENT_SLOPE,all_observations,367248,-0.2097970759336908,0.01466596559311306,-0.2385423684961924,-0.18105178337118918,1.0,-2,4,10,normal_approx_row_se,1.0
CP_REPO_RECENT_SLOPE,cluster_entry_loose,73457,0.2526604924332617,0.03707939887238064,0.17998487064339566,0.3253361142231278,4.744778074777956e-12,4,7,10,normal_approx_row_se,5.377415151415017e-11
CP_REPO_RECENT_SLOPE,cluster_entry_strict,73266,0.25427306266275523,0.03707952241857409,0.18159719872235003,0.32694892660316044,3.5036440859127714e-12,4,7,10,normal_approx_row_se,4.1434399624707555e-11
CP_REPO_RECENT_SLOPE,cluster_exit_loose,73455,-0.7110504051681719,0.03373124718492004,-0.7771636496506151,-0.6449371606857286,1.0,-8,1,10,normal_approx_row_se,1.0
CP_REPO_RECENT_SLOPE,cluster_exit_strict,73334,-0.7108902299405877,0.033760903126088426,-0.7770616000677211,-0.6447188598134543,1.0,-8,1,10,normal_approx_row_se,1.0
CP_REPO_RECENT_SLOPE,inflection_points,144886,-0.2702712041345974,0.024713694798343278,-0.3187100459393502,-0.22183236232984455,1.0,-8,1,10,normal_approx_row_se,1.0
CP_REPO_RECENT_SLOPE,high_within_block_dispersion,68970,-0.14901057497506623,0.04309486575695317,-0.23347651185869445,-0.06454463809143801,0.9997276303506595,-8,1,10,normal_approx_row_se,1.0
CP_REPO_RECENT_SLOPE,recent_spike_position,125358,0.12994305798616818,0.023728074677853348,0.08343603161757562,0.17645008435476073,2.1710374532820147e-08,4,7,10,normal_approx_row_se,1.514159454596687e-07
CP_REPO_RECENT_SLOPE,older_spike_position,108871,-0.35975697069575935,0.024501871647476737,-0.40778063912481377,-0.3117333022667049,1.0,-4,3,10,normal_approx_row_se,1.0
CP_REPO_RECENT_SLOPE,same_average_different_path,7396,-0.3011843598213615,0.08458900832078334,-0.46697881613009684,-0.13538990351262614,0.9998149686338065,-6,2,10,normal_approx_row_se,1.0
CP_REPO_RECENT_SLOPE,recent_ramp_high_dispersion,24273,0.964282227999836,0.07891357286859758,0.8096116251773847,1.1189528308222871,1.2233365276087615e-34,4,7,10,normal_approx_row_se,3.697194838995368e-33
CP_REPO_RECENT_SLOPE,entry_with_recent_spike,43747,0.3910175265442483,0.043592142811729476,0.3055769266332585,0.4764581264552381,1.4838060745331302e-19,6,8,10,normal_approx_row_se,2.1241855382790074e-18
CP_REPO_RECENT_SLOPE,entry_without_recent_spike,29710,0.048934300199894795,0.06544051226442521,-0.07932910383837861,0.17719770423816822,0.22730014922127553,2,6,10,normal_approx_row_se,0.8354816295700939
CP_REPO_RECENT_SLOPE,same_average_recent_front_loaded,14331,0.04939384495331365,0.07442550409366232,-0.0964801430702645,0.1952678329768918,0.25345132845039725,-2,4,10,normal_approx_row_se,0.9191834845134408
CP_REPO_RECENT_SLOPE,same_average_back_loaded,15559,-0.5961763803406914,0.050662077623228094,-0.6954740524822185,-0.49687870819916435,1.0,-8,1,10,normal_approx_row_se,1.0
CP_REPO_RECENT_SLOPE,stable_low_dispersion,68968,-0.3049553520172287,0.032689908891481,-0.3690275734445314,-0.24088313058992594,1.0,0,5,10,normal_approx_row_se,1.0
CP_REPO_HAAR_SHAPE,all_observations,367248,-0.25412261015572735,0.020550919012722945,-0.2944024114206643,-0.21384280889079038,1.0,-10,0,10,normal_approx_row_se,1.0
CP_REPO_HAAR_SHAPE,cluster_entry_loose,73457,0.21652278038212214,0.039331335963464296,0.13943336189373212,0.29361219887051215,1.8448357472217588e-08,6,8,10,normal_approx_row_se,1.32051400853768e-07
CP_REPO_HAAR_SHAPE,cluster_entry_strict,73266,0.21056766833617221,0.03921390828283506,0.1337084081018155,0.28742692857052893,3.9429710299202083e-08,6,8,10,normal_approx_row_se,2.681220300345742e-07
CP_REPO_HAAR_SHAPE,cluster_exit_loose,73455,-0.8487454579024053,0.05571427785050152,-0.9579454424893883,-0.7395454733154223,1.0,-10,0,10,normal_approx_row_se,1.0
CP_REPO_HAAR_SHAPE,cluster_exit_strict,73334,-0.8502018837464509,0.055787460410201946,-0.9595453061504468,-0.740858461342455,1.0,-10,0,10,normal_approx_row_se,1.0
CP_REPO_HAAR_SHAPE,inflection_points,144886,-0.2875694768395069,0.03261658519346978,-0.35149798381870767,-0.22364096986030613,1.0,-10,0,10,normal_approx_row_se,1.0
CP_REPO_HAAR_SHAPE,high_within_block_dispersion,68970,-0.3281382537957486,0.06285391842567235,-0.45133193391006643,-0.20494457368143082,0.9999999108514627,-4,3,10,normal_approx_row_se,1.0
CP_REPO_HAAR_SHAPE,recent_spike_position,125358,0.11124436975134576,0.029862589032974056,0.05271369524671661,0.1697750442559749,9.757693547445734e-05,6,8,10,normal_approx_row_se,0.00047394511516164994
CP_REPO_HAAR_SHAPE,older_spike_position,108871,-0.5495220966523896,0.04228041209133365,-0.6323917043514036,-0.46665248895337563,1.0,-10,0,10,normal_approx_row_se,1.0
CP_REPO_HAAR_SHAPE,same_average_different_path,7396,0.4384771905625437,0.1045414161335457,0.23357601494079414,0.6433783661842932,1.3686279625790537e-05,8,9,10,normal_approx_row_se,7.746297107777357e-05
CP_REPO_HAAR_SHAPE,recent_ramp_high_dispersion,24273,0.9490482714357931,0.07344342088195964,0.8050991665071522,1.0929973763644338,1.687465534355841e-38,6,8,10,normal_approx_row_se,5.73738281680986e-37
CP_REPO_HAAR_SHAPE,entry_with_recent_spike,43747,0.5302787578213181,0.04841995177806346,0.4353756523363137,0.6251818633063224,3.2621122568094595e-28,8,9,10,normal_approx_row_se,6.337818098944093e-27
CP_REPO_HAAR_SHAPE,entry_without_recent_spike,29710,-0.24547259979399721,0.06604175980508119,-0.37491444901195636,-0.1160307505760381,0.999899170865987,-4,3,10,normal_approx_row_se,1.0
CP_REPO_HAAR_SHAPE,same_average_recent_front_loaded,14331,-0.1346236627139174,0.0830959636095185,-0.29749175138857364,0.028244425960738867,0.9473944618005029,-4,3,10,normal_approx_row_se,1.0
CP_REPO_HAAR_SHAPE,same_average_back_loaded,15559,-0.0748772003740857,0.07917130128369994,-0.23005295089013755,0.08029855014196617,0.8278649789175105,-2,4,10,normal_approx_row_se,1.0
CP_REPO_HAAR_SHAPE,stable_low_dispersion,68968,-0.40833274735531666,0.04167237830116958,-0.49001060882560904,-0.3266548858850243,1.0,-10,0,10,normal_approx_row_se,1.0
CP_REPO_OPS_C,all_observations,367248,-0.2587527735494077,0.02050398854453354,-0.2989405910966934,-0.21856495600212195,1.0,-8,1,10,normal_approx_row_se,1.0
CP_REPO_OPS_C,cluster_entry_loose,73457,0.25938634837951896,0.0392771950388586,0.18240304610335611,0.3363696506556818,2.001132779172457e-11,6,8,10,normal_approx_row_se,1.9439575569103869e-10
CP_REPO_OPS_C,cluster_entry_strict,73266,0.2528768957353686,0.03925343664516811,0.1759401599108391,0.32981363155989807,5.889274008551839e-11,6,8,10,normal_approx_row_se,5.167363001051937e-10
CP_REPO_OPS_C,cluster_exit_loose,73455,-0.8466074509763326,0.05531338714786311,-0.9550216897861443,-0.7381932121665209,1.0,-10,0,10,normal_approx_row_se,1.0
CP_REPO_OPS_C,cluster_exit_strict,73334,-0.8486163433956626,0.05538317422951513,-0.9571673648855122,-0.740065321905813,1.0,-10,0,10,normal_approx_row_se,1.0
CP_REPO_OPS_C,inflection_points,144886,-0.28993090438283503,0.032578377542755214,-0.35378452436663527,-0.2260772843990348,1.0,-10,0,10,normal_approx_row_se,1.0
CP_REPO_OPS_C,high_within_block_dispersion,68970,-0.27211161033332604,0.06297813282031509,-0.3955487506611436,-0.14867447000550849,0.9999922243640732,-2,4,10,normal_approx_row_se,1.0
CP_REPO_OPS_C,recent_spike_position,125358,0.12191879815263933,0.029661419016083518,0.06378241688111563,0.18005517942416302,1.975303705098523e-05,4,7,10,normal_approx_row_se,0.00010332357842053812
CP_REPO_OPS_C,older_spike_position,108871,-0.5554812223668686,0.04203486881035643,-0.6378695652351671,-0.47309287949857,1.0,-10,0,10,normal_approx_row_se,1.0
CP_REPO_OPS_C,same_average_different_path,7396,0.41407346459551225,0.10486326274594261,0.20854146961346473,0.6196054595775597,3.928853377841727e-05,8,9,10,normal_approx_row_se,0.00020080799708124136
CP_REPO_OPS_C,recent_ramp_high_dispersion,24273,1.0962793741662573,0.07481453446592573,0.9496428866130429,1.2429158617194718,6.416983165347879e-49,6,8,10,normal_approx_row_se,3.4908388419492465e-47
CP_REPO_OPS_C,entry_with_recent_spike,43747,0.5851339933099058,0.048289947090856045,0.4904856970118279,0.6797822896079836,4.287113225161279e-34,8,9,10,normal_approx_row_se,1.0898034157207946e-32
CP_REPO_OPS_C,entry_without_recent_spike,29710,-0.22026636864402982,0.06604405211346072,-0.34971271078641286,-0.0908200265016468,0.9995737225198748,-6,2,10,normal_approx_row_se,1.0
CP_REPO_OPS_C,same_average_recent_front_loaded,14331,-0.08688490572567967,0.08369994494168413,-0.25093679781138056,0.07716698636002123,0.8503771058436169,-4,3,10,normal_approx_row_se,1.0
CP_REPO_OPS_C,same_average_back_loaded,15559,-0.11543042789394396,0.07796827523076734,-0.26824824734624797,0.03738739155836003,0.9306273272412023,-2,4,10,normal_approx_row_se,1.0
CP_REPO_OPS_C,stable_low_dispersion,68968,-0.41078435909002375,0.04120644932515841,-0.49154899976733424,-0.33001971841271327,1.0,-10,0,10,normal_approx_row_se,1.0
CP_REPO_RIDGE_OPS_C,all_observations,367248,-0.2584234899255787,0.020501745285530653,-0.2986069106852188,-0.2182400691659386,1.0,-8,1,10,normal_approx_row_se,1.0
CP_REPO_RIDGE_OPS_C,cluster_entry_loose,73457,0.25970252249393344,0.039286419251212734,0.18270114076155647,0.3367039042263104,1.915236500134001e-11,6,8,10,normal_approx_row_se,1.9294234371720307e-10
CP_REPO_RIDGE_OPS_C,cluster_entry_strict,73266,0.2531997592992437,0.03926277188891345,0.17624472639697336,0.33015479220151406,5.635070808040585e-11,6,8,10,normal_approx_row_se,5.167363001051937e-10
CP_REPO_RIDGE_OPS_C,cluster_exit_loose,73455,-0.8462718871430548,0.05530695820590675,-0.9546735252266321,-0.7378702490594775,1.0,-10,0,10,normal_approx_row_se,1.0
CP_REPO_RIDGE_OPS_C,cluster_exit_strict,73334,-0.8482791515095445,0.05537673422804279,-0.9568175505965083,-0.7397407524225806,1.0,-10,0,10,normal_approx_row_se,1.0
CP_REPO_RIDGE_OPS_C,inflection_points,144886,-0.2893635106956327,0.03257645990509764,-0.35321337210962406,-0.22551364928164136,1.0,-10,0,10,normal_approx_row_se,1.0
CP_REPO_RIDGE_OPS_C,high_within_block_dispersion,68970,-0.27154605317493774,0.06296593576460513,-0.3949592872735638,-0.1481328190763117,0.9999919322189079,-2,4,10,normal_approx_row_se,1.0
CP_REPO_RIDGE_OPS_C,recent_spike_position,125358,0.12197461747300334,0.0296574618140126,0.06384599231753865,0.18010324262846802,1.954613964991573e-05,4,7,10,normal_approx_row_se,0.00010332357842053812
CP_REPO_RIDGE_OPS_C,older_spike_position,108871,-0.5549526290590961,0.04202709267651142,-0.6373257307050585,-0.47257952741313375,1.0,-10,0,10,normal_approx_row_se,1.0
CP_REPO_RIDGE_OPS_C,same_average_different_path,7396,0.4135322809191341,0.10481902683194823,0.20808698832851555,0.6189775735097526,3.986629353818762e-05,8,9,10,normal_approx_row_se,0.00020080799708124136
CP_REPO_RIDGE_OPS_C,recent_ramp_high_dispersion,24273,1.0964697762331896,0.07480116284000916,0.9498594970667718,1.2430800553996075,5.9470944516182954e-49,6,8,10,normal_approx_row_se,3.4908388419492465e-47
CP_REPO_RIDGE_OPS_C,entry_with_recent_spike,43747,0.5850010778508661,0.04828801065330258,0.49035657697039303,0.6796455787313391,4.407293225341449e-34,8,9,10,normal_approx_row_se,1.0898034157207946e-32
CP_REPO_RIDGE_OPS_C,entry_without_recent_spike,29710,-0.21928892487058127,0.0660809224153122,-0.3488075328045932,-0.08977031693656937,0.9995474732791181,-6,2,10,normal_approx_row_se,1.0
CP_REPO_RIDGE_OPS_C,same_average_recent_front_loaded,14331,-0.08683925978857568,0.08368379504759176,-0.2508594980818555,0.07718097850470415,0.8502967571498764,-4,3,10,normal_approx_row_se,1.0
CP_REPO_RIDGE_OPS_C,same_average_back_loaded,15559,-0.11526765384751489,0.07794530271994174,-0.2680404471786007,0.037505139483570926,0.930406782306554,-2,4,10,normal_approx_row_se,1.0
CP_REPO_RIDGE_OPS_C,stable_low_dispersion,68968,-0.41081371077813605,0.04120237888618062,-0.49157037339505005,-0.33005704816122206,1.0,-10,0,10,normal_approx_row_se,1.0
CP_REPO_GATED_RIDGE_OPS_C,all_observations,367248,-0.15419845014386915,0.016751044269032376,-0.1870304969111726,-0.1213664033765657,1.0,-6,2,10,normal_approx_row_se,1.0
CP_REPO_GATED_RIDGE_OPS_C,cluster_entry_loose,73457,-0.16495133659391967,0.047757765033114755,-0.2585565560588246,-0.07134611712901474,0.999723745876837,-4,3,10,normal_approx_row_se,1.0
CP_REPO_GATED_RIDGE_OPS_C,cluster_entry_strict,73266,-0.16667766536289455,0.04781636603643158,-0.26039774279430045,-0.07295758793148865,0.9997546541941381,-4,3,10,normal_approx_row_se,1.0
CP_REPO_GATED_RIDGE_OPS_C,cluster_exit_loose,73455,-0.2715771497970932,0.03183937498018876,-0.33398232475826317,-0.2091719748359232,1.0,-10,0,10,normal_approx_row_se,1.0
CP_REPO_GATED_RIDGE_OPS_C,cluster_exit_strict,73334,-0.2717910507847475,0.031879736055809564,-0.3342753334541343,-0.20930676811536078,1.0,-10,0,10,normal_approx_row_se,1.0
CP_REPO_GATED_RIDGE_OPS_C,inflection_points,144886,-0.2294862383232828,0.028998298861002438,-0.2863229040908476,-0.17264957255571803,0.9999999999999988,-10,0,10,normal_approx_row_se,1.0
CP_REPO_GATED_RIDGE_OPS_C,high_within_block_dispersion,68970,-0.029391127692358115,0.04494701044272216,-0.11748726816009356,0.05870501277537732,0.7434138724260335,0,5,10,normal_approx_row_se,1.0
CP_REPO_GATED_RIDGE_OPS_C,recent_spike_position,125358,0.0077863981071343595,0.029638453649226296,-0.05030497104534918,0.0658777672596179,0.3963860146508371,2,6,10,normal_approx_row_se,1.0
CP_REPO_GATED_RIDGE_OPS_C,older_spike_position,108871,-0.16639039637492678,0.027662024570212006,-0.2206079645325423,-0.11217282821731125,0.9999999991012324,-6,2,10,normal_approx_row_se,1.0
CP_REPO_GATED_RIDGE_OPS_C,same_average_different_path,7396,0.13175720370176963,0.10521813526645653,-0.07447034142048517,0.3379847488240244,0.10524320996397657,2,6,10,normal_approx_row_se,0.40318525507326236
CP_REPO_GATED_RIDGE_OPS_C,recent_ramp_high_dispersion,24273,0.2913989120687642,0.08311400499284465,0.1284954622827887,0.4543023618547397,0.00022743516393196726,2,6,10,normal_approx_row_se,0.0010665924929223291
CP_REPO_GATED_RIDGE_OPS_C,entry_with_recent_spike,43747,0.14443662670767943,0.05913341820960063,0.0285351270168622,0.2603381263984966,0.00729185349149887,2,6,10,normal_approx_row_se,0.031482288090280836
CP_REPO_GATED_RIDGE_OPS_C,entry_without_recent_spike,29710,-0.6205149592985665,0.07968501329838372,-0.7766975853633986,-0.4643323332337344,0.9999999999999966,-8,1,10,normal_approx_row_se,1.0
CP_REPO_GATED_RIDGE_OPS_C,same_average_recent_front_loaded,14331,-0.26474984221161796,0.09728136688078101,-0.45542132129794877,-0.07407836312528718,0.996750539489123,-6,2,10,normal_approx_row_se,1.0
CP_REPO_GATED_RIDGE_OPS_C,same_average_back_loaded,15559,-0.019763214834074165,0.04459097730908311,-0.10716153035987705,0.06763510069172873,0.6711934642712216,2,6,10,normal_approx_row_se,1.0
CP_REPO_GATED_RIDGE_OPS_C,stable_low_dispersion,68968,-0.2021223118698733,0.03302092000695901,-0.266843315083513,-0.13740130865623365,0.9999999995351618,-6,2,10,normal_approx_row_se,1.0
CP_REPO_OPS_HG,all_observations,367248,-0.13663519839083066,0.021644510545887386,-0.17905843906076993,-0.09421195772089139,0.9999999998628915,-2,4,10,normal_approx_row_se,1.0
CP_REPO_OPS_HG,cluster_entry_loose,73457,0.19206119011882813,0.06749345313018888,0.059774021983657916,0.3243483582539983,0.002216204284206603,2,6,10,normal_approx_row_se,0.00972270266619671
CP_REPO_OPS_HG,cluster_entry_strict,73266,0.19283574463036168,0.06755911709043823,0.06041987513310276,0.3252516141276206,0.002156412470742172,2,6,10,normal_approx_row_se,0.009615478558063455
CP_REPO_OPS_HG,cluster_exit_loose,73455,-0.5300259329590843,0.04072027823951025,-0.6098376783085244,-0.4502141876096442,1.0,-8,1,10,normal_approx_row_se,1.0
CP_REPO_OPS_HG,cluster_exit_strict,73334,-0.5304407358315044,0.040759627294110666,-0.6103296053279613,-0.4505518663350475,1.0,-8,1,10,normal_approx_row_se,1.0
CP_REPO_OPS_HG,inflection_points,144886,-0.1788412813910575,0.0381137224669871,-0.2535441774263522,-0.1041383853557628,0.999998649292374,-2,4,10,normal_approx_row_se,1.0
CP_REPO_OPS_HG,high_within_block_dispersion,68970,0.5603820972415589,0.0643015797840639,0.4343510008647936,0.6864131936183241,1.4550252743148782e-18,6,8,10,normal_approx_row_se,1.9788343730682343e-17
CP_REPO_OPS_HG,recent_spike_position,125358,0.22966056010799518,0.03974105514390784,0.15176809202593583,0.30755302819005453,3.758980950379015e-09,4,7,10,normal_approx_row_se,2.9212651957231202e-08
CP_REPO_OPS_HG,older_spike_position,108871,-0.28083906919876056,0.03307479485107039,-0.34566566710685853,-0.2160124712906626,1.0,-2,4,10,normal_approx_row_se,1.0
CP_REPO_OPS_HG,same_average_different_path,7396,-0.13513463965483996,0.15843407838058876,-0.44566543328079394,0.17539615397111402,0.8031534953796717,0,5,10,normal_approx_row_se,1.0
CP_REPO_OPS_HG,recent_ramp_high_dispersion,24273,1.8785692127861833,0.13370595374904348,1.6165055434380582,2.1406328821343084,3.851472932619482e-45,8,9,10,normal_approx_row_se,1.4965723395321415e-43
CP_REPO_OPS_HG,entry_with_recent_spike,43747,0.5856515508497314,0.08520898042212335,0.41864194922236964,0.7526611524770932,3.1406333186270904e-12,8,9,10,normal_approx_row_se,3.8829648303025843e-11
CP_REPO_OPS_HG,entry_without_recent_spike,29710,-0.3874876995107519,0.10993957927748246,-0.6029692748946175,-0.1720061241268863,0.999787899756918,-4,3,10,normal_approx_row_se,1.0
CP_REPO_OPS_HG,same_average_recent_front_loaded,14331,-0.4124261054612298,0.1339136543240198,-0.6748968679363087,-0.14995534298615099,0.9989642714894748,-4,3,10,normal_approx_row_se,1.0
CP_REPO_OPS_HG,same_average_back_loaded,15559,-0.10661475634336948,0.052240236909194486,-0.20900562068539066,-0.0042238920013482895,0.979367386368332,-4,3,10,normal_approx_row_se,1.0
CP_REPO_OPS_HG,stable_low_dispersion,68968,-0.4808278857026864,0.0431792589256724,-0.5654592331970043,-0.39619653820836853,1.0,-10,0,10,normal_approx_row_se,1.0
RANDOM_RESIDUES_PLACEBO_REPO,all_observations,367248,-0.1469582709622277,0.01750077117889333,-0.18125978247285862,-0.11265675945159676,1.0,-6,2,10,normal_approx_row_se,1.0
RANDOM_RESIDUES_PLACEBO_REPO,cluster_entry_loose,73457,0.15385519553923543,0.0348100384809231,0.08562752011662615,0.2220828709618447,4.938440886535988e-06,6,8,10,normal_approx_row_se,3.0528543662222476e-05
RANDOM_RESIDUES_PLACEBO_REPO,cluster_entry_strict,73266,0.15051358021968367,0.03482619745454078,0.08225423320878374,0.2187729272305836,7.736339811141347e-06,6,8,10,normal_approx_row_se,4.67618761917877e-05
RANDOM_RESIDUES_PLACEBO_REPO,cluster_exit_loose,73455,-0.5157595034803619,0.04311357755692802,-0.6002621154919409,-0.431256891468783,1.0,-8,1,10,normal_approx_row_se,1.0
RANDOM_RESIDUES_PLACEBO_REPO,cluster_exit_strict,73334,-0.5170583238712989,0.04317009473244366,-0.6016717095468884,-0.43244493819570934,1.0,-8,1,10,normal_approx_row_se,1.0
RANDOM_RESIDUES_PLACEBO_REPO,inflection_points,144886,-0.15650682105791738,0.027859978290604652,-0.2111123785075025,-0.10190126360833227,0.9999999903198147,-6,2,10,normal_approx_row_se,1.0
RANDOM_RESIDUES_PLACEBO_REPO,high_within_block_dispersion,68970,-0.31909239763810965,0.05175689619405563,-0.4205359141784587,-0.21764888109776062,0.9999999996480631,-8,1,10,normal_approx_row_se,1.0
RANDOM_RESIDUES_PLACEBO_REPO,recent_spike_position,125358,0.09280886993887164,0.024747333352691397,0.0443040965675965,0.14131364331014679,8.832657224656321e-05,4,7,10,normal_approx_row_se,0.00043681504820118535
RANDOM_RESIDUES_PLACEBO_REPO,older_spike_position,108871,-0.2678924344491584,0.034753356484038496,-0.33600901315787385,-0.19977585574044293,0.9999999999999937,-8,1,10,normal_approx_row_se,1.0
RANDOM_RESIDUES_PLACEBO_REPO,same_average_different_path,7396,0.11656665348241152,0.08391909895828334,-0.047914780475823815,0.28104808744064685,0.08241089451070077,2,6,10,normal_approx_row_se,0.32022519009872297
RANDOM_RESIDUES_PLACEBO_REPO,recent_ramp_high_dispersion,24273,0.31449178660121174,0.07063432003941135,0.1760485193239655,0.452935053878458,4.245918305861958e-06,6,8,10,normal_approx_row_se,2.6857901841731455e-05
RANDOM_RESIDUES_PLACEBO_REPO,entry_with_recent_spike,43747,0.38940297978419547,0.03712586042223368,0.31663629335661747,0.46216966621177347,4.866591341245179e-26,8,9,10,normal_approx_row_se,8.824752298791258e-25
RANDOM_RESIDUES_PLACEBO_REPO,entry_without_recent_spike,29710,-0.1929811867348901,0.06642553612664386,-0.32317523754311206,-0.06278713592666813,0.9981650592579128,-2,4,10,normal_approx_row_se,1.0
RANDOM_RESIDUES_PLACEBO_REPO,same_average_recent_front_loaded,14331,0.029958393333143672,0.06986927697771943,-0.1069853895431864,0.16690217620947376,0.33404247608327853,4,7,10,normal_approx_row_se,1.0
RANDOM_RESIDUES_PLACEBO_REPO,same_average_back_loaded,15559,-0.11233140050641839,0.06393731751161967,-0.23764854282919295,0.012985741816356158,0.9605324753443376,-4,3,10,normal_approx_row_se,1.0
RANDOM_RESIDUES_PLACEBO_REPO,stable_low_dispersion,68968,-0.19301614811238205,0.03614880255314936,-0.2638678011165548,-0.1221644951082093,0.9999999533956409,-4,3,10,normal_approx_row_se,1.0
SHUFFLED_LAG_PM_PLACEBO_REPO,all_observations,367248,-0.19224884037930162,0.016576929695794555,-0.22473962258305896,-0.15975805817554428,1.0,-8,1,10,normal_approx_row_se,1.0
SHUFFLED_LAG_PM_PLACEBO_REPO,cluster_entry_loose,73457,0.12993423249080405,0.03101139977950716,0.06915188892297001,0.19071657605863807,1.3954726407393032e-05,4,7,10,normal_approx_row_se,7.746297107777357e-05
SHUFFLED_LAG_PM_PLACEBO_REPO,cluster_entry_strict,73266,0.13018435599675016,0.03098227694539923,0.06945909318376767,0.19090961880973265,1.323434163660817e-05,4,7,10,normal_approx_row_se,7.659023245015793e-05
SHUFFLED_LAG_PM_PLACEBO_REPO,cluster_exit_loose,73455,-0.3905230421849589,0.039904516754758895,-0.46873589502428636,-0.3123101893456315,1.0,-10,0,10,normal_approx_row_se,1.0
SHUFFLED_LAG_PM_PLACEBO_REPO,cluster_exit_strict,73334,-0.3901286957542662,0.03992538105518719,-0.46838244262243306,-0.3118749488860993,1.0,-10,0,10,normal_approx_row_se,1.0
SHUFFLED_LAG_PM_PLACEBO_REPO,inflection_points,144886,-0.14337617773594674,0.02548959850436011,-0.19333579080449256,-0.09341656466740092,0.9999999907186679,-6,2,10,normal_approx_row_se,1.0
SHUFFLED_LAG_PM_PLACEBO_REPO,high_within_block_dispersion,68970,-0.134174845474493,0.04774353168438621,-0.22775216757588995,-0.04059752337309601,0.9975254259965408,-4,3,10,normal_approx_row_se,1.0
SHUFFLED_LAG_PM_PLACEBO_REPO,recent_spike_position,125358,-0.036087093500029026,0.024375588364600125,-0.08386324669464526,0.011689059694587216,0.9306247904445576,0,5,10,normal_approx_row_se,1.0
SHUFFLED_LAG_PM_PLACEBO_REPO,older_spike_position,108871,-0.25436727883826454,0.03220118484759056,-0.31748160113954205,-0.19125295653698704,0.9999999999999986,-10,0,10,normal_approx_row_se,1.0
SHUFFLED_LAG_PM_PLACEBO_REPO,same_average_different_path,7396,0.03867230016658037,0.07819746889904075,-0.11459473887553949,0.1919393392087002,0.3104600670061241,0,5,10,normal_approx_row_se,1.0
SHUFFLED_LAG_PM_PLACEBO_REPO,recent_ramp_high_dispersion,24273,0.6471847735414967,0.059037325340371115,0.5314716158743693,0.7628979312086241,2.9003594038303505e-28,8,9,10,normal_approx_row_se,6.068444291091195e-27
SHUFFLED_LAG_PM_PLACEBO_REPO,entry_with_recent_spike,43747,0.2198759822381398,0.03410501946435886,0.15303014408799645,0.2867218203882832,5.703272668993689e-11,8,9,10,normal_approx_row_se,5.167363001051937e-10
SHUFFLED_LAG_PM_PLACEBO_REPO,entry_without_recent_spike,29710,-0.0025020423727670806,0.0579327550350104,-0.11605024224138746,0.11104615749585331,0.5172244573386632,-2,4,10,normal_approx_row_se,1.0
SHUFFLED_LAG_PM_PLACEBO_REPO,same_average_recent_front_loaded,14331,-0.055654907894942124,0.06137526432216439,-0.17595042596638433,0.06464061017650008,0.8177429317341014,4,7,10,normal_approx_row_se,1.0
SHUFFLED_LAG_PM_PLACEBO_REPO,same_average_back_loaded,15559,-0.15622817547346285,0.05991352794694256,-0.27365869024947026,-0.03879766069745544,0.9954405081978778,-6,2,10,normal_approx_row_se,1.0
SHUFFLED_LAG_PM_PLACEBO_REPO,stable_low_dispersion,68968,-0.27411269744506606,0.03531835120548646,-0.3433366658078195,-0.2048887290823126,0.9999999999999958,-8,1,10,normal_approx_row_se,1.0
RANDOM_GATE_PLACEBO_REPO,all_observations,367248,-0.18840999961462349,0.015663361325718394,-0.21911018781303154,-0.15770981141621543,1.0,-10,0,10,normal_approx_row_se,1.0
RANDOM_GATE_PLACEBO_REPO,cluster_entry_loose,73457,0.012777891398588625,0.031447608513115954,-0.04885942128711864,0.07441520408429589,0.3422525883549119,0,5,10,normal_approx_row_se,1.0
RANDOM_GATE_PLACEBO_REPO,cluster_entry_strict,73266,0.01070362628910841,0.03148039574463072,-0.0509979493703678,0.07240520194858462,0.3669247745145886,2,6,10,normal_approx_row_se,1.0
RANDOM_GATE_PLACEBO_REPO,cluster_exit_loose,73455,-0.447092121065469,0.040363300853070584,-0.5262041907374873,-0.36798005139345064,1.0,-10,0,10,normal_approx_row_se,1.0
RANDOM_GATE_PLACEBO_REPO,cluster_exit_strict,73334,-0.44907627419905793,0.040400232314754626,-0.528260729535977,-0.36989181886213884,1.0,-10,0,10,normal_approx_row_se,1.0
RANDOM_GATE_PLACEBO_REPO,inflection_points,144886,-0.19030785352656449,0.024902040001259357,-0.23911585192903284,-0.14149985512409613,0.9999999999999893,-10,0,10,normal_approx_row_se,1.0
RANDOM_GATE_PLACEBO_REPO,high_within_block_dispersion,68970,-0.23537844170399558,0.0471475508704527,-0.3277876414100829,-0.14296924199790828,0.9999997017995749,-4,3,10,normal_approx_row_se,1.0
RANDOM_GATE_PLACEBO_REPO,recent_spike_position,125358,0.0009313605200327729,0.022952819986124483,-0.04405616665277121,0.04591888769283676,0.4838164917118154,4,7,10,normal_approx_row_se,1.0
RANDOM_GATE_PLACEBO_REPO,older_spike_position,108871,-0.2832862147820898,0.03138850216403988,-0.344807679023608,-0.22176475054057165,1.0,-10,0,10,normal_approx_row_se,1.0
RANDOM_GATE_PLACEBO_REPO,same_average_different_path,7396,0.15548377470457259,0.09267418587649508,-0.02615762961335777,0.33712517902250294,0.046698315941550404,-2,4,10,normal_approx_row_se,0.19245366569851075
RANDOM_GATE_PLACEBO_REPO,recent_ramp_high_dispersion,24273,0.3336891978469747,0.06033466131128572,0.2154332616768547,0.4519451340170947,1.595336740073457e-08,2,6,10,normal_approx_row_se,1.1727880899999469e-07
RANDOM_GATE_PLACEBO_REPO,entry_with_recent_spike,43747,0.18748051128215204,0.03786551465078001,0.11326410256662323,0.26169691999768085,3.687474723227694e-07,6,8,10,normal_approx_row_se,2.446324694433982e-06
RANDOM_GATE_PLACEBO_REPO,entry_without_recent_spike,29710,-0.24446598312333154,0.05415905571918413,-0.3506177323329324,-0.13831423391373066,0.9999968169733514,-2,4,10,normal_approx_row_se,1.0
RANDOM_GATE_PLACEBO_REPO,same_average_recent_front_loaded,14331,-0.155554559837774,0.06839543734876767,-0.2896096170413586,-0.02149950263418937,0.9885272595523933,-4,3,10,normal_approx_row_se,1.0
RANDOM_GATE_PLACEBO_REPO,same_average_back_loaded,15559,-0.03625118516828421,0.05706678435563796,-0.1481020825053346,0.07559971216876618,0.7373645137657449,-2,4,10,normal_approx_row_se,1.0
RANDOM_GATE_PLACEBO_REPO,stable_low_dispersion,68968,-0.22814400416971356,0.03148428488972181,-0.2898532025535683,-0.1664348057858588,0.9999999999997858,-10,0,10,normal_approx_row_se,1.0
RIDGE_AR22,all_observations,367248,-0.4989954890449569,0.02936268565372707,-0.556546352926262,-0.44144462516365185,1.0,-6,2,10,normal_approx_row_se,1.0
RIDGE_AR22,cluster_entry_loose,73457,-0.3512382236025706,0.07654169943965586,-0.5012599545042962,-0.20121649270084513,0.9999977715058638,-4,3,10,normal_approx_row_se,1.0
RIDGE_AR22,cluster_entry_strict,73266,-0.3536043901911936,0.07663355716938369,-0.5038061622431856,-0.20340261813920157,0.9999980271653969,-4,3,10,normal_approx_row_se,1.0
RIDGE_AR22,cluster_exit_loose,73455,-1.6095582407280042,0.0696467787378487,-1.7460659270541876,-1.4730505544018209,1.0,-4,3,10,normal_approx_row_se,1.0
RIDGE_AR22,cluster_exit_strict,73334,-1.6109381349974363,0.06969640087265526,-1.7475430807078407,-1.474333189287032,1.0,-4,3,10,normal_approx_row_se,1.0
RIDGE_AR22,inflection_points,144886,-0.6437318882484533,0.049618345698537465,-0.7409838458175867,-0.5464799306793199,1.0,-6,2,10,normal_approx_row_se,1.0
RIDGE_AR22,high_within_block_dispersion,68970,-2.5430469890684924,0.08595977100141328,-2.7115281402312625,-2.374565837905722,1.0,-6,2,10,normal_approx_row_se,1.0
RIDGE_AR22,recent_spike_position,125358,0.09565667596952827,0.05047259915444143,-0.0032696183731769357,0.19458297031223348,0.02903163524546463,0,5,10,normal_approx_row_se,0.12148622748871354
RIDGE_AR22,older_spike_position,108871,-0.6445280412575156,0.05195426273075335,-0.7463583962097922,-0.5426976863052391,1.0,-4,3,10,normal_approx_row_se,1.0
RIDGE_AR22,same_average_different_path,7396,-1.8565355205527359,0.1841467622767519,-2.2174631746151694,-1.495607866490302,1.0,-10,0,10,normal_approx_row_se,1.0
RIDGE_AR22,recent_ramp_high_dispersion,24273,-0.4284574061071418,0.15839612483755838,-0.7389138107887563,-0.11800100142552733,0.9965845136459826,-2,4,10,normal_approx_row_se,1.0
RIDGE_AR22,entry_with_recent_spike,43747,0.34225385644853373,0.10470122469939447,0.13703945603772058,0.5474682568593469,0.0005399047301373576,0,5,10,normal_approx_row_se,0.002489052315209513
RIDGE_AR22,entry_without_recent_spike,29710,-1.3723825529864702,0.10948870358963923,-1.5869804120221631,-1.1577846939507772,1.0,-6,2,10,normal_approx_row_se,1.0
RIDGE_AR22,same_average_recent_front_loaded,14331,-0.4974987229358955,0.14590358253196148,-0.7834697446985399,-0.21152770117325098,0.9996749202668979,-4,3,10,normal_approx_row_se,1.0
RIDGE_AR22,same_average_back_loaded,15559,-0.5837077621102698,0.10978028308151132,-0.7988771169500319,-0.3685384072705076,0.9999999472697927,-4,3,10,normal_approx_row_se,1.0
RIDGE_AR22,stable_low_dispersion,68968,0.3803825395179793,0.06396086697720284,0.25501924024266176,0.5057458387932968,1.3645603909460299e-09,8,9,10,normal_approx_row_se,1.1598763323041254e-08
CP_REPO_OPS_K,all_observations,367248,-0.08309777131423794,0.00877747126954017,-0.10030161500253668,-0.06589392762593921,1.0,-10,0,10,normal_approx_row_se,1.0
CP_REPO_OPS_K,cluster_entry_loose,73457,-0.1976332954188273,0.024518419252907583,-0.24568939715452615,-0.14957719368312844,0.9999999999999997,-8,1,10,normal_approx_row_se,1.0
CP_REPO_OPS_K,cluster_entry_strict,73266,-0.19606209219727358,0.024517659048158974,-0.24411670393166518,-0.14800748046288198,0.9999999999999993,-8,1,10,normal_approx_row_se,1.0
CP_REPO_OPS_K,cluster_exit_loose,73455,-0.058934871935435805,0.01407056711121892,-0.08651318347342489,-0.03135656039744672,0.9999859611102285,-8,1,10,normal_approx_row_se,1.0
CP_REPO_OPS_K,cluster_exit_strict,73334,-0.05912437100238092,0.0140849423370685,-0.08673085798303518,-0.03151788402172666,0.9999865180612812,-8,1,10,normal_approx_row_se,1.0
CP_REPO_OPS_K,inflection_points,144886,-0.14683128830241718,0.014564593239822432,-0.17537789105246915,-0.11828468555236521,1.0,-10,0,10,normal_approx_row_se,1.0
CP_REPO_OPS_K,high_within_block_dispersion,68970,-0.1837932167138466,0.023597264707021476,-0.2300438555396087,-0.1375425778880845,0.9999999999999967,-8,1,10,normal_approx_row_se,1.0
CP_REPO_OPS_K,recent_spike_position,125358,0.018589013061519933,0.015486230443358966,-0.01176399860746364,0.048942024730503506,0.11500026106414495,6,8,10,normal_approx_row_se,0.4344454306867698
CP_REPO_OPS_K,older_spike_position,108871,-0.06373870607627313,0.014534183192971903,-0.09222570513449807,-0.0352517070180482,0.9999942122714072,-6,2,10,normal_approx_row_se,1.0
CP_REPO_OPS_K,same_average_different_path,7396,-0.04162657070692696,0.050301267717587556,-0.14021705543339857,0.05696391401954465,0.7960359320477878,2,6,10,normal_approx_row_se,1.0
CP_REPO_OPS_K,recent_ramp_high_dispersion,24273,-0.29108404738579835,0.04673703204943651,-0.3826886302026939,-0.1994794645689028,0.9999999997639738,-8,1,10,normal_approx_row_se,1.0
CP_REPO_OPS_K,entry_with_recent_spike,43747,0.06267511375218106,0.03021337240675325,0.003456903834944687,0.12189332366941744,0.019020330008924582,2,6,10,normal_approx_row_se,0.08083640253792947
CP_REPO_OPS_K,entry_without_recent_spike,29710,-0.580928885321355,0.04107861862114533,-0.6614429778187998,-0.5004147928239102,1.0,-8,1,10,normal_approx_row_se,1.0
CP_REPO_OPS_K,same_average_recent_front_loaded,14331,-0.17124741673343494,0.04743905595467212,-0.2642279664045923,-0.07826686706227759,0.999846807218992,-8,1,10,normal_approx_row_se,1.0
CP_REPO_OPS_K,same_average_back_loaded,15559,0.032527101011954815,0.022438243603952475,-0.011451856451792038,0.07650605847570166,0.07358117402075255,2,6,10,normal_approx_row_se,0.2918868937572042
CP_REPO_OPS_K,stable_low_dispersion,68968,-0.07310405766303954,0.018521670134686353,-0.10940653112702478,-0.03680158419905429,0.9999604230299641,-6,2,10,normal_approx_row_se,1.0
