model_name,benchmark_model,asset,condition,condition_label_type,n_obs,model_mean_SMAPE,CP_mean_SMAPE,mean_advantage_vs_CP,median_advantage_vs_CP,win_rate_vs_CP,winsorized_mean_advantage_1_99,trimmed_mean_advantage_10pct,mean_gain_when_model_wins,mean_loss_when_model_loses,median_abs_advantage_vs_CP,mean_abs_error_model,mean_abs_error_CP,mean_abs_error_advantage_vs_CP,run_type,model_status,source,benchmark_source,source_path,seed,phase,is_paper_eligible,alignment_exact,actual_match,n_rows_overlapping_CP,n_rows_used_in_CP_comparison
CP_REPO_FRESH,CP_REPO_FRESH,AAPL,all_observations,not_conditioned,36739,87.85136577639884,87.85136577639884,0.0,0.0,0.0,0.0,0.0,,,0.0,0.0007906026158481771,0.0007906026158481771,0.0,full,complete,generated_current,generated_current,/home/runner/work/money-making/money-making/projects/harv-extension/outputs/cp_repo_ops_hg_math_audited_actions/29058736547/AAPL/predictions/full/AAPL.csv,42,all,True,True,True,36739,36739
HAR_RV,CP_REPO_FRESH,AAPL,all_observations,not_conditioned,36739,89.93133067755521,87.85136577639884,-2.0799649011563566,-0.6993025468443079,0.40379433299763196,-2.1079209591226014,-2.1652870112827496,12.475834891457033,-13.401057813680545,9.19732709438371,0.0008141370506954201,0.0007906026158481771,-2.3534434847243143e-05,full,complete,generated_current,generated_current,/home/runner/work/money-making/money-making/projects/harv-extension/outputs/cp_repo_ops_hg_math_audited_actions/29058736547/AAPL/predictions/full/AAPL.csv,42,all,True,True,True,36739,36739
RAW_PM,CP_REPO_FRESH,AAPL,all_observations,not_conditioned,36739,89.51235906195953,87.85136577639884,-1.6609932855606688,-2.842170943040401e-14,0.42848199461063174,-1.7093700800511402,-1.3753244559779343,11.70563210118266,-13.266985388881544,7.438252815348449,0.000810531032985586,0.0007906026158481771,-1.992841713740889e-05,full,complete,generated_current,generated_current,/home/runner/work/money-making/money-making/projects/harv-extension/outputs/cp_repo_ops_hg_math_audited_actions/29058736547/AAPL/predictions/full/AAPL.csv,42,all,True,True,True,36739,36739
RAW_CP_REPO_PLUS_PM,CP_REPO_FRESH,AAPL,all_observations,not_conditioned,36739,87.85264086647595,87.85136577639884,-0.001275090077114436,0.0,0.4640572688423746,0.1067038814086537,0.04779582488659457,5.0767026176166965,-5.049830804250402,2.7537533686698197,0.0007885351643540224,0.0007906026158481771,2.067451494154585e-06,full,complete,generated_current,generated_current,/home/runner/work/money-making/money-making/projects/harv-extension/outputs/cp_repo_ops_hg_math_audited_actions/29058736547/AAPL/predictions/full/AAPL.csv,42,all,True,True,True,36739,36739
CP_REPO_OPS_R,CP_REPO_FRESH,AAPL,all_observations,not_conditioned,36739,87.94181802039758,87.85136577639884,-0.09045224399873324,0.0,0.4656631917036392,-0.035895851026635714,0.005170151241909445,2.0602540062492087,-2.2587227999051844,1.0092738150604248,0.000791181839394483,0.0007906026158481771,-5.792235463060545e-07,full,complete,generated_current,generated_current,/home/runner/work/money-making/money-making/projects/harv-extension/outputs/cp_repo_ops_hg_math_audited_actions/29058736547/AAPL/predictions/full/AAPL.csv,42,all,True,True,True,36739,36739
CP_REPO_RIDGE_OPS_R,CP_REPO_FRESH,AAPL,all_observations,not_conditioned,36739,87.94180036185193,87.85136577639884,-0.09043458545309806,0.0,0.4660986962083889,-0.035866675861370434,0.005148730415564622,2.058211574098786,-2.2642688445857444,1.0093781582024373,0.0007911811777825751,0.0007906026158481771,-5.785619343980478e-07,full,complete,generated_current,generated_current,/home/runner/work/money-making/money-making/projects/harv-extension/outputs/cp_repo_ops_hg_math_audited_actions/29058736547/AAPL/predictions/full/AAPL.csv,42,all,True,True,True,36739,36739
CP_REPO_LRPM,CP_REPO_FRESH,AAPL,all_observations,not_conditioned,36739,87.92236431068103,87.85136577639884,-0.07099853428219915,0.0,0.4607909850567517,0.11031972838247928,0.06355798543529229,6.472388743948583,-6.508440716947045,3.226059951135383,0.0007879676296942928,0.0007906026158481771,2.6349861538842514e-06,full,complete,generated_current,generated_current,/home/runner/work/money-making/money-making/projects/harv-extension/outputs/cp_repo_ops_hg_math_audited_actions/29058736547/AAPL/predictions/full/AAPL.csv,42,all,False,True,True,36739,36739
CP_REPO_RECENT_SLOPE,CP_REPO_FRESH,AAPL,all_observations,not_conditioned,36739,87.83481054526241,87.85136577639884,0.016555231136437972,0.0,0.4748087863033833,0.07011755198886387,0.08472582805243924,3.566274279953964,-3.680579906960349,2.293310797651813,0.000789303933733115,0.0007906026158481771,1.29868211506195e-06,full,complete,generated_current,generated_current,/home/runner/work/money-making/money-making/projects/harv-extension/outputs/cp_repo_ops_hg_math_audited_actions/29058736547/AAPL/predictions/full/AAPL.csv,42,all,True,True,True,36739,36739
CP_REPO_HAAR_SHAPE,CP_REPO_FRESH,AAPL,all_observations,not_conditioned,36739,88.01766543607721,87.85136577639884,-0.16629965967835791,0.0,0.46201584147636027,0.07871949740199219,0.06618297903770659,7.065163185907205,-7.326692426143012,3.587270256810747,0.0007880086167793135,0.0007906026158481771,2.5939990688635104e-06,full,complete,generated_current,generated_current,/home/runner/work/money-making/money-making/projects/harv-extension/outputs/cp_repo_ops_hg_math_audited_actions/29058736547/AAPL/predictions/full/AAPL.csv,42,all,True,True,True,36739,36739
CP_REPO_OPS_C,CP_REPO_FRESH,AAPL,all_observations,not_conditioned,36739,88.0165083179896,87.85136577639884,-0.1651425415907518,0.0,0.46285963145431286,0.07767617909684375,0.07852159099822424,7.078914487298825,-7.36210263126749,3.590198291124418,0.0007879765688820043,0.0007906026158481771,2.6260469661725866e-06,full,complete,generated_current,generated_current,/home/runner/work/money-making/money-making/projects/harv-extension/outputs/cp_repo_ops_hg_math_audited_actions/29058736547/AAPL/predictions/full/AAPL.csv,42,all,True,True,True,36739,36739
CP_REPO_RIDGE_OPS_C,CP_REPO_FRESH,AAPL,all_observations,not_conditioned,36739,88.0164196219396,87.85136577639884,-0.16505384554076352,0.0,0.46351288821143743,0.0777503049463214,0.07854354297496294,7.068676023739017,-7.364226060898937,3.5897708671684327,0.0007879760283580872,0.0007906026158481771,2.62658749008974e-06,full,complete,generated_current,generated_current,/home/runner/work/money-making/money-making/projects/harv-extension/outputs/cp_repo_ops_hg_math_audited_actions/29058736547/AAPL/predictions/full/AAPL.csv,42,all,True,True,True,36739,36739
CP_REPO_GATED_RIDGE_OPS_C,CP_REPO_FRESH,AAPL,all_observations,not_conditioned,36739,87.89726329974054,87.85136577639884,-0.045897523341707144,0.0,0.4784016984675685,0.053960053403056485,0.10146147107536649,5.928530171482983,-6.379063522142048,2.7511919700135508,0.0007893885979370646,0.0007906026158481771,1.2140179111124917e-06,full,complete,generated_current,generated_current,/home/runner/work/money-making/money-making/projects/harv-extension/outputs/cp_repo_ops_hg_math_audited_actions/29058736547/AAPL/predictions/full/AAPL.csv,42,all,True,True,True,36739,36739
CP_REPO_OPS_HG,CP_REPO_FRESH,AAPL,all_observations,not_conditioned,36739,87.71118529823389,87.85136577639884,0.1401804781649527,0.0,0.47589754756525765,0.2808811232866216,0.2623275822129799,7.459632839525623,-7.493368224606041,3.5199825056070466,0.000785169004265835,0.0007906026158481771,5.433611582341926e-06,full,complete,generated_current,generated_current,/home/runner/work/money-making/money-making/projects/harv-extension/outputs/cp_repo_ops_hg_math_audited_actions/29058736547/AAPL/predictions/full/AAPL.csv,42,all,True,True,True,36739,36739
RANDOM_RESIDUES_PLACEBO_REPO,CP_REPO_FRESH,AAPL,all_observations,not_conditioned,36739,87.81742258747235,87.85136577639884,0.033943188926495,0.0,0.47293067312665016,0.1995369691642249,0.1874538305519912,5.83380832403749,-5.95924885786791,2.9527705325644575,0.0007865821554793858,0.0007906026158481771,4.020460368791192e-06,full,complete,generated_current,generated_current,/home/runner/work/money-making/money-making/projects/harv-extension/outputs/cp_repo_ops_hg_math_audited_actions/29058736547/AAPL/predictions/full/AAPL.csv,42,all,True,True,True,36739,36739
SHUFFLED_LAG_PM_PLACEBO_REPO,CP_REPO_FRESH,AAPL,all_observations,not_conditioned,36739,87.85657398663278,87.85136577639884,-0.005208210233932481,0.0,0.4672691145649038,0.14318013768412255,0.12678617034559772,4.868920132585989,-4.933519601430313,2.402227597173777,0.0007876652182575915,0.0007906026158481771,2.937397590585622e-06,full,complete,generated_current,generated_current,/home/runner/work/money-making/money-making/projects/harv-extension/outputs/cp_repo_ops_hg_math_audited_actions/29058736547/AAPL/predictions/full/AAPL.csv,42,all,True,True,True,36739,36739
RANDOM_GATE_PLACEBO_REPO,CP_REPO_FRESH,AAPL,all_observations,not_conditioned,36739,87.96289500479865,87.85136577639884,-0.11152922839981194,0.0,0.4639211736846403,0.0196195460691263,0.02748771311429116,5.163755050898541,-5.380798773787558,2.104323550903025,0.0007890096068707027,0.0007906026158481771,1.5930089774743015e-06,full,complete,generated_current,generated_current,/home/runner/work/money-making/money-making/projects/harv-extension/outputs/cp_repo_ops_hg_math_audited_actions/29058736547/AAPL/predictions/full/AAPL.csv,42,all,True,True,True,36739,36739
RIDGE_AR22,CP_REPO_FRESH,AAPL,all_observations,not_conditioned,36739,88.62312553365074,87.85136577639884,-0.771759757251894,0.0,0.4502027817850241,-0.8145048452524245,-0.6218733874553654,12.75637261764902,-13.51234036118061,7.966732806212654,0.0007979209507722862,0.0007906026158481771,-7.318334924109264e-06,full,complete,generated_current,generated_current,/home/runner/work/money-making/money-making/projects/harv-extension/outputs/cp_repo_ops_hg_math_audited_actions/29058736547/AAPL/predictions/full/AAPL.csv,42,all,True,True,True,36739,36739
CP_REPO_OPS_K,CP_REPO_FRESH,AAPL,all_observations,not_conditioned,36739,87.85774938557753,87.85136577639884,-0.006383609178706684,0.0,0.47461825308255534,0.033385519690358204,0.05599784437201508,2.92198233511472,-3.0602136431311653,1.4221838100383195,0.0007902374864810332,0.0007906026158481771,3.65129367143679e-07,full,complete,generated_current,generated_current,/home/runner/work/money-making/money-making/projects/harv-extension/outputs/cp_repo_ops_hg_math_audited_actions/29058736547/AAPL/predictions/full/AAPL.csv,42,all,True,True,True,36739,36739
CP_REPO_FRESH,CP_REPO_FRESH,AMZN,all_observations,not_conditioned,36739,88.85346599501987,88.85346599501987,0.0,0.0,0.0,0.0,0.0,,,0.0,0.000918127073502117,0.000918127073502117,0.0,full,complete,generated_current,generated_current,/home/runner/work/money-making/money-making/projects/harv-extension/outputs/cp_repo_ops_hg_math_audited_actions/29058736547/AMZN/predictions/full/AMZN.csv,42,all,True,True,True,36739,36739
HAR_RV,CP_REPO_FRESH,AMZN,all_observations,not_conditioned,36739,90.84639667027325,88.85346599501987,-1.9929306752533742,-0.33231062844114234,0.39897656441383816,-2.07191941153293,-2.1324649678059986,13.805329365431696,-14.452317910458962,9.575123460832003,0.0009478287222862844,0.000918127073502117,-2.970164878416727e-05,full,complete,generated_current,generated_current,/home/runner/work/money-making/money-making/projects/harv-extension/outputs/cp_repo_ops_hg_math_audited_actions/29058736547/AMZN/predictions/full/AMZN.csv,42,all,True,True,True,36739,36739
RAW_PM,CP_REPO_FRESH,AMZN,all_observations,not_conditioned,36739,90.47658909558177,88.85346599501987,-1.6231231005619067,0.0,0.43120389776531753,-1.703198548747529,-1.1765653859235436,11.847866665360373,-13.759433841679163,7.182669789464816,0.0009474454636452613,0.000918127073502117,-2.9318390143144167e-05,full,complete,generated_current,generated_current,/home/runner/work/money-making/money-making/projects/harv-extension/outputs/cp_repo_ops_hg_math_audited_actions/29058736547/AMZN/predictions/full/AMZN.csv,42,all,True,True,True,36739,36739
RAW_CP_REPO_PLUS_PM,CP_REPO_FRESH,AMZN,all_observations,not_conditioned,36739,89.1633204536126,88.85346599501987,-0.3098544585927207,0.0,0.4491140205231498,-0.11032237989530483,-0.09838334510454903,7.074605797094093,-7.421348468185744,3.9473101758906495,0.0009152754834729769,0.000918127073502117,2.851590029140075e-06,full,complete,generated_current,generated_current,/home/runner/work/money-making/money-making/projects/harv-extension/outputs/cp_repo_ops_hg_math_audited_actions/29058736547/AMZN/predictions/full/AMZN.csv,42,all,True,True,True,36739,36739
CP_REPO_OPS_R,CP_REPO_FRESH,AMZN,all_observations,not_conditioned,36739,88.980664234025,88.85346599501987,-0.12719823900512575,0.0,0.46275075532812543,-0.06321695469609055,0.009539579926857698,2.0819504858547,-2.3892889870497958,0.9368199773966168,0.0009189741213570193,0.000918127073502117,-8.470478549022118e-07,full,complete,generated_current,generated_current,/home/runner/work/money-making/money-making/projects/harv-extension/outputs/cp_repo_ops_hg_math_audited_actions/29058736547/AMZN/predictions/full/AMZN.csv,42,all,True,True,True,36739,36739
CP_REPO_RIDGE_OPS_R,CP_REPO_FRESH,AMZN,all_observations,not_conditioned,36739,88.98035182594622,88.85346599501987,-0.12688583092634234,0.0,0.461879746318626,-0.06236357637962204,0.009080188090283306,2.082957776471633,-2.384655722200038,0.9347579241044883,0.0009189607835439165,0.000918127073502117,-8.337100417995499e-07,full,complete,generated_current,generated_current,/home/runner/work/money-making/money-making/projects/harv-extension/outputs/cp_repo_ops_hg_math_audited_actions/29058736547/AMZN/predictions/full/AMZN.csv,42,all,True,True,True,36739,36739
CP_REPO_LRPM,CP_REPO_FRESH,AMZN,all_observations,not_conditioned,36739,89.11821229309209,88.85346599501987,-0.2647462980722199,0.0,0.44922289664933723,-0.05977993891581643,-0.024120411345386755,6.966035263959505,-7.200251775104685,3.317867654352824,0.0009146265084536593,0.000918127073502117,3.5005650484579304e-06,full,complete,generated_current,generated_current,/home/runner/work/money-making/money-making/projects/harv-extension/outputs/cp_repo_ops_hg_math_audited_actions/29058736547/AMZN/predictions/full/AMZN.csv,42,all,False,True,True,36739,36739
CP_REPO_RECENT_SLOPE,CP_REPO_FRESH,AMZN,all_observations,not_conditioned,36739,88.83534504889391,88.85346599501987,0.018120946125940444,0.0,0.472195759274885,0.04801847589476653,0.10468031836272244,4.843218207601363,-5.064673959518016,3.1985120932243163,0.0009156430820069563,0.000918127073502117,2.48399149516068e-06,full,complete,generated_current,generated_current,/home/runner/work/money-making/money-making/projects/harv-extension/outputs/cp_repo_ops_hg_math_audited_actions/29058736547/AMZN/predictions/full/AMZN.csv,42,all,True,True,True,36739,36739
CP_REPO_HAAR_SHAPE,CP_REPO_FRESH,AMZN,all_observations,not_conditioned,36739,89.1825691310358,88.85346599501987,-0.32910313601592345,0.0,0.4507199433844144,-0.128431729025629,-0.02123570523596268,7.074459869322857,-7.493731943071216,3.435816010500176,0.0009151577653679747,0.000918127073502117,2.9693081341421632e-06,full,complete,generated_current,generated_current,/home/runner/work/money-making/money-making/projects/harv-extension/outputs/cp_repo_ops_hg_math_audited_actions/29058736547/AMZN/predictions/full/AMZN.csv,42,all,True,True,True,36739,36739
CP_REPO_OPS_C,CP_REPO_FRESH,AMZN,all_observations,not_conditioned,36739,89.25392998919995,88.85346599501987,-0.40046399418007067,0.0,0.45169982852010127,-0.2008448420981076,-0.03511865656502455,7.011999778157953,-7.623402524177785,3.451886553096003,0.0009156907459703083,0.000918127073502117,2.4363275318087766e-06,full,complete,generated_current,generated_current,/home/runner/work/money-making/money-making/projects/harv-extension/outputs/cp_repo_ops_hg_math_audited_actions/29058736547/AMZN/predictions/full/AMZN.csv,42,all,True,True,True,36739,36739
CP_REPO_RIDGE_OPS_C,CP_REPO_FRESH,AMZN,all_observations,not_conditioned,36739,89.25247544940297,88.85346599501987,-0.3990094543830932,0.0,0.45183592367783554,-0.19739900414265135,-0.03457551887404607,7.00588930137404,-7.632414660647484,3.4493799257991498,0.0009156736023557928,0.000918127073502117,2.453471146324236e-06,full,complete,generated_current,generated_current,/home/runner/work/money-making/money-making/projects/harv-extension/outputs/cp_repo_ops_hg_math_audited_actions/29058736547/AMZN/predictions/full/AMZN.csv,42,all,True,True,True,36739,36739
CP_REPO_GATED_RIDGE_OPS_C,CP_REPO_FRESH,AMZN,all_observations,not_conditioned,36739,88.85778959026369,88.85346599501987,-0.0043235952438360255,0.0,0.46838509485832497,0.05207704361019366,0.07474690550787902,5.756339606371035,-5.996973918767896,2.5519465872229885,0.0009146050510046242,0.000918127073502117,3.522022497492921e-06,full,complete,generated_current,generated_current,/home/runner/work/money-making/money-making/projects/harv-extension/outputs/cp_repo_ops_hg_math_audited_actions/29058736547/AMZN/predictions/full/AMZN.csv,42,all,True,True,True,36739,36739
CP_REPO_OPS_HG,CP_REPO_FRESH,AMZN,all_observations,not_conditioned,36739,88.54955643177924,88.85346599501987,0.30390956324063434,0.0,0.47298511118974385,0.34822744745351175,0.2614474959414947,7.101250274513982,-6.843481254654376,3.245640710382192,0.0009083069393825574,0.000918127073502117,9.820134119559675e-06,full,complete,generated_current,generated_current,/home/runner/work/money-making/money-making/projects/harv-extension/outputs/cp_repo_ops_hg_math_audited_actions/29058736547/AMZN/predictions/full/AMZN.csv,42,all,True,True,True,36739,36739
RANDOM_RESIDUES_PLACEBO_REPO,CP_REPO_FRESH,AMZN,all_observations,not_conditioned,36739,88.90999471499696,88.85346599501987,-0.056528719977076786,0.0,0.464166144968562,0.12179344959895705,0.15573732719365002,6.089629785591272,-6.333608310029048,3.023537376233776,0.0009124211020792866,0.000918127073502117,5.705971422830402e-06,full,complete,generated_current,generated_current,/home/runner/work/money-making/money-making/projects/harv-extension/outputs/cp_repo_ops_hg_math_audited_actions/29058736547/AMZN/predictions/full/AMZN.csv,42,all,True,True,True,36739,36739
SHUFFLED_LAG_PM_PLACEBO_REPO,CP_REPO_FRESH,AMZN,all_observations,not_conditioned,36739,89.08054954350294,88.85346599501987,-0.22708354848308884,0.0,0.46087264215139223,-0.00887805588374884,0.09717113127073136,5.260496930408772,-5.771971115328644,2.579694774287942,0.0009144087757257781,0.000918127073502117,3.7182977763388242e-06,full,complete,generated_current,generated_current,/home/runner/work/money-making/money-making/projects/harv-extension/outputs/cp_repo_ops_hg_math_audited_actions/29058736547/AMZN/predictions/full/AMZN.csv,42,all,True,True,True,36739,36739
RANDOM_GATE_PLACEBO_REPO,CP_REPO_FRESH,AMZN,all_observations,not_conditioned,36739,89.1325553403366,88.85346599501987,-0.27908934531674623,0.0,0.4491140205231498,-0.13187578636981498,-0.033566771540845135,4.808765240289544,-5.191082846023719,1.9029379111050346,0.0009174923636832936,0.000918127073502117,6.347098188234406e-07,full,complete,generated_current,generated_current,/home/runner/work/money-making/money-making/projects/harv-extension/outputs/cp_repo_ops_hg_math_audited_actions/29058736547/AMZN/predictions/full/AMZN.csv,42,all,True,True,True,36739,36739
RIDGE_AR22,CP_REPO_FRESH,AMZN,all_observations,not_conditioned,36739,89.44360490810182,88.85346599501987,-0.5901389130819452,0.0,0.4466098696208389,-0.6514527632069591,-0.48049811451065505,13.29168884856633,-13.720809393704945,7.8140395000371425,0.0009276488893053017,0.000918127073502117,-9.52181580318457e-06,full,complete,generated_current,generated_current,/home/runner/work/money-making/money-making/projects/harv-extension/outputs/cp_repo_ops_hg_math_audited_actions/29058736547/AMZN/predictions/full/AMZN.csv,42,all,True,True,True,36739,36739
CP_REPO_OPS_K,CP_REPO_FRESH,AMZN,all_observations,not_conditioned,36739,88.88521429439676,88.85346599501987,-0.03174829937689688,0.0,0.4774490323634285,0.016153800902734224,0.044902680443997284,2.066706760748233,-2.3075051838364926,0.9356039339960631,0.0009178530213040865,0.000918127073502117,2.740521980306468e-07,full,complete,generated_current,generated_current,/home/runner/work/money-making/money-making/projects/harv-extension/outputs/cp_repo_ops_hg_math_audited_actions/29058736547/AMZN/predictions/full/AMZN.csv,42,all,True,True,True,36739,36739
CP_REPO_FRESH,CP_REPO_FRESH,EEM,all_observations,not_conditioned,36739,135.85749343604172,135.85749343604172,0.0,0.0,0.0,0.0,0.0,,,0.0,0.00048633478130653043,0.00048633478130653043,0.0,full,complete,generated_current,generated_current,/home/runner/work/money-making/money-making/projects/harv-extension/outputs/cp_repo_ops_hg_math_audited_actions/29058736547/EEM/predictions/full/EEM.csv,42,all,True,True,True,36739,36739
HAR_RV,CP_REPO_FRESH,EEM,all_observations,not_conditioned,36739,135.67492696347745,135.85749343604172,0.18256647256430372,0.0,0.33286153678652114,0.15006200706866804,0.18914781682259735,7.952652098121549,-8.042070598844344,2.842170943040401e-14,0.0004967277758429078,0.00048633478130653043,-1.0392994536377321e-05,full,complete,generated_current,generated_current,/home/runner/work/money-making/money-making/projects/harv-extension/outputs/cp_repo_ops_hg_math_audited_actions/29058736547/EEM/predictions/full/EEM.csv,42,all,True,True,True,36739,36739
RAW_PM,CP_REPO_FRESH,EEM,all_observations,not_conditioned,36739,135.7869548472322,135.85749343604172,0.07053858880954682,0.0,0.31985083970712325,0.03116317719519829,0.017092336118993204,8.119687065742523,-8.111764877677748,2.842170943040401e-14,0.0004908791860362585,0.00048633478130653043,-4.5444047297280525e-06,full,complete,generated_current,generated_current,/home/runner/work/money-making/money-making/projects/harv-extension/outputs/cp_repo_ops_hg_math_audited_actions/29058736547/EEM/predictions/full/EEM.csv,42,all,True,True,True,36739,36739
RAW_CP_REPO_PLUS_PM,CP_REPO_FRESH,EEM,all_observations,not_conditioned,36739,136.19361751897313,135.85749343604172,-0.33612408293139706,0.0,0.2832412422765998,-0.25513387190746006,-0.1563017521372952,3.4957852724524217,-4.042645335431552,2.842170943040401e-14,0.0004866692805514679,0.00048633478130653043,-3.344992449373338e-07,full,complete,generated_current,generated_current,/home/runner/work/money-making/money-making/projects/harv-extension/outputs/cp_repo_ops_hg_math_audited_actions/29058736547/EEM/predictions/full/EEM.csv,42,all,True,True,True,36739,36739
CP_REPO_OPS_R,CP_REPO_FRESH,EEM,all_observations,not_conditioned,36739,135.95936250753482,135.85749343604172,-0.10186907149307904,0.0,0.2949726448732954,-0.06693307438457949,-0.02985288042434524,2.295050176963934,-2.455296600767323,2.842170943040401e-14,0.0004863274655569277,0.00048633478130653043,7.315749602838863e-09,full,complete,generated_current,generated_current,/home/runner/work/money-making/money-making/projects/harv-extension/outputs/cp_repo_ops_hg_math_audited_actions/29058736547/EEM/predictions/full/EEM.csv,42,all,True,True,True,36739,36739
CP_REPO_RIDGE_OPS_R,CP_REPO_FRESH,EEM,all_observations,not_conditioned,36739,135.95936646484492,135.85749343604172,-0.10187302880319231,0.0,0.2959253109774354,-0.06693920864815732,-0.029853910281775798,2.2876499050053294,-2.445644698497301,2.842170943040401e-14,0.00048632742673108953,0.00048633478130653043,7.354575440985266e-09,full,complete,generated_current,generated_current,/home/runner/work/money-making/money-making/projects/harv-extension/outputs/cp_repo_ops_hg_math_audited_actions/29058736547/EEM/predictions/full/EEM.csv,42,all,True,True,True,36739,36739
CP_REPO_LRPM,CP_REPO_FRESH,EEM,all_observations,not_conditioned,36739,136.22895391396384,135.85749343604172,-0.37146047792207837,0.0,0.28879392471215876,-0.2985006339149694,-0.17996042385389419,5.300980524170912,-5.903910277059691,2.842170943040401e-14,0.0004839052154788356,0.00048633478130653043,2.42956582769489e-06,full,complete,generated_current,generated_current,/home/runner/work/money-making/money-making/projects/harv-extension/outputs/cp_repo_ops_hg_math_audited_actions/29058736547/EEM/predictions/full/EEM.csv,42,all,False,True,True,36739,36739
CP_REPO_RECENT_SLOPE,CP_REPO_FRESH,EEM,all_observations,not_conditioned,36739,135.8874890397118,135.85749343604172,-0.029995603670021017,0.0,0.31214785377936255,-0.007066915949048761,0.027154914861768756,4.444648035538386,-4.636149586430477,2.842170943040401e-14,0.0004839842066724962,0.00048633478130653043,2.350574634034348e-06,full,complete,generated_current,generated_current,/home/runner/work/money-making/money-making/projects/harv-extension/outputs/cp_repo_ops_hg_math_audited_actions/29058736547/EEM/predictions/full/EEM.csv,42,all,True,True,True,36739,36739
CP_REPO_HAAR_SHAPE,CP_REPO_FRESH,EEM,all_observations,not_conditioned,36739,136.25352438590585,135.85749343604172,-0.39603094986409326,0.0,0.2919513323715942,-0.29216102617201506,-0.1547664189697078,5.279812508801094,-6.023614287590544,2.842170943040401e-14,0.0004836354187377835,0.00048633478130653043,2.699362568747073e-06,full,complete,generated_current,generated_current,/home/runner/work/money-making/money-making/projects/harv-extension/outputs/cp_repo_ops_hg_math_audited_actions/29058736547/EEM/predictions/full/EEM.csv,42,all,True,True,True,36739,36739
CP_REPO_OPS_C,CP_REPO_FRESH,EEM,all_observations,not_conditioned,36739,136.26174864108026,135.85749343604172,-0.4042552050385301,0.0,0.2916247039930319,-0.2878293698379613,-0.15270980976256043,5.148721912885011,-5.977064926802166,2.842170943040401e-14,0.0004837157903912898,0.00048633478130653043,2.6189909152406984e-06,full,complete,generated_current,generated_current,/home/runner/work/money-making/money-making/projects/harv-extension/outputs/cp_repo_ops_hg_math_audited_actions/29058736547/EEM/predictions/full/EEM.csv,42,all,True,True,True,36739,36739
CP_REPO_RIDGE_OPS_C,CP_REPO_FRESH,EEM,all_observations,not_conditioned,36739,136.2612699937906,135.85749343604172,-0.4037765577488674,0.0,0.2934483791066714,-0.2874985358506761,-0.15282895364379628,5.117581443234606,-5.962101217394646,2.842170943040401e-14,0.0004837150848635016,0.00048633478130653043,2.6196964430289084e-06,full,complete,generated_current,generated_current,/home/runner/work/money-making/money-making/projects/harv-extension/outputs/cp_repo_ops_hg_math_audited_actions/29058736547/EEM/predictions/full/EEM.csv,42,all,True,True,True,36739,36739
CP_REPO_GATED_RIDGE_OPS_C,CP_REPO_FRESH,EEM,all_observations,not_conditioned,36739,136.19298280919733,135.85749343604172,-0.33548937315559446,0.0,0.2905903807942513,-0.24654881213950128,-0.13385488305873103,5.970894367221129,-6.422187618810989,2.842170943040401e-14,0.0004837804118166039,0.00048633478130653043,2.5543694899265954e-06,full,complete,generated_current,generated_current,/home/runner/work/money-making/money-making/projects/harv-extension/outputs/cp_repo_ops_hg_math_audited_actions/29058736547/EEM/predictions/full/EEM.csv,42,all,True,True,True,36739,36739
CP_REPO_OPS_HG,CP_REPO_FRESH,EEM,all_observations,not_conditioned,36739,136.22468684564222,135.85749343604172,-0.36719340960048397,0.0,0.29429216908462397,-0.22792715324149732,-0.10750051364675496,7.872856925208237,-8.455084262253592,2.842170943040401e-14,0.00047863372905076335,0.00048633478130653043,7.701052255767135e-06,full,complete,generated_current,generated_current,/home/runner/work/money-making/money-making/projects/harv-extension/outputs/cp_repo_ops_hg_math_audited_actions/29058736547/EEM/predictions/full/EEM.csv,42,all,True,True,True,36739,36739
RANDOM_RESIDUES_PLACEBO_REPO,CP_REPO_FRESH,EEM,all_observations,not_conditioned,36739,135.98075647262655,135.85749343604172,-0.12326303658482436,0.0,0.3067857045646316,-0.019435876304057575,0.026802210813113347,3.458722762907145,-3.8410862430981894,2.842170943040401e-14,0.00048439411690945713,0.00048633478130653043,1.9406643970734185e-06,full,complete,generated_current,generated_current,/home/runner/work/money-making/money-making/projects/harv-extension/outputs/cp_repo_ops_hg_math_audited_actions/29058736547/EEM/predictions/full/EEM.csv,42,all,True,True,True,36739,36739
SHUFFLED_LAG_PM_PLACEBO_REPO,CP_REPO_FRESH,EEM,all_observations,not_conditioned,36739,136.0491660931744,135.85749343604172,-0.19167265713264822,0.0,0.2982389286589183,-0.07639420087860622,-0.029895421262497914,3.1253910688923003,-3.5552201577757083,2.842170943040401e-14,0.00048509814924787176,0.00048633478130653043,1.2366320586588074e-06,full,complete,generated_current,generated_current,/home/runner/work/money-making/money-making/projects/harv-extension/outputs/cp_repo_ops_hg_math_audited_actions/29058736547/EEM/predictions/full/EEM.csv,42,all,True,True,True,36739,36739
RANDOM_GATE_PLACEBO_REPO,CP_REPO_FRESH,EEM,all_observations,not_conditioned,36739,136.16326799694676,135.85749343604172,-0.3057745609050035,0.0,0.29004600016331417,-0.19241031225524455,-0.0876375291754821,3.780924095404897,-4.360844583472154,2.842170943040401e-14,0.00048530884361307013,0.00048633478130653043,1.0259376934603834e-06,full,complete,generated_current,generated_current,/home/runner/work/money-making/money-making/projects/harv-extension/outputs/cp_repo_ops_hg_math_audited_actions/29058736547/EEM/predictions/full/EEM.csv,42,all,True,True,True,36739,36739
RIDGE_AR22,CP_REPO_FRESH,EEM,all_observations,not_conditioned,36739,135.68029047750971,135.85749343604172,0.17720295853202486,0.0,0.3297857862217262,0.13238411900001082,0.1481711454966706,8.587706715113749,-8.58915067513298,2.842170943040401e-14,0.0004901683248582504,0.00048633478130653043,-3.833543551719954e-06,full,complete,generated_current,generated_current,/home/runner/work/money-making/money-making/projects/harv-extension/outputs/cp_repo_ops_hg_math_audited_actions/29058736547/EEM/predictions/full/EEM.csv,42,all,True,True,True,36739,36739
CP_REPO_OPS_K,CP_REPO_FRESH,EEM,all_observations,not_conditioned,36739,135.94763235763307,135.85749343604172,-0.09013892159134239,0.0,0.2890661150276273,-0.07214281294197963,-0.04978136177597883,1.9566391493594328,-2.0186962968444364,2.842170943040401e-14,0.0004861807792842476,0.00048633478130653043,1.5400202228284246e-07,full,complete,generated_current,generated_current,/home/runner/work/money-making/money-making/projects/harv-extension/outputs/cp_repo_ops_hg_math_audited_actions/29058736547/EEM/predictions/full/EEM.csv,42,all,True,True,True,36739,36739
CP_REPO_FRESH,CP_REPO_FRESH,FXI,all_observations,not_conditioned,36817,97.06344889936362,97.06344889936362,0.0,0.0,0.0,0.0,0.0,,,0.0,0.0007187823869234105,0.0007187823869234105,0.0,full,complete,generated_current,generated_current,/home/runner/work/money-making/money-making/projects/harv-extension/outputs/cp_repo_ops_hg_math_audited_actions/29058736547/FXI/predictions/full/FXI.csv,42,all,True,True,True,36817,36817
HAR_RV,CP_REPO_FRESH,FXI,all_observations,not_conditioned,36817,97.56125896852575,97.06344889936362,-0.49781006916214804,0.0,0.3920743134964826,-0.6490358913508983,-0.5217474091905232,11.046733067827141,-11.340656066238921,4.842863862909773,0.0007343384444870853,0.0007187823869234105,-1.555605756367486e-05,full,complete,generated_current,generated_current,/home/runner/work/money-making/money-making/projects/harv-extension/outputs/cp_repo_ops_hg_math_audited_actions/29058736547/FXI/predictions/full/FXI.csv,42,all,True,True,True,36817,36817
RAW_PM,CP_REPO_FRESH,FXI,all_observations,not_conditioned,36817,97.56151833970036,97.06344889936362,-0.49806944033675404,0.0,0.40837113290056226,-0.6170141657120563,-0.2804589445843649,13.710115661684206,-14.55889295358025,5.9880708936756415,0.0007318809711997955,0.0007187823869234105,-1.309858427638497e-05,full,complete,generated_current,generated_current,/home/runner/work/money-making/money-making/projects/harv-extension/outputs/cp_repo_ops_hg_math_audited_actions/29058736547/FXI/predictions/full/FXI.csv,42,all,True,True,True,36817,36817
RAW_CP_REPO_PLUS_PM,CP_REPO_FRESH,FXI,all_observations,not_conditioned,36817,97.97376504300517,97.06344889936362,-0.9103161436415831,0.0,0.39128663389195206,-0.6964031403616837,-0.3670348866213499,9.40138837735022,-11.06862620705971,4.728171376132252,0.000716639200752382,0.0007187823869234105,2.143186171028405e-06,full,complete,generated_current,generated_current,/home/runner/work/money-making/money-making/projects/harv-extension/outputs/cp_repo_ops_hg_math_audited_actions/29058736547/FXI/predictions/full/FXI.csv,42,all,True,True,True,36817,36817
CP_REPO_OPS_R,CP_REPO_FRESH,FXI,all_observations,not_conditioned,36817,97.46812061471017,97.06344889936362,-0.40467171534656826,0.0,0.39060759975011544,-0.28368647636638245,-0.08348655954769822,2.825116535416312,-3.6268320992643104,0.9043389368137795,0.0007206798731823877,0.0007187823869234105,-1.8974862589772394e-06,full,complete,generated_current,generated_current,/home/runner/work/money-making/money-making/projects/harv-extension/outputs/cp_repo_ops_hg_math_audited_actions/29058736547/FXI/predictions/full/FXI.csv,42,all,True,True,True,36817,36817
CP_REPO_RIDGE_OPS_R,CP_REPO_FRESH,FXI,all_observations,not_conditioned,36817,97.46812064212449,97.06344889936362,-0.40467174276088913,0.0,0.39025450199636036,-0.2836863316616201,-0.08348653015359417,2.827672641840282,-3.634666496772195,0.9043424323943867,0.0007206798686541119,0.0007187823869234105,-1.8974817307014913e-06,full,complete,generated_current,generated_current,/home/runner/work/money-making/money-making/projects/harv-extension/outputs/cp_repo_ops_hg_math_audited_actions/29058736547/FXI/predictions/full/FXI.csv,42,all,True,True,True,36817,36817
CP_REPO_LRPM,CP_REPO_FRESH,FXI,all_observations,not_conditioned,36817,97.73844223873559,97.06344889936362,-0.6749933393719862,0.0,0.3973979411684819,-0.5318856715342829,-0.12342174893416438,7.832592850024587,-9.236315787810845,3.141479781939349,0.0007170964765891352,0.0007187823869234105,1.6859103342752404e-06,full,complete,generated_current,generated_current,/home/runner/work/money-making/money-making/projects/harv-extension/outputs/cp_repo_ops_hg_math_audited_actions/29058736547/FXI/predictions/full/FXI.csv,42,all,False,True,True,36817,36817
CP_REPO_RECENT_SLOPE,CP_REPO_FRESH,FXI,all_observations,not_conditioned,36817,98.14824755240963,97.06344889936362,-1.0847986530460363,0.0,0.36610804791264906,-0.9623763792777454,-0.7387005378880527,7.490028759021923,-8.656209968179175,3.629870117082355,0.0007237446546809654,0.0007187823869234105,-4.962267757554891e-06,full,complete,generated_current,generated_current,/home/runner/work/money-making/money-making/projects/harv-extension/outputs/cp_repo_ops_hg_math_audited_actions/29058736547/FXI/predictions/full/FXI.csv,42,all,True,True,True,36817,36817
CP_REPO_HAAR_SHAPE,CP_REPO_FRESH,FXI,all_observations,not_conditioned,36817,97.98619624644702,97.06344889936362,-0.9227473470834219,0.0,0.39612135698182904,-0.7299052232990128,-0.15850709418631126,8.472490609650754,-10.41488775146879,3.344433158566133,0.0007175115159242531,0.0007187823869234105,1.270870999157461e-06,full,complete,generated_current,generated_current,/home/runner/work/money-making/money-making/projects/harv-extension/outputs/cp_repo_ops_hg_math_audited_actions/29058736547/FXI/predictions/full/FXI.csv,42,all,True,True,True,36817,36817
CP_REPO_OPS_C,CP_REPO_FRESH,FXI,all_observations,not_conditioned,36817,97.99282656452367,97.06344889936362,-0.9293776651600785,0.0,0.3950349023548904,-0.7299184472566447,-0.16532902778035669,8.44673874413697,-10.358521782821782,3.3152746377132374,0.0007174921120233556,0.0007187823869234105,1.2902749000548854e-06,full,complete,generated_current,generated_current,/home/runner/work/money-making/money-making/projects/harv-extension/outputs/cp_repo_ops_hg_math_audited_actions/29058736547/FXI/predictions/full/FXI.csv,42,all,True,True,True,36817,36817
CP_REPO_RIDGE_OPS_C,CP_REPO_FRESH,FXI,all_observations,not_conditioned,36817,97.99275634667278,97.06344889936362,-0.9293074473091837,0.0,0.39674606839231874,-0.7297808889032971,-0.1653203129291603,8.410244445321498,-10.400129314024191,3.315175487308977,0.000717491996229731,0.0007187823869234105,1.29039069367947e-06,full,complete,generated_current,generated_current,/home/runner/work/money-making/money-making/projects/harv-extension/outputs/cp_repo_ops_hg_math_audited_actions/29058736547/FXI/predictions/full/FXI.csv,42,all,True,True,True,36817,36817
CP_REPO_GATED_RIDGE_OPS_C,CP_REPO_FRESH,FXI,all_observations,not_conditioned,36817,97.726532698807,97.06344889936362,-0.6630837994434053,0.0,0.4007931118776652,-0.5331729570356519,-0.08502246091912272,8.129775512681881,-9.657885056474793,2.8870175111425667,0.0007184764466655019,0.0007187823869234105,3.0594025790862456e-07,full,complete,generated_current,generated_current,/home/runner/work/money-making/money-making/projects/harv-extension/outputs/cp_repo_ops_hg_math_audited_actions/29058736547/FXI/predictions/full/FXI.csv,42,all,True,True,True,36817,36817
CP_REPO_OPS_HG,CP_REPO_FRESH,FXI,all_observations,not_conditioned,36817,98.34196529986163,97.06344889936362,-1.2785164004980227,0.0,0.3776787896895456,-1.07849198270067,-0.5670315657621746,10.753568078085566,-12.419425296457074,4.504647487423597,0.0007168970350698162,0.0007187823869234105,1.8853518535942045e-06,full,complete,generated_current,generated_current,/home/runner/work/money-making/money-making/projects/harv-extension/outputs/cp_repo_ops_hg_math_audited_actions/29058736547/FXI/predictions/full/FXI.csv,42,all,True,True,True,36817,36817
RANDOM_RESIDUES_PLACEBO_REPO,CP_REPO_FRESH,FXI,all_observations,not_conditioned,36817,97.92866804378309,97.06344889936362,-0.8652191444194871,0.0,0.3912051497949317,-0.6631761215238811,-0.16013641704365075,5.8650486724660125,-7.594272703330737,2.0618221120887483,0.0007200719154060292,0.0007187823869234105,-1.2895284826187873e-06,full,complete,generated_current,generated_current,/home/runner/work/money-making/money-making/projects/harv-extension/outputs/cp_repo_ops_hg_math_audited_actions/29058736547/FXI/predictions/full/FXI.csv,42,all,True,True,True,36817,36817
SHUFFLED_LAG_PM_PLACEBO_REPO,CP_REPO_FRESH,FXI,all_observations,not_conditioned,36817,97.53827628851603,97.06344889936362,-0.47482738915242545,0.0,0.39932639813129805,-0.2880482916677581,-0.04458025751790794,4.1149395460830345,-5.190332880254102,1.2783391246346127,0.0007194321823536224,0.0007187823869234105,-6.497954302119656e-07,full,complete,generated_current,generated_current,/home/runner/work/money-making/money-making/projects/harv-extension/outputs/cp_repo_ops_hg_math_audited_actions/29058736547/FXI/predictions/full/FXI.csv,42,all,True,True,True,36817,36817
RANDOM_GATE_PLACEBO_REPO,CP_REPO_FRESH,FXI,all_observations,not_conditioned,36817,97.52319184584682,97.06344889936362,-0.45974294648321756,0.0,0.4026129233777874,-0.28112827216443587,-0.012925734817936836,4.462553793690754,-5.589368966194622,1.4026710424677304,0.0007190013679717085,0.0007187823869234105,-2.1898104829794062e-07,full,complete,generated_current,generated_current,/home/runner/work/money-making/money-making/projects/harv-extension/outputs/cp_repo_ops_hg_math_audited_actions/29058736547/FXI/predictions/full/FXI.csv,42,all,True,True,True,36817,36817
RIDGE_AR22,CP_REPO_FRESH,FXI,all_observations,not_conditioned,36817,97.38243566174275,97.06344889936362,-0.31898676237916335,0.0,0.41002797620664366,-0.3997957165070672,-0.17133819360363442,14.371522279236887,-14.998467730710498,6.213249099747443,0.0007294565195470266,0.0007187823869234105,-1.0674132623616167e-05,full,complete,generated_current,generated_current,/home/runner/work/money-making/money-making/projects/harv-extension/outputs/cp_repo_ops_hg_math_audited_actions/29058736547/FXI/predictions/full/FXI.csv,42,all,True,True,True,36817,36817
CP_REPO_OPS_K,CP_REPO_FRESH,FXI,all_observations,not_conditioned,36817,97.39931065328302,97.06344889936362,-0.3358617539194289,0.0,0.39862020262378794,-0.22061479119995134,-0.04742198825015505,3.7415677798395914,-4.500111767958358,1.1372471709769059,0.0007196216619636633,0.0007187823869234105,-8.392750402527621e-07,full,complete,generated_current,generated_current,/home/runner/work/money-making/money-making/projects/harv-extension/outputs/cp_repo_ops_hg_math_audited_actions/29058736547/FXI/predictions/full/FXI.csv,42,all,True,True,True,36817,36817
CP_REPO_FRESH,CP_REPO_FRESH,GLD,all_observations,not_conditioned,36739,103.44220637159802,103.44220637159802,0.0,0.0,0.0,0.0,0.0,,,0.0,0.0004814453130915551,0.0004814453130915551,0.0,full,complete,generated_current,generated_current,/home/runner/work/money-making/money-making/projects/harv-extension/outputs/cp_repo_ops_hg_math_audited_actions/29058736547/GLD/predictions/full/GLD.csv,42,all,True,True,True,36739,36739
HAR_RV,CP_REPO_FRESH,GLD,all_observations,not_conditioned,36739,103.48537719035905,103.44220637159802,-0.043170818761030974,0.0,0.40782274966656684,-0.09123682082060822,-0.029612053141310924,11.588456806616403,-12.061396093067739,5.8115154615140625,0.0004909405550514082,0.0004814453130915551,-9.495241959853178e-06,full,complete,generated_current,generated_current,/home/runner/work/money-making/money-making/projects/harv-extension/outputs/cp_repo_ops_hg_math_audited_actions/29058736547/GLD/predictions/full/GLD.csv,42,all,True,True,True,36739,36739
RAW_PM,CP_REPO_FRESH,GLD,all_observations,not_conditioned,36739,103.45343630378298,103.44220637159802,-0.01122993218497606,0.0,0.41443697433245325,-0.06431995152958297,0.03639237196697143,11.777088791150142,-12.577363919705801,5.590429364786871,0.0004802657301357244,0.0004814453130915551,1.179582955830666e-06,full,complete,generated_current,generated_current,/home/runner/work/money-making/money-making/projects/harv-extension/outputs/cp_repo_ops_hg_math_audited_actions/29058736547/GLD/predictions/full/GLD.csv,42,all,True,True,True,36739,36739
RAW_CP_REPO_PLUS_PM,CP_REPO_FRESH,GLD,all_observations,not_conditioned,36739,103.50997770090385,103.44220637159802,-0.06777132930584244,0.0,0.39021203625575,-0.07067208856553392,-0.06712632611965051,3.2993354364345318,-3.2986036626535573,1.2530121382323216,0.00048127662717493486,0.0004814453130915551,1.6868591662018574e-07,full,complete,generated_current,generated_current,/home/runner/work/money-making/money-making/projects/harv-extension/outputs/cp_repo_ops_hg_math_audited_actions/29058736547/GLD/predictions/full/GLD.csv,42,all,True,True,True,36739,36739
CP_REPO_OPS_R,CP_REPO_FRESH,GLD,all_observations,not_conditioned,36739,103.48381504231796,103.44220637159802,-0.04160867071994673,0.0,0.39154576880154607,-0.037427919401897235,-0.011899170623223742,1.8930269579288113,-1.9101921986839847,0.5987447745947918,0.00048162480221741787,0.0004814453130915551,-1.7948912586278734e-07,full,complete,generated_current,generated_current,/home/runner/work/money-making/money-making/projects/harv-extension/outputs/cp_repo_ops_hg_math_audited_actions/29058736547/GLD/predictions/full/GLD.csv,42,all,True,True,True,36739,36739
CP_REPO_RIDGE_OPS_R,CP_REPO_FRESH,GLD,all_observations,not_conditioned,36739,103.4834991072539,103.44220637159802,-0.041292735655917207,0.0,0.38993984594028147,-0.03691669771523377,-0.01161165078736064,1.8971249124959704,-1.9018601081442217,0.596839510700093,0.0004816156494772685,0.0004814453130915551,-1.7033638571343223e-07,full,complete,generated_current,generated_current,/home/runner/work/money-making/money-making/projects/harv-extension/outputs/cp_repo_ops_hg_math_audited_actions/29058736547/GLD/predictions/full/GLD.csv,42,all,True,True,True,36739,36739
CP_REPO_LRPM,CP_REPO_FRESH,GLD,all_observations,not_conditioned,36739,103.5519581845947,103.44220637159802,-0.10975181299668582,0.0,0.3903481314134843,-0.07984114735210361,-0.08007795630891677,4.308319908051003,-4.338680794927137,1.6431647339922293,0.00048050543291773345,0.0004814453130915551,9.398801738215813e-07,full,complete,generated_current,generated_current,/home/runner/work/money-making/money-making/projects/harv-extension/outputs/cp_repo_ops_hg_math_audited_actions/29058736547/GLD/predictions/full/GLD.csv,42,all,False,True,True,36739,36739
CP_REPO_RECENT_SLOPE,CP_REPO_FRESH,GLD,all_observations,not_conditioned,36739,103.4914561702432,103.44220637159802,-0.04924979864520252,0.0,0.40139905822150845,-0.024017535668157793,0.0005443032861060587,3.3950541278347734,-3.5189425841544906,1.4440623733532334,0.00048103687356748306,0.0004814453130915551,4.0843952407201484e-07,full,complete,generated_current,generated_current,/home/runner/work/money-making/money-making/projects/harv-extension/outputs/cp_repo_ops_hg_math_audited_actions/29058736547/GLD/predictions/full/GLD.csv,42,all,True,True,True,36739,36739
CP_REPO_HAAR_SHAPE,CP_REPO_FRESH,GLD,all_observations,not_conditioned,36739,103.62637273055309,103.44220637159802,-0.1841663589550851,0.0,0.38879664661531343,-0.1016571045559664,-0.072103570629781,4.866126622337787,-5.0097760614202835,1.825621860487388,0.0004805989560248221,0.0004814453130915551,8.463570667330015e-07,full,complete,generated_current,generated_current,/home/runner/work/money-making/money-making/projects/harv-extension/outputs/cp_repo_ops_hg_math_audited_actions/29058736547/GLD/predictions/full/GLD.csv,42,all,True,True,True,36739,36739
CP_REPO_OPS_C,CP_REPO_FRESH,GLD,all_observations,not_conditioned,36739,103.62603976827165,103.44220637159802,-0.18383339667366,0.0,0.38866055145757916,-0.10700403017680657,-0.07218819521969368,4.896043069291659,-5.0593581565900605,1.8408602914784922,0.00048072887943674,0.0004814453130915551,7.164336548149761e-07,full,complete,generated_current,generated_current,/home/runner/work/money-making/money-making/projects/harv-extension/outputs/cp_repo_ops_hg_math_audited_actions/29058736547/GLD/predictions/full/GLD.csv,42,all,True,True,True,36739,36739
CP_REPO_RIDGE_OPS_C,CP_REPO_FRESH,GLD,all_observations,not_conditioned,36739,103.62580353476348,103.44220637159802,-0.18359716316545327,0.0,0.38904161789923514,-0.10683664663798188,-0.07214224547291127,4.8894113214466,-5.05738728847491,1.8408812141609587,0.0004807276056793772,0.0004814453130915551,7.177074121778466e-07,full,complete,generated_current,generated_current,/home/runner/work/money-making/money-making/projects/harv-extension/outputs/cp_repo_ops_hg_math_audited_actions/29058736547/GLD/predictions/full/GLD.csv,42,all,True,True,True,36739,36739
CP_REPO_GATED_RIDGE_OPS_C,CP_REPO_FRESH,GLD,all_observations,not_conditioned,36739,103.57019677027354,103.44220637159802,-0.12799039867555584,0.0,0.3944582051770598,-0.07949724974644068,-0.05535644372844627,4.683620364758907,-4.843327699901724,1.5214381456219002,0.00048040651926106227,0.0004814453130915551,1.0387938304927432e-06,full,complete,generated_current,generated_current,/home/runner/work/money-making/money-making/projects/harv-extension/outputs/cp_repo_ops_hg_math_audited_actions/29058736547/GLD/predictions/full/GLD.csv,42,all,True,True,True,36739,36739
CP_REPO_OPS_HG,CP_REPO_FRESH,GLD,all_observations,not_conditioned,36739,103.45721528354655,103.44220637159802,-0.015008911948537394,0.0,0.3984866218459947,0.028340328451800435,0.022692497442610524,7.113671711170079,-7.044513946145019,2.5320589097723882,0.0004763895521498177,0.0004814453130915551,5.055760941737407e-06,full,complete,generated_current,generated_current,/home/runner/work/money-making/money-making/projects/harv-extension/outputs/cp_repo_ops_hg_math_audited_actions/29058736547/GLD/predictions/full/GLD.csv,42,all,True,True,True,36739,36739
RANDOM_RESIDUES_PLACEBO_REPO,CP_REPO_FRESH,GLD,all_observations,not_conditioned,36739,103.48960248446467,103.44220637159802,-0.04739611286665455,0.0,0.4006913634012902,0.010165942714089937,0.024860816354061215,4.681612211453879,-4.812320312975588,1.7349749189871524,0.00047967399370350654,0.0004814453130915551,1.7713193880485088e-06,full,complete,generated_current,generated_current,/home/runner/work/money-making/money-making/projects/harv-extension/outputs/cp_repo_ops_hg_math_audited_actions/29058736547/GLD/predictions/full/GLD.csv,42,all,True,True,True,36739,36739
SHUFFLED_LAG_PM_PLACEBO_REPO,CP_REPO_FRESH,GLD,all_observations,not_conditioned,36739,103.511195109296,103.44220637159802,-0.06898873769799573,0.0,0.40006532567571246,0.006322605504912172,0.032588077487659885,4.363755732432999,-4.526037539174997,1.6127534972039008,0.00047993014410541184,0.0004814453130915551,1.5151689861432367e-06,full,complete,generated_current,generated_current,/home/runner/work/money-making/money-making/projects/harv-extension/outputs/cp_repo_ops_hg_math_audited_actions/29058736547/GLD/predictions/full/GLD.csv,42,all,True,True,True,36739,36739
RANDOM_GATE_PLACEBO_REPO,CP_REPO_FRESH,GLD,all_observations,not_conditioned,36739,103.66635045017875,103.44220637159802,-0.22414407858075586,0.0,0.3880617327635483,-0.11922426345685594,-0.05252974446030771,3.5197023078526817,-3.844877582178245,0.9940203126236931,0.00048147921441763565,0.0004814453130915551,-3.390132608063974e-08,full,complete,generated_current,generated_current,/home/runner/work/money-making/money-making/projects/harv-extension/outputs/cp_repo_ops_hg_math_audited_actions/29058736547/GLD/predictions/full/GLD.csv,42,all,True,True,True,36739,36739
RIDGE_AR22,CP_REPO_FRESH,GLD,all_observations,not_conditioned,36739,103.09269857319737,103.44220637159802,0.3495077984006369,0.0,0.4187648003484036,0.3041905616518319,0.3238640603886268,12.679686709231621,-12.818204474649189,6.001738979759377,0.000474860258536335,0.0004814453130915551,6.58505455522001e-06,full,complete,generated_current,generated_current,/home/runner/work/money-making/money-making/projects/harv-extension/outputs/cp_repo_ops_hg_math_audited_actions/29058736547/GLD/predictions/full/GLD.csv,42,all,True,True,True,36739,36739
CP_REPO_OPS_K,CP_REPO_FRESH,GLD,all_observations,not_conditioned,36739,103.5015336981877,103.44220637159802,-0.05932732658970403,0.0,0.4015351533792428,-0.03492941036064546,-0.0018724124406943792,2.0636484439500227,-2.222700040657483,0.5523790732374039,0.0004813428876340219,0.0004814453130915551,1.0242545753310852e-07,full,complete,generated_current,generated_current,/home/runner/work/money-making/money-making/projects/harv-extension/outputs/cp_repo_ops_hg_math_audited_actions/29058736547/GLD/predictions/full/GLD.csv,42,all,True,True,True,36739,36739
CP_REPO_FRESH,CP_REPO_FRESH,GOOGL,all_observations,not_conditioned,36739,93.00918531947762,93.00918531947762,0.0,0.0,0.0,0.0,0.0,,,0.0,0.0008990227005710314,0.0008990227005710314,0.0,full,complete,generated_current,generated_current,/home/runner/work/money-making/money-making/projects/harv-extension/outputs/cp_repo_ops_hg_math_audited_actions/29058736547/GOOGL/predictions/full/GOOGL.csv,42,all,True,True,True,36739,36739
HAR_RV,CP_REPO_FRESH,GOOGL,all_observations,not_conditioned,36739,94.30685512716998,93.00918531947762,-1.297669807692347,0.0,0.40284166689349193,-1.4263393273364742,-1.4873087886593428,13.686630828032833,-14.115367064513487,8.918122988625285,0.0009221540127992141,0.0008990227005710314,-2.3131312228182625e-05,full,complete,generated_current,generated_current,/home/runner/work/money-making/money-making/projects/harv-extension/outputs/cp_repo_ops_hg_math_audited_actions/29058736547/GOOGL/predictions/full/GOOGL.csv,42,all,True,True,True,36739,36739
RAW_PM,CP_REPO_FRESH,GOOGL,all_observations,not_conditioned,36739,94.09598174794304,93.00918531947762,-1.0867964284654046,0.0,0.42390919731075966,-1.2008324552048752,-0.8338616643518093,10.867854794833159,-12.232969857317086,6.069203366460442,0.0009240931881543703,0.0008990227005710314,-2.5070487583338747e-05,full,complete,generated_current,generated_current,/home/runner/work/money-making/money-making/projects/harv-extension/outputs/cp_repo_ops_hg_math_audited_actions/29058736547/GOOGL/predictions/full/GOOGL.csv,42,all,True,True,True,36739,36739
RAW_CP_REPO_PLUS_PM,CP_REPO_FRESH,GOOGL,all_observations,not_conditioned,36739,93.16354648269532,93.00918531947762,-0.15436116321770058,0.0,0.4295435368409592,-0.06960208786375113,-0.09084485650148391,4.763631821239848,-4.820580081476426,2.399746016411342,0.0008988766426216767,0.0008990227005710314,1.4605794935478994e-07,full,complete,generated_current,generated_current,/home/runner/work/money-making/money-making/projects/harv-extension/outputs/cp_repo_ops_hg_math_audited_actions/29058736547/GOOGL/predictions/full/GOOGL.csv,42,all,True,True,True,36739,36739
CP_REPO_OPS_R,CP_REPO_FRESH,GOOGL,all_observations,not_conditioned,36739,93.03987436248548,93.00918531947762,-0.030689043007861377,0.0,0.4464737744631046,-0.02737897821422395,0.00512756052621022,2.264846879433536,-2.374993368146312,0.9604813781110408,0.0008997505705874156,0.0008990227005710314,-7.278700163841916e-07,full,complete,generated_current,generated_current,/home/runner/work/money-making/money-making/projects/harv-extension/outputs/cp_repo_ops_hg_math_audited_actions/29058736547/GOOGL/predictions/full/GOOGL.csv,42,all,True,True,True,36739,36739
CP_REPO_RIDGE_OPS_R,CP_REPO_FRESH,GOOGL,all_observations,not_conditioned,36739,93.0393995748535,93.00918531947762,-0.03021425537588294,0.0,0.44625602221072974,-0.027019518440592912,0.005006722839227491,2.265968189700543,-2.3660002472571247,0.9604113033080495,0.0008997476428693305,0.0008990227005710314,-7.24942298299025e-07,full,complete,generated_current,generated_current,/home/runner/work/money-making/money-making/projects/harv-extension/outputs/cp_repo_ops_hg_math_audited_actions/29058736547/GOOGL/predictions/full/GOOGL.csv,42,all,True,True,True,36739,36739
CP_REPO_LRPM,CP_REPO_FRESH,GOOGL,all_observations,not_conditioned,36739,93.21651039901894,93.00918531947762,-0.20732507954131496,0.0,0.43060507907128664,-0.090041261437196,-0.0886045221217278,6.695824320025727,-6.757415749573016,3.049419221930279,0.0008964349603594351,0.0008990227005710314,2.5877402115963587e-06,full,complete,generated_current,generated_current,/home/runner/work/money-making/money-making/projects/harv-extension/outputs/cp_repo_ops_hg_math_audited_actions/29058736547/GOOGL/predictions/full/GOOGL.csv,42,all,False,True,True,36739,36739
CP_REPO_RECENT_SLOPE,CP_REPO_FRESH,GOOGL,all_observations,not_conditioned,36739,93.00716734977539,93.00918531947762,0.0020179697022405336,0.0,0.4486512969868532,0.017650494089772505,0.06318990475254255,3.844516951078294,-3.9426332824051884,2.275957117530774,0.0008970753978034953,0.0008990227005710314,1.947302767536052e-06,full,complete,generated_current,generated_current,/home/runner/work/money-making/money-making/projects/harv-extension/outputs/cp_repo_ops_hg_math_audited_actions/29058736547/GOOGL/predictions/full/GOOGL.csv,42,all,True,True,True,36739,36739
CP_REPO_HAAR_SHAPE,CP_REPO_FRESH,GOOGL,all_observations,not_conditioned,36739,93.19549009400305,93.00918531947762,-0.18630477452542166,0.0,0.43501456218187756,-0.0856762061681468,-0.05823534121959745,6.837777206379942,-6.998071979248746,3.1437575624956082,0.0008962430169479162,0.0008990227005710314,2.7796836231152653e-06,full,complete,generated_current,generated_current,/home/runner/work/money-making/money-making/projects/harv-extension/outputs/cp_repo_ops_hg_math_audited_actions/29058736547/GOOGL/predictions/full/GOOGL.csv,42,all,True,True,True,36739,36739
CP_REPO_OPS_C,CP_REPO_FRESH,GOOGL,all_observations,not_conditioned,36739,93.17916968111146,93.00918531947762,-0.16998436163382877,0.0,0.43457905767712784,-0.08141164614779368,-0.054079148484923116,7.031224773989583,-7.137601048219173,3.260354239352999,0.0008959832598908644,0.0008990227005710314,3.0394406801670326e-06,full,complete,generated_current,generated_current,/home/runner/work/money-making/money-making/projects/harv-extension/outputs/cp_repo_ops_hg_math_audited_actions/29058736547/GOOGL/predictions/full/GOOGL.csv,42,all,True,True,True,36739,36739
CP_REPO_RIDGE_OPS_C,CP_REPO_FRESH,GOOGL,all_observations,not_conditioned,36739,93.1786126899029,93.00918531947762,-0.1694273704252701,0.0,0.4344701815509404,-0.0808964020235247,-0.05395801420123183,7.031765262153304,-7.13218719304907,3.2601243960114203,0.0008959802057850291,0.0008990227005710314,3.0424947860025746e-06,full,complete,generated_current,generated_current,/home/runner/work/money-making/money-making/projects/harv-extension/outputs/cp_repo_ops_hg_math_audited_actions/29058736547/GOOGL/predictions/full/GOOGL.csv,42,all,True,True,True,36739,36739
CP_REPO_GATED_RIDGE_OPS_C,CP_REPO_FRESH,GOOGL,all_observations,not_conditioned,36739,93.07035504081907,93.00918531947762,-0.06116972134142747,0.0,0.44372465227687197,-0.016189125657332975,-0.013213294993130576,5.449318452472113,-5.599539149425985,2.214428330958924,0.0008972811825640291,0.0008990227005710314,1.7415180070023083e-06,full,complete,generated_current,generated_current,/home/runner/work/money-making/money-making/projects/harv-extension/outputs/cp_repo_ops_hg_math_audited_actions/29058736547/GOOGL/predictions/full/GOOGL.csv,42,all,True,True,True,36739,36739
CP_REPO_OPS_HG,CP_REPO_FRESH,GOOGL,all_observations,not_conditioned,36739,93.04653164188123,93.00918531947762,-0.03734632240358698,0.0,0.43879800756689075,0.04099489778993421,-0.002439505848883748,7.444910241237339,-7.364199498772902,3.0892811881205233,0.0008921447924137338,0.0008990227005710314,6.8779081572977165e-06,full,complete,generated_current,generated_current,/home/runner/work/money-making/money-making/projects/harv-extension/outputs/cp_repo_ops_hg_math_audited_actions/29058736547/GOOGL/predictions/full/GOOGL.csv,42,all,True,True,True,36739,36739
RANDOM_RESIDUES_PLACEBO_REPO,CP_REPO_FRESH,GOOGL,all_observations,not_conditioned,36739,93.10466659638956,93.00918531947762,-0.09548127691193566,0.0,0.44211872941560737,0.01907759487007543,0.09736739835989039,6.674706903699459,-6.846412458359304,3.191290592739186,0.0008938873821912105,0.0008990227005710314,5.135318379820772e-06,full,complete,generated_current,generated_current,/home/runner/work/money-making/money-making/projects/harv-extension/outputs/cp_repo_ops_hg_math_audited_actions/29058736547/GOOGL/predictions/full/GOOGL.csv,42,all,True,True,True,36739,36739
SHUFFLED_LAG_PM_PLACEBO_REPO,CP_REPO_FRESH,GOOGL,all_observations,not_conditioned,36739,93.17984881985636,93.00918531947762,-0.1706635003787244,0.0,0.4385258172514222,-0.015518116679389501,0.022095922484952582,5.521081720753293,-5.787403752718061,2.5951405903565927,0.000895634719053886,0.0008990227005710314,3.387981517145413e-06,full,complete,generated_current,generated_current,/home/runner/work/money-making/money-making/projects/harv-extension/outputs/cp_repo_ops_hg_math_audited_actions/29058736547/GOOGL/predictions/full/GOOGL.csv,42,all,True,True,True,36739,36739
RANDOM_GATE_PLACEBO_REPO,CP_REPO_FRESH,GOOGL,all_observations,not_conditioned,36739,93.0841311982007,93.00918531947762,-0.07494587872304388,0.0,0.43542284765508044,-0.029835766626188587,-0.014453288118185748,4.594882310486206,-4.606050311624411,1.6518434141204779,0.0008976422421863636,0.0008990227005710314,1.3804583846679157e-06,full,complete,generated_current,generated_current,/home/runner/work/money-making/money-making/projects/harv-extension/outputs/cp_repo_ops_hg_math_audited_actions/29058736547/GOOGL/predictions/full/GOOGL.csv,42,all,True,True,True,36739,36739
RIDGE_AR22,CP_REPO_FRESH,GOOGL,all_observations,not_conditioned,36739,93.52144298569648,93.00918531947762,-0.5122576662188525,0.0,0.42995182231416207,-0.6024767085878402,-0.521148295528352,11.984358879498803,-12.339900821758421,6.566458834349589,0.000909795378057852,0.0008990227005710314,-1.0772677486820409e-05,full,complete,generated_current,generated_current,/home/runner/work/money-making/money-making/projects/harv-extension/outputs/cp_repo_ops_hg_math_audited_actions/29058736547/GOOGL/predictions/full/GOOGL.csv,42,all,True,True,True,36739,36739
CP_REPO_OPS_K,CP_REPO_FRESH,GOOGL,all_observations,not_conditioned,36739,93.0309532888832,93.00918531947762,-0.021767969405562276,0.0,0.45447616973788074,0.030472629846771314,0.04766760888827158,2.6304506995900985,-2.8239687268910605,1.1923793919025911,0.0008983136543730763,0.0008990227005710314,7.090461979550775e-07,full,complete,generated_current,generated_current,/home/runner/work/money-making/money-making/projects/harv-extension/outputs/cp_repo_ops_hg_math_audited_actions/29058736547/GOOGL/predictions/full/GOOGL.csv,42,all,True,True,True,36739,36739
CP_REPO_FRESH,CP_REPO_FRESH,HYG,all_observations,not_conditioned,36739,154.36005524950562,154.36005524950562,0.0,0.0,0.0,0.0,0.0,,,0.0,0.00018938326298237774,0.00018938326298237774,0.0,full,complete,generated_current,generated_current,/home/runner/work/money-making/money-making/projects/harv-extension/outputs/cp_repo_ops_hg_math_audited_actions/29058736547/HYG/predictions/full/HYG.csv,42,all,True,True,True,36739,36739
HAR_RV,CP_REPO_FRESH,HYG,all_observations,not_conditioned,36739,154.39510041128028,154.36005524950562,-0.035045161774682504,0.0,0.25087781376738616,-0.05523687857447362,0.00617175695521294,12.427212104274917,-12.900004250310941,0.0,0.00020293976861563752,0.00018938326298237774,-1.3556505633259767e-05,full,complete,generated_current,generated_current,/home/runner/work/money-making/money-making/projects/harv-extension/outputs/cp_repo_ops_hg_math_audited_actions/29058736547/HYG/predictions/full/HYG.csv,42,all,True,True,True,36739,36739
RAW_PM,CP_REPO_FRESH,HYG,all_observations,not_conditioned,36739,154.68972842607823,154.36005524950562,-0.32967317657259776,0.0,0.2516127276191513,-0.33815489724070025,-0.06868002930337107,10.249842770748575,-11.488003591367502,2.842170943040401e-14,0.00019471109796727337,0.00018938326298237774,-5.3278349848956585e-06,full,complete,generated_current,generated_current,/home/runner/work/money-making/money-making/projects/harv-extension/outputs/cp_repo_ops_hg_math_audited_actions/29058736547/HYG/predictions/full/HYG.csv,42,all,True,True,True,36739,36739
RAW_CP_REPO_PLUS_PM,CP_REPO_FRESH,HYG,all_observations,not_conditioned,36739,154.31462637003628,154.36005524950562,0.04542887946933331,0.0,0.2541168785214622,0.026970791313800355,0.03077122245380881,4.8074386918600345,-4.968751986245998,0.0,0.00019012138565289776,0.00018938326298237774,-7.381226705200324e-07,full,complete,generated_current,generated_current,/home/runner/work/money-making/money-making/projects/harv-extension/outputs/cp_repo_ops_hg_math_audited_actions/29058736547/HYG/predictions/full/HYG.csv,42,all,True,True,True,36739,36739
CP_REPO_OPS_R,CP_REPO_FRESH,HYG,all_observations,not_conditioned,36739,154.31700217090082,154.36005524950562,0.04305307860481708,0.0,0.2527559269441193,0.029033039979175338,0.020076247040498443,3.4594818600509325,-3.5301689202000213,0.0,0.00018942444242926176,0.00018938326298237774,-4.117944688397429e-08,full,complete,generated_current,generated_current,/home/runner/work/money-making/money-making/projects/harv-extension/outputs/cp_repo_ops_hg_math_audited_actions/29058736547/HYG/predictions/full/HYG.csv,42,all,True,True,True,36739,36739
CP_REPO_RIDGE_OPS_R,CP_REPO_FRESH,HYG,all_observations,not_conditioned,36739,154.3170039949719,154.36005524950562,0.043051254533723694,0.0,0.25261983178638503,0.029021143116984338,0.02007844778873625,3.461255751773267,-3.512622724772078,0.0,0.0001894244601850558,0.00018938326298237774,-4.119720267806052e-08,full,complete,generated_current,generated_current,/home/runner/work/money-making/money-making/projects/harv-extension/outputs/cp_repo_ops_hg_math_audited_actions/29058736547/HYG/predictions/full/HYG.csv,42,all,True,True,True,36739,36739
CP_REPO_LRPM,CP_REPO_FRESH,HYG,all_observations,not_conditioned,36739,154.35942232242164,154.36005524950562,0.000632927083992592,0.0,0.25188491793461987,-0.00021810774478409875,0.014292970400560961,5.130559104952249,-5.417230690535311,0.0,0.00018965365840500507,0.00018938326298237774,-2.7039542262734013e-07,full,complete,generated_current,generated_current,/home/runner/work/money-making/money-making/projects/harv-extension/outputs/cp_repo_ops_hg_math_audited_actions/29058736547/HYG/predictions/full/HYG.csv,42,all,False,True,True,36739,36739
CP_REPO_RECENT_SLOPE,CP_REPO_FRESH,HYG,all_observations,not_conditioned,36739,154.1745224050812,154.36005524950562,0.18553284442440146,0.0,0.25196657502926045,0.1678901305236768,0.10655656260823686,9.419753922444539,-9.115714548509981,0.0,0.00018838522140561013,0.00018938326298237774,9.980415767676076e-07,full,complete,generated_current,generated_current,/home/runner/work/money-making/money-making/projects/harv-extension/outputs/cp_repo_ops_hg_math_audited_actions/29058736547/HYG/predictions/full/HYG.csv,42,all,True,True,True,36739,36739
CP_REPO_HAAR_SHAPE,CP_REPO_FRESH,HYG,all_observations,not_conditioned,36739,154.3610277660626,154.36005524950562,-0.0009725165569756741,0.0,0.25256539372329134,-0.005863640516024287,0.007445143920063381,5.078222307129901,-5.32782217530732,0.0,0.00018956264058872868,0.00018938326298237774,-1.793776063509348e-07,full,complete,generated_current,generated_current,/home/runner/work/money-making/money-making/projects/harv-extension/outputs/cp_repo_ops_hg_math_audited_actions/29058736547/HYG/predictions/full/HYG.csv,42,all,True,True,True,36739,36739
CP_REPO_OPS_C,CP_REPO_FRESH,HYG,all_observations,not_conditioned,36739,154.34452012619442,154.36005524950562,0.015535123311209846,0.0,0.24859141511745012,0.010241250013508483,0.0012211922758377273,4.845738193625151,-4.911229008099828,0.0,0.00018956704703209726,0.00018938326298237774,-1.8378404971952714e-07,full,complete,generated_current,generated_current,/home/runner/work/money-making/money-making/projects/harv-extension/outputs/cp_repo_ops_hg_math_audited_actions/29058736547/HYG/predictions/full/HYG.csv,42,all,True,True,True,36739,36739
CP_REPO_RIDGE_OPS_C,CP_REPO_FRESH,HYG,all_observations,not_conditioned,36739,154.34430177211917,154.36005524950562,0.01575347738645633,0.0,0.248618634148997,0.010999364788524833,0.001237243984974563,4.84472488374045,-4.918125009277506,0.0,0.00018956680767151567,0.00018938326298237774,-1.835446891379158e-07,full,complete,generated_current,generated_current,/home/runner/work/money-making/money-making/projects/harv-extension/outputs/cp_repo_ops_hg_math_audited_actions/29058736547/HYG/predictions/full/HYG.csv,42,all,True,True,True,36739,36739
CP_REPO_GATED_RIDGE_OPS_C,CP_REPO_FRESH,HYG,all_observations,not_conditioned,36739,154.49121534989368,154.36005524950562,-0.13116010038805978,0.0,0.24486240779553065,-0.08731345953796155,-0.022098817159585976,4.529697831331832,-5.128050035878695,0.0,0.00018973566503092035,0.00018938326298237774,-3.524020485426194e-07,full,complete,generated_current,generated_current,/home/runner/work/money-making/money-making/projects/harv-extension/outputs/cp_repo_ops_hg_math_audited_actions/29058736547/HYG/predictions/full/HYG.csv,42,all,True,True,True,36739,36739
CP_REPO_OPS_HG,CP_REPO_FRESH,HYG,all_observations,not_conditioned,36739,154.40800695081478,154.36005524950562,-0.04795170130913371,0.0,0.24439968425923406,-0.016917335070564622,-0.007420301016227826,6.089121852025485,-6.153737069428971,0.0,0.0001889689742528817,0.00018938326298237774,4.1428872949601353e-07,full,complete,generated_current,generated_current,/home/runner/work/money-making/money-making/projects/harv-extension/outputs/cp_repo_ops_hg_math_audited_actions/29058736547/HYG/predictions/full/HYG.csv,42,all,True,True,True,36739,36739
RANDOM_RESIDUES_PLACEBO_REPO,CP_REPO_FRESH,HYG,all_observations,not_conditioned,36739,154.194501543781,154.36005524950562,0.1655537057246185,0.0,0.2537085930482593,0.17360801952454935,0.06846000777677423,5.299812009988036,-4.960750131754665,0.0,0.00018797412486514132,0.00018938326298237774,1.4091381172364203e-06,full,complete,generated_current,generated_current,/home/runner/work/money-making/money-making/projects/harv-extension/outputs/cp_repo_ops_hg_math_audited_actions/29058736547/HYG/predictions/full/HYG.csv,42,all,True,True,True,36739,36739
SHUFFLED_LAG_PM_PLACEBO_REPO,CP_REPO_FRESH,HYG,all_observations,not_conditioned,36739,154.3140197943339,154.36005524950562,0.04603545517173403,0.0,0.25384468820599365,0.045108804453524005,0.030575508981311214,4.045689707329896,-4.139536598093761,0.0,0.0001891055671738666,0.00018938326298237774,2.776958085111404e-07,full,complete,generated_current,generated_current,/home/runner/work/money-making/money-making/projects/harv-extension/outputs/cp_repo_ops_hg_math_audited_actions/29058736547/HYG/predictions/full/HYG.csv,42,all,True,True,True,36739,36739
RANDOM_GATE_PLACEBO_REPO,CP_REPO_FRESH,HYG,all_observations,not_conditioned,36739,154.4361116186439,154.36005524950562,-0.07605636913829338,0.0,0.2421949427039386,-0.060765432952223634,-0.010476828589635992,3.6880755501414226,-3.9314121429598297,0.0,0.00018938162661400772,0.00018938326298237774,1.6363683699994716e-09,full,complete,generated_current,generated_current,/home/runner/work/money-making/money-making/projects/harv-extension/outputs/cp_repo_ops_hg_math_audited_actions/29058736547/HYG/predictions/full/HYG.csv,42,all,True,True,True,36739,36739
RIDGE_AR22,CP_REPO_FRESH,HYG,all_observations,not_conditioned,36739,154.40401461677536,154.36005524950562,-0.0439593672697052,0.0,0.2585263616320531,-0.025283506699684315,0.06559898759609935,11.28436934916203,-11.95669450186423,2.842170943040401e-14,0.00019110130426976436,0.00018938326298237774,-1.718041287386613e-06,full,complete,generated_current,generated_current,/home/runner/work/money-making/money-making/projects/harv-extension/outputs/cp_repo_ops_hg_math_audited_actions/29058736547/HYG/predictions/full/HYG.csv,42,all,True,True,True,36739,36739
CP_REPO_OPS_K,CP_REPO_FRESH,HYG,all_observations,not_conditioned,36739,154.42265423455981,154.36005524950562,-0.06259898505419795,0.0,0.24826478673888783,-0.043901993435308734,-0.005383213266914332,3.0339781652962476,-3.4102558832146155,0.0,0.00018967654656170484,0.00018938326298237774,-2.9328357932711396e-07,full,complete,generated_current,generated_current,/home/runner/work/money-making/money-making/projects/harv-extension/outputs/cp_repo_ops_hg_math_audited_actions/29058736547/HYG/predictions/full/HYG.csv,42,all,True,True,True,36739,36739
CP_REPO_FRESH,CP_REPO_FRESH,QQQ,all_observations,not_conditioned,36739,81.50011291502278,81.50011291502278,0.0,0.0,0.0,0.0,0.0,,,0.0,0.000532414719058809,0.000532414719058809,0.0,full,complete,generated_current,generated_current,/home/runner/work/money-making/money-making/projects/harv-extension/outputs/cp_repo_ops_hg_math_audited_actions/29058736547/QQQ/predictions/full/QQQ.csv,42,all,True,True,True,36739,36739
HAR_RV,CP_REPO_FRESH,QQQ,all_observations,not_conditioned,36739,84.41986009801998,81.50011291502278,-2.9197471829972184,-2.70247204539384,0.40319551430360107,-2.9614865598031317,-3.050070649251988,14.156363129598969,-14.959731866853142,10.883549288223676,0.0005542425314486979,0.000532414719058809,-2.1827812389888917e-05,full,complete,generated_current,generated_current,/home/runner/work/money-making/money-making/projects/harv-extension/outputs/cp_repo_ops_hg_math_audited_actions/29058736547/QQQ/predictions/full/QQQ.csv,42,all,True,True,True,36739,36739
RAW_PM,CP_REPO_FRESH,QQQ,all_observations,not_conditioned,36739,83.54377796898842,81.50011291502278,-2.043665053965634,-0.5688418889663751,0.45632706388306704,-2.103670188481024,-1.4362000931332608,11.861095992958353,-14.236967139940242,8.121708014236555,0.0005456090091919129,0.000532414719058809,-1.3194290133103826e-05,full,complete,generated_current,generated_current,/home/runner/work/money-making/money-making/projects/harv-extension/outputs/cp_repo_ops_hg_math_audited_actions/29058736547/QQQ/predictions/full/QQQ.csv,42,all,True,True,True,36739,36739
RAW_CP_REPO_PLUS_PM,CP_REPO_FRESH,QQQ,all_observations,not_conditioned,36739,81.8315193378183,81.50011291502278,-0.3314064227955469,0.0,0.4879283595089687,-0.07940707912810362,-0.023402896379783048,6.277503655049945,-6.898986008381884,3.8521330008506425,0.0005315356575698651,0.000532414719058809,8.790614889439611e-07,full,complete,generated_current,generated_current,/home/runner/work/money-making/money-making/projects/harv-extension/outputs/cp_repo_ops_hg_math_audited_actions/29058736547/QQQ/predictions/full/QQQ.csv,42,all,True,True,True,36739,36739
CP_REPO_OPS_R,CP_REPO_FRESH,QQQ,all_observations,not_conditioned,36739,81.74609285849178,81.50011291502278,-0.24597994346901303,0.0,0.4886088352976401,-0.131977676856548,-0.03481098256386904,2.651726450619058,-3.139067708151127,1.2409135403036622,0.0005334002367883312,0.000532414719058809,-9.855177295221045e-07,full,complete,generated_current,generated_current,/home/runner/work/money-making/money-making/projects/harv-extension/outputs/cp_repo_ops_hg_math_audited_actions/29058736547/QQQ/predictions/full/QQQ.csv,42,all,True,True,True,36739,36739
CP_REPO_RIDGE_OPS_R,CP_REPO_FRESH,QQQ,all_observations,not_conditioned,36739,81.74606558278711,81.50011291502278,-0.24595266776435673,0.0,0.4881733307928904,-0.13203066001678848,-0.03479781010327308,2.654020402131256,-3.138245191622917,1.2409543852119356,0.0005333997283795595,0.000532414719058809,-9.85009320750564e-07,full,complete,generated_current,generated_current,/home/runner/work/money-making/money-making/projects/harv-extension/outputs/cp_repo_ops_hg_math_audited_actions/29058736547/QQQ/predictions/full/QQQ.csv,42,all,True,True,True,36739,36739
CP_REPO_LRPM,CP_REPO_FRESH,QQQ,all_observations,not_conditioned,36739,81.71078836697765,81.50011291502278,-0.21067545195488482,2.842170943040401e-14,0.5017828465663192,0.057758863279418496,0.21876264785274976,7.5731451341165545,-8.388894732525431,4.0787436503013055,0.0005304715773618671,0.000532414719058809,1.9431416969417763e-06,full,complete,generated_current,generated_current,/home/runner/work/money-making/money-making/projects/harv-extension/outputs/cp_repo_ops_hg_math_audited_actions/29058736547/QQQ/predictions/full/QQQ.csv,42,all,False,True,True,36739,36739
CP_REPO_RECENT_SLOPE,CP_REPO_FRESH,QQQ,all_observations,not_conditioned,36739,82.00756240183172,81.50011291502278,-0.5074494868089641,0.0,0.48485260894417376,-0.2789225150380214,-0.009745276289100355,5.32474854980152,-6.246858906510843,3.1603933754310045,0.0005329150851251489,0.000532414719058809,-5.003660663399253e-07,full,complete,generated_current,generated_current,/home/runner/work/money-making/money-making/projects/harv-extension/outputs/cp_repo_ops_hg_math_audited_actions/29058736547/QQQ/predictions/full/QQQ.csv,42,all,True,True,True,36739,36739
CP_REPO_HAAR_SHAPE,CP_REPO_FRESH,QQQ,all_observations,not_conditioned,36739,81.67690988006395,81.50011291502278,-0.17679696504116985,0.011950399139891488,0.5034159884591306,0.08309041746456045,0.23380668243840283,7.666969432314855,-8.468730703518405,4.124523603276799,0.0005303283009737162,0.000532414719058809,2.0864180850929423e-06,full,complete,generated_current,generated_current,/home/runner/work/money-making/money-making/projects/harv-extension/outputs/cp_repo_ops_hg_math_audited_actions/29058736547/QQQ/predictions/full/QQQ.csv,42,all,True,True,True,36739,36739
CP_REPO_OPS_C,CP_REPO_FRESH,QQQ,all_observations,not_conditioned,36739,81.65887887985805,81.50011291502278,-0.15876596483528382,0.03568475827457007,0.5052124445412233,0.0988662470591016,0.27124331745655916,7.7139854058779065,-8.550650479175035,4.206110796641376,0.0005302729752869422,0.000532414719058809,2.1417437718667775e-06,full,complete,generated_current,generated_current,/home/runner/work/money-making/money-making/projects/harv-extension/outputs/cp_repo_ops_hg_math_audited_actions/29058736547/QQQ/predictions/full/QQQ.csv,42,all,True,True,True,36739,36739
CP_REPO_RIDGE_OPS_C,CP_REPO_FRESH,QQQ,all_observations,not_conditioned,36739,81.65877839589689,81.50011291502278,-0.15866548087412463,0.03572671451713916,0.5051307874465827,0.09883594431844654,0.2712312459038385,7.7150377305186275,-8.548759684727433,4.206624549330892,0.0005302724204297495,0.000532414719058809,2.142298629059512e-06,full,complete,generated_current,generated_current,/home/runner/work/money-making/money-making/projects/harv-extension/outputs/cp_repo_ops_hg_math_audited_actions/29058736547/QQQ/predictions/full/QQQ.csv,42,all,True,True,True,36739,36739
CP_REPO_GATED_RIDGE_OPS_C,CP_REPO_FRESH,QQQ,all_observations,not_conditioned,36739,81.45695306210628,81.50011291502278,0.04315985291650032,0.09369620135893797,0.5164811236016222,0.18097977533947948,0.1912819659876359,5.458870382775613,-5.986056439748104,2.6668011428951104,0.0005311650729458959,0.000532414719058809,1.2496461129131026e-06,full,complete,generated_current,generated_current,/home/runner/work/money-making/money-making/projects/harv-extension/outputs/cp_repo_ops_hg_math_audited_actions/29058736547/QQQ/predictions/full/QQQ.csv,42,all,True,True,True,36739,36739
CP_REPO_OPS_HG,CP_REPO_FRESH,QQQ,all_observations,not_conditioned,36739,81.4412275298673,81.50011291502278,0.05888538515547136,0.0,0.49459702223794877,0.2500593073314548,0.2971427061760483,8.600839164547038,-8.64108871348718,4.652361594458554,0.000527754375106458,0.000532414719058809,4.660343952351027e-06,full,complete,generated_current,generated_current,/home/runner/work/money-making/money-making/projects/harv-extension/outputs/cp_repo_ops_hg_math_audited_actions/29058736547/QQQ/predictions/full/QQQ.csv,42,all,True,True,True,36739,36739
RANDOM_RESIDUES_PLACEBO_REPO,CP_REPO_FRESH,QQQ,all_observations,not_conditioned,36739,81.75848379498201,81.50011291502278,-0.25837087995922464,5.684341886080802e-14,0.5025449794496312,-0.005930997273117146,0.1550591542906157,5.415971255974893,-6.245357655460978,2.7825740737403066,0.0005315359028490522,0.000532414719058809,8.788162097567966e-07,full,complete,generated_current,generated_current,/home/runner/work/money-making/money-making/projects/harv-extension/outputs/cp_repo_ops_hg_math_audited_actions/29058736547/QQQ/predictions/full/QQQ.csv,42,all,True,True,True,36739,36739
SHUFFLED_LAG_PM_PLACEBO_REPO,CP_REPO_FRESH,QQQ,all_observations,not_conditioned,36739,81.96925216994107,81.50011291502278,-0.4691392549183011,0.0,0.4961757260676665,-0.2081397245848626,0.1272302812062722,5.516451617845316,-6.631113692194648,2.757388822485609,0.0005324506319212204,0.000532414719058809,-3.5912862411324375e-08,full,complete,generated_current,generated_current,/home/runner/work/money-making/money-making/projects/harv-extension/outputs/cp_repo_ops_hg_math_audited_actions/29058736547/QQQ/predictions/full/QQQ.csv,42,all,True,True,True,36739,36739
RANDOM_GATE_PLACEBO_REPO,CP_REPO_FRESH,QQQ,all_observations,not_conditioned,36739,81.62316386335314,81.50011291502278,-0.12305094833035829,2.842170943040401e-14,0.5014834372193038,0.07502533179246124,0.12128976818589653,5.170275242819312,-5.678556705048776,2.3396828453863776,0.0005316797140237267,0.000532414719058809,7.350050350823033e-07,full,complete,generated_current,generated_current,/home/runner/work/money-making/money-making/projects/harv-extension/outputs/cp_repo_ops_hg_math_audited_actions/29058736547/QQQ/predictions/full/QQQ.csv,42,all,True,True,True,36739,36739
RIDGE_AR22,CP_REPO_FRESH,QQQ,all_observations,not_conditioned,36739,82.41770175591004,81.50011291502278,-0.9175888408872858,-0.09947998866616103,0.4736655869784153,-0.9448332671124554,-0.6156718064158382,12.929484609012151,-13.903170012434838,8.253018387980122,0.0005377088340470864,0.000532414719058809,-5.2941149882774105e-06,full,complete,generated_current,generated_current,/home/runner/work/money-making/money-making/projects/harv-extension/outputs/cp_repo_ops_hg_math_audited_actions/29058736547/QQQ/predictions/full/QQQ.csv,42,all,True,True,True,36739,36739
CP_REPO_OPS_K,CP_REPO_FRESH,QQQ,all_observations,not_conditioned,36739,81.56690911331187,81.50011291502278,-0.06679619828909517,0.01961953200265043,0.5101663082827513,0.021961349366420312,0.07604661533111437,2.427529278099729,-2.7805408087884893,1.125425900511246,0.0005326221324671941,0.000532414719058809,-2.0741340838510425e-07,full,complete,generated_current,generated_current,/home/runner/work/money-making/money-making/projects/harv-extension/outputs/cp_repo_ops_hg_math_audited_actions/29058736547/QQQ/predictions/full/QQQ.csv,42,all,True,True,True,36739,36739
CP_REPO_FRESH,CP_REPO_FRESH,SPY,all_observations,not_conditioned,36739,82.59213164464732,82.59213164464732,0.0,0.0,0.0,0.0,0.0,,,0.0,0.0003933619697453532,0.0003933619697453532,0.0,full,complete,generated_current,generated_current,/home/runner/work/money-making/money-making/projects/harv-extension/outputs/cp_repo_ops_hg_math_audited_actions/29058736547/SPY/predictions/full/SPY.csv,42,all,True,True,True,36739,36739
HAR_RV,CP_REPO_FRESH,SPY,all_observations,not_conditioned,36739,85.66141080120094,82.59213164464732,-3.0692791565536246,-2.31596044481336,0.3988949073191976,-3.104085265098408,-3.156722413448514,13.915892880645647,-15.166155401708913,10.4980215272342,0.0004111023023544003,0.0003933619697453532,-1.7740332609047122e-05,full,complete,generated_current,generated_current,/home/runner/work/money-making/money-making/projects/harv-extension/outputs/cp_repo_ops_hg_math_audited_actions/29058736547/SPY/predictions/full/SPY.csv,42,all,True,True,True,36739,36739
RAW_PM,CP_REPO_FRESH,SPY,all_observations,not_conditioned,36739,84.35214711811308,82.59213164464732,-1.7600154734657596,-0.08816326228489402,0.45733416805030075,-1.7959342712928787,-1.1874956103370244,11.70396404234384,-13.97834665235475,7.781528212190224,0.0004020679083539689,0.0003933619697453532,-8.705938608615654e-06,full,complete,generated_current,generated_current,/home/runner/work/money-making/money-making/projects/harv-extension/outputs/cp_repo_ops_hg_math_audited_actions/29058736547/SPY/predictions/full/SPY.csv,42,all,True,True,True,36739,36739
RAW_CP_REPO_PLUS_PM,CP_REPO_FRESH,SPY,all_observations,not_conditioned,36739,82.70341318411069,82.59213164464732,-0.11128153946337434,0.0,0.483464438335284,0.1450902826061046,0.14341405422055087,7.9256772525029895,-8.186271012505824,4.79316543630145,0.00039127140865356135,0.0003933619697453532,2.0905610917919122e-06,full,complete,generated_current,generated_current,/home/runner/work/money-making/money-making/projects/harv-extension/outputs/cp_repo_ops_hg_math_audited_actions/29058736547/SPY/predictions/full/SPY.csv,42,all,True,True,True,36739,36739
CP_REPO_OPS_R,CP_REPO_FRESH,SPY,all_observations,not_conditioned,36739,82.7991568017565,82.59213164464732,-0.20702515710916747,0.0,0.49089523394757617,-0.09427080428914428,0.019633885132976207,2.508743528097059,-3.0388159369977092,1.16604210371937,0.00039385902518308493,0.0003933619697453532,-4.970554377316679e-07,full,complete,generated_current,generated_current,/home/runner/work/money-making/money-making/projects/harv-extension/outputs/cp_repo_ops_hg_math_audited_actions/29058736547/SPY/predictions/full/SPY.csv,42,all,True,True,True,36739,36739
CP_REPO_RIDGE_OPS_R,CP_REPO_FRESH,SPY,all_observations,not_conditioned,36739,82.79915647820702,82.59213164464732,-0.20702483355970322,0.0,0.49127630038923215,-0.09427453415074065,0.01963295620166129,2.50679697289815,-3.040038189473031,1.1659234248539327,0.00039385902097814976,0.0003933619697453532,-4.970512327965112e-07,full,complete,generated_current,generated_current,/home/runner/work/money-making/money-making/projects/harv-extension/outputs/cp_repo_ops_hg_math_audited_actions/29058736547/SPY/predictions/full/SPY.csv,42,all,True,True,True,36739,36739
CP_REPO_LRPM,CP_REPO_FRESH,SPY,all_observations,not_conditioned,36739,82.68287752073503,82.59213164464732,-0.09074587608770228,0.0,0.49320885162905903,0.13364762962645654,0.18357559831392997,6.2981486026041305,-6.788600475134259,3.2884615545719598,0.0003916574291669043,0.0003933619697453532,1.704540578449027e-06,full,complete,generated_current,generated_current,/home/runner/work/money-making/money-making/projects/harv-extension/outputs/cp_repo_ops_hg_math_audited_actions/29058736547/SPY/predictions/full/SPY.csv,42,all,False,True,True,36739,36739
CP_REPO_RECENT_SLOPE,CP_REPO_FRESH,SPY,all_observations,not_conditioned,36739,83.14580073821759,82.59213164464732,-0.5536690935702752,0.0,0.46985492256185524,-0.31685259525910403,-0.06169636897217553,5.424252044898817,-6.281673700822405,3.019433009171186,0.00039373478315533905,0.0003933619697453532,-3.728134099858224e-07,full,complete,generated_current,generated_current,/home/runner/work/money-making/money-making/projects/harv-extension/outputs/cp_repo_ops_hg_math_audited_actions/29058736547/SPY/predictions/full/SPY.csv,42,all,True,True,True,36739,36739
CP_REPO_HAAR_SHAPE,CP_REPO_FRESH,SPY,all_observations,not_conditioned,36739,82.70779195717493,82.59213164464732,-0.11566031252760388,0.0,0.4910585481368573,0.09957946077558699,0.17484053819708661,6.84128090206657,-7.341314069123952,3.5480814806414003,0.00039175583973058566,0.0003933619697453532,1.6061300147675188e-06,full,complete,generated_current,generated_current,/home/runner/work/money-making/money-making/projects/harv-extension/outputs/cp_repo_ops_hg_math_audited_actions/29058736547/SPY/predictions/full/SPY.csv,42,all,True,True,True,36739,36739
CP_REPO_OPS_C,CP_REPO_FRESH,SPY,all_observations,not_conditioned,36739,82.71497063281285,82.59213164464732,-0.1228389881655159,0.0,0.48950706333868643,0.1134689203231221,0.1749065263660607,6.806673534445332,-7.286537598580731,3.498732782589146,0.0003916904731910516,0.0003933619697453532,1.671496554301597e-06,full,complete,generated_current,generated_current,/home/runner/work/money-making/money-making/projects/harv-extension/outputs/cp_repo_ops_hg_math_audited_actions/29058736547/SPY/predictions/full/SPY.csv,42,all,True,True,True,36739,36739
CP_REPO_RIDGE_OPS_C,CP_REPO_FRESH,SPY,all_observations,not_conditioned,36739,82.71488976503312,82.59213164464732,-0.1227581203858217,0.0,0.489779253654155,0.11355572957099898,0.17492899756813285,6.802747632154635,-7.2853826690686665,3.498155796453081,0.0003916899695351077,0.0003933619697453532,1.6720002102455857e-06,full,complete,generated_current,generated_current,/home/runner/work/money-making/money-making/projects/harv-extension/outputs/cp_repo_ops_hg_math_audited_actions/29058736547/SPY/predictions/full/SPY.csv,42,all,True,True,True,36739,36739
CP_REPO_GATED_RIDGE_OPS_C,CP_REPO_FRESH,SPY,all_observations,not_conditioned,36739,82.8023941754632,82.59213164464732,-0.2102625308159002,0.0,0.4882822069190778,-0.06388374440821526,0.029347073997601742,5.900451672166919,-6.494712510244622,2.988113606787749,0.00039356612074512324,0.0003933619697453532,-2.0415099977003083e-07,full,complete,generated_current,generated_current,/home/runner/work/money-making/money-making/projects/harv-extension/outputs/cp_repo_ops_hg_math_audited_actions/29058736547/SPY/predictions/full/SPY.csv,42,all,True,True,True,36739,36739
CP_REPO_OPS_HG,CP_REPO_FRESH,SPY,all_observations,not_conditioned,36739,82.8980014847555,82.59213164464732,-0.3058698401081834,0.0,0.47682299463785077,-0.04123783121814825,0.09968752723710848,9.000934794961896,-9.441907646387762,4.841948764098646,0.0003912308091289289,0.0003933619697453532,2.1311606164243253e-06,full,complete,generated_current,generated_current,/home/runner/work/money-making/money-making/projects/harv-extension/outputs/cp_repo_ops_hg_math_audited_actions/29058736547/SPY/predictions/full/SPY.csv,42,all,True,True,True,36739,36739
RANDOM_RESIDUES_PLACEBO_REPO,CP_REPO_FRESH,SPY,all_observations,not_conditioned,36739,82.797160697174,82.59213164464732,-0.20502905252667936,0.0,0.490541386537467,0.010143409794102866,0.0906867450749024,4.744564265327696,-5.340935680282056,2.3052144977411686,0.0003926609391153359,0.0003933619697453532,7.010306300172822e-07,full,complete,generated_current,generated_current,/home/runner/work/money-making/money-making/projects/harv-extension/outputs/cp_repo_ops_hg_math_audited_actions/29058736547/SPY/predictions/full/SPY.csv,42,all,True,True,True,36739,36739
SHUFFLED_LAG_PM_PLACEBO_REPO,CP_REPO_FRESH,SPY,all_observations,not_conditioned,36739,82.91458000782258,82.59213164464732,-0.32244836317526504,0.0,0.4819946106317537,-0.10019971316794093,0.04912000179606267,4.813700312642641,-5.4777384084276655,2.240025229407806,0.00039304955542424747,0.0003933619697453532,3.1241432110575977e-07,full,complete,generated_current,generated_current,/home/runner/work/money-making/money-making/projects/harv-extension/outputs/cp_repo_ops_hg_math_audited_actions/29058736547/SPY/predictions/full/SPY.csv,42,all,True,True,True,36739,36739
RANDOM_GATE_PLACEBO_REPO,CP_REPO_FRESH,SPY,all_observations,not_conditioned,36739,82.78162406292668,82.59213164464732,-0.18949241827936933,0.0,0.48645853180543835,-0.01128631016033685,0.05252543092197955,4.480556751335608,-4.961424626063715,1.9534561552151075,0.00039285938439880387,0.0003933619697453532,5.02585346549366e-07,full,complete,generated_current,generated_current,/home/runner/work/money-making/money-making/projects/harv-extension/outputs/cp_repo_ops_hg_math_audited_actions/29058736547/SPY/predictions/full/SPY.csv,42,all,True,True,True,36739,36739
RIDGE_AR22,CP_REPO_FRESH,SPY,all_observations,not_conditioned,36739,83.87289303880735,82.59213164464732,-1.2807613941600278,-0.12733012335911553,0.45531995971583333,-1.2944692260774657,-0.9774098687263792,12.55767656885148,-13.696926619635244,8.145192336660223,0.0003991786808902721,0.0003933619697453532,-5.816711144918825e-06,full,complete,generated_current,generated_current,/home/runner/work/money-making/money-making/projects/harv-extension/outputs/cp_repo_ops_hg_math_audited_actions/29058736547/SPY/predictions/full/SPY.csv,42,all,True,True,True,36739,36739
CP_REPO_OPS_K,CP_REPO_FRESH,SPY,all_observations,not_conditioned,36739,82.7190660899756,82.59213164464732,-0.1269344453282751,0.0,0.4901331010642641,-0.04656961166096862,0.019846713011966395,2.5015988352087817,-2.855076377722131,1.228915421461366,0.00039398749836795286,0.0003933619697453532,-6.255286225996556e-07,full,complete,generated_current,generated_current,/home/runner/work/money-making/money-making/projects/harv-extension/outputs/cp_repo_ops_hg_math_audited_actions/29058736547/SPY/predictions/full/SPY.csv,42,all,True,True,True,36739,36739
CP_REPO_FRESH,CP_REPO_FRESH,TLT,all_observations,not_conditioned,36739,84.27828521057418,84.27828521057418,0.0,0.0,0.0,0.0,0.0,,,0.0,0.00045287116068708786,0.00045287116068708786,0.0,full,complete,generated_current,generated_current,/home/runner/work/money-making/money-making/projects/harv-extension/outputs/cp_repo_ops_hg_math_audited_actions/29058736547/TLT/predictions/full/TLT.csv,42,all,True,True,True,36739,36739
HAR_RV,CP_REPO_FRESH,TLT,all_observations,not_conditioned,36739,85.42820813187836,84.27828521057418,-1.1499229213041657,0.0,0.4209967609352459,-1.1739919939901937,-0.9213532943808099,9.929308848974784,-11.248413933763384,6.385452065150075,0.00046318411117347245,0.00045287116068708786,-1.0312950486384576e-05,full,complete,generated_current,generated_current,/home/runner/work/money-making/money-making/projects/harv-extension/outputs/cp_repo_ops_hg_math_audited_actions/29058736547/TLT/predictions/full/TLT.csv,42,all,True,True,True,36739,36739
RAW_PM,CP_REPO_FRESH,TLT,all_observations,not_conditioned,36739,85.61051493473481,84.27828521057418,-1.3322297241606094,0.0,0.42290209314352595,-1.3612216036911093,-0.9159891856069046,10.34517748141857,-12.077519173131556,6.140679210946203,0.0004653447550879643,0.00045287116068708786,-1.2473594400876412e-05,full,complete,generated_current,generated_current,/home/runner/work/money-making/money-making/projects/harv-extension/outputs/cp_repo_ops_hg_math_audited_actions/29058736547/TLT/predictions/full/TLT.csv,42,all,True,True,True,36739,36739
RAW_CP_REPO_PLUS_PM,CP_REPO_FRESH,TLT,all_observations,not_conditioned,36739,84.34469777669345,84.27828521057418,-0.06641256611927,0.0,0.44138381556384226,0.025516728368604916,0.008289816624049361,5.806627205664493,-5.766487466195755,3.1045752071540704,0.0004513518145729942,0.00045287116068708786,1.5193461140936156e-06,full,complete,generated_current,generated_current,/home/runner/work/money-making/money-making/projects/harv-extension/outputs/cp_repo_ops_hg_math_audited_actions/29058736547/TLT/predictions/full/TLT.csv,42,all,True,True,True,36739,36739
CP_REPO_OPS_R,CP_REPO_FRESH,TLT,all_observations,not_conditioned,36739,84.42459699100021,84.27828521057418,-0.14631178042600682,0.0,0.43604888538065817,-0.07845545713532509,-0.04503087191684523,2.157834492072306,-2.356430715832069,0.9913449706022845,0.0004534428106874212,0.00045287116068708786,-5.716500003333408e-07,full,complete,generated_current,generated_current,/home/runner/work/money-making/money-making/projects/harv-extension/outputs/cp_repo_ops_hg_math_audited_actions/29058736547/TLT/predictions/full/TLT.csv,42,all,True,True,True,36739,36739
CP_REPO_RIDGE_OPS_R,CP_REPO_FRESH,TLT,all_observations,not_conditioned,36739,84.42460683571306,84.27828521057418,-0.14632162513886052,0.0,0.436076104412205,-0.07849207418804532,-0.045031690086860275,2.157855173521609,-2.3571551260380184,0.9914274130655691,0.00045344280071934676,0.00045287116068708786,-5.716400322589545e-07,full,complete,generated_current,generated_current,/home/runner/work/money-making/money-making/projects/harv-extension/outputs/cp_repo_ops_hg_math_audited_actions/29058736547/TLT/predictions/full/TLT.csv,42,all,True,True,True,36739,36739
CP_REPO_LRPM,CP_REPO_FRESH,TLT,all_observations,not_conditioned,36739,84.38075768929701,84.27828521057418,-0.10247247872282202,0.0,0.4358311331282833,-0.04902729368997217,-0.06085911365365331,4.578240593756093,-4.545651712357437,2.3164030935873674,0.000452835357529618,0.00045287116068708786,3.5803157469831924e-08,full,complete,generated_current,generated_current,/home/runner/work/money-making/money-making/projects/harv-extension/outputs/cp_repo_ops_hg_math_audited_actions/29058736547/TLT/predictions/full/TLT.csv,42,all,False,True,True,36739,36739
CP_REPO_RECENT_SLOPE,CP_REPO_FRESH,TLT,all_observations,not_conditioned,36739,84.40179093451167,84.27828521057418,-0.12350572393745837,0.0,0.4519720188355698,-0.04068039097043949,0.04071087983862269,4.395616942130911,-4.745176650497126,2.5920697772466212,0.00045269147569747714,0.00045287116068708786,1.7968498961068576e-07,full,complete,generated_current,generated_current,/home/runner/work/money-making/money-making/projects/harv-extension/outputs/cp_repo_ops_hg_math_audited_actions/29058736547/TLT/predictions/full/TLT.csv,42,all,True,True,True,36739,36739
CP_REPO_HAAR_SHAPE,CP_REPO_FRESH,TLT,all_observations,not_conditioned,36739,84.44339452315457,84.27828521057418,-0.16510931258036088,0.0,0.4341163341408313,-0.060152630321225004,-0.08359751776575465,5.095601598203281,-5.127440904399343,2.495664442963758,0.0004528132345097651,0.00045287116068708786,5.79261773227129e-08,full,complete,generated_current,generated_current,/home/runner/work/money-making/money-making/projects/harv-extension/outputs/cp_repo_ops_hg_math_audited_actions/29058736547/TLT/predictions/full/TLT.csv,42,all,True,True,True,36739,36739
CP_REPO_OPS_C,CP_REPO_FRESH,TLT,all_observations,not_conditioned,36739,84.45512910654048,84.27828521057418,-0.17684389596628475,0.0,0.4374370559895479,-0.06557882760648386,-0.07307836404722476,4.83262716875456,-4.974420422185702,2.3829596127281896,0.0004529281037111843,0.00045287116068708786,-5.694302409643103e-08,full,complete,generated_current,generated_current,/home/runner/work/money-making/money-making/projects/harv-extension/outputs/cp_repo_ops_hg_math_audited_actions/29058736547/TLT/predictions/full/TLT.csv,42,all,True,True,True,36739,36739
CP_REPO_RIDGE_OPS_C,CP_REPO_FRESH,TLT,all_observations,not_conditioned,36739,84.4551816820288,84.27828521057418,-0.17689647145458906,0.0,0.4376820272734696,-0.06546412490096078,-0.0730861514982343,4.829718011900552,-4.977871005863313,2.382404390694866,0.00045292780724677257,0.00045287116068708786,-5.6646559684679984e-08,full,complete,generated_current,generated_current,/home/runner/work/money-making/money-making/projects/harv-extension/outputs/cp_repo_ops_hg_math_audited_actions/29058736547/TLT/predictions/full/TLT.csv,42,all,True,True,True,36739,36739
CP_REPO_GATED_RIDGE_OPS_C,CP_REPO_FRESH,TLT,all_observations,not_conditioned,36739,84.33216477922373,84.27828521057418,-0.05387956864953965,0.0,0.45420397942241214,0.00789775459601196,0.017663437171446805,4.282103093079932,-4.506869754930666,1.9137351661003272,0.00045287589892919794,0.00045287116068708786,-4.738242110034508e-09,full,complete,generated_current,generated_current,/home/runner/work/money-making/money-making/projects/harv-extension/outputs/cp_repo_ops_hg_math_audited_actions/29058736547/TLT/predictions/full/TLT.csv,42,all,True,True,True,36739,36739
CP_REPO_OPS_HG,CP_REPO_FRESH,TLT,all_observations,not_conditioned,36739,84.17493371777023,84.27828521057418,0.1033514928039603,0.0,0.4495223059963526,0.18910768209715834,0.1445090450093022,7.139621867345432,-6.923542327695978,3.33417477901725,0.0004497022070610834,0.00045287116068708786,3.168953626004501e-06,full,complete,generated_current,generated_current,/home/runner/work/money-making/money-making/projects/harv-extension/outputs/cp_repo_ops_hg_math_audited_actions/29058736547/TLT/predictions/full/TLT.csv,42,all,True,True,True,36739,36739
RANDOM_RESIDUES_PLACEBO_REPO,CP_REPO_FRESH,TLT,all_observations,not_conditioned,36739,84.36894040731482,84.27828521057418,-0.0906551967406166,0.0,0.45382291298075617,0.0347312979870154,0.09750066171015537,4.30895091526959,-4.61245060027877,2.1228757791578943,0.0004521052671251691,0.00045287116068708786,7.658935619187686e-07,full,complete,generated_current,generated_current,/home/runner/work/money-making/money-making/projects/harv-extension/outputs/cp_repo_ops_hg_math_audited_actions/29058736547/TLT/predictions/full/TLT.csv,42,all,True,True,True,36739,36739
SHUFFLED_LAG_PM_PLACEBO_REPO,CP_REPO_FRESH,TLT,all_observations,not_conditioned,36739,84.40444622696822,84.27828521057418,-0.12616101639404007,0.0,0.45221699011949157,-0.020920694660965734,0.060843717808270234,4.155180972463038,-4.5027324893222636,2.0093553164868903,0.0004524489501762568,0.00045287116068708786,4.222105108311255e-07,full,complete,generated_current,generated_current,/home/runner/work/money-making/money-making/projects/harv-extension/outputs/cp_repo_ops_hg_math_audited_actions/29058736547/TLT/predictions/full/TLT.csv,42,all,True,True,True,36739,36739
RANDOM_GATE_PLACEBO_REPO,CP_REPO_FRESH,TLT,all_observations,not_conditioned,36739,84.38752452856374,84.27828521057418,-0.10923931798954688,0.0,0.4310678026075832,-0.058143855955498314,-0.039609375608506324,3.183017536385762,-3.1824333095935486,1.1430328953472966,0.0004531585795852104,0.00045287116068708786,-2.874188981225192e-07,full,complete,generated_current,generated_current,/home/runner/work/money-making/money-making/projects/harv-extension/outputs/cp_repo_ops_hg_math_audited_actions/29058736547/TLT/predictions/full/TLT.csv,42,all,True,True,True,36739,36739
RIDGE_AR22,CP_REPO_FRESH,TLT,all_observations,not_conditioned,36739,85.40005918969456,84.27828521057418,-1.121773979120372,0.0,0.42034350417812133,-1.168501824398255,-0.8924134126895564,10.787647326353314,-11.93535649186018,6.470222308051689,0.00046389533750556086,0.00045287116068708786,-1.1024176818472929e-05,full,complete,generated_current,generated_current,/home/runner/work/money-making/money-making/projects/harv-extension/outputs/cp_repo_ops_hg_math_audited_actions/29058736547/TLT/predictions/full/TLT.csv,42,all,True,True,True,36739,36739
CP_REPO_OPS_K,CP_REPO_FRESH,TLT,all_observations,not_conditioned,36739,84.3290003740652,84.27828521057418,-0.050715163491006396,0.0,0.4517270475516481,-0.031735917678596896,0.014875596710030256,1.9925627778389796,-2.1337606897875383,0.837353501678038,0.00045304269052200987,0.00045287116068708786,-1.7152983492199114e-07,full,complete,generated_current,generated_current,/home/runner/work/money-making/money-making/projects/harv-extension/outputs/cp_repo_ops_hg_math_audited_actions/29058736547/TLT/predictions/full/TLT.csv,42,all,True,True,True,36739,36739
