asset,model_name,n_compared,max_abs_prediction_diff,mean_abs_prediction_diff,timestamp_alignment_exact,no_duplicate_dates,actual_target_match,selected_lambda_shape,selected_lambda_r_ratio,design_rank,feature_count,rank_deficient,threshold,first_failing_timestamp,passes,message
AAPL,CP_REPO_FRESH,8,1.1071872585421973e-15,5.742883382384156e-16,True,True,True,0.0,0.0,13,13,False,1e-08,,True,
AAPL,RAW_CP_REPO_PLUS_PM,8,7.723856276786734e-15,2.188678925596488e-15,True,True,True,0.0,0.0,23,23,False,1e-08,,True,
AAPL,CP_REPO_RIDGE_OPS_R,8,1.1659510162909117e-15,5.163241795919093e-16,True,True,True,0.001,10.0,22,23,True,1e-06,,True,
AAPL,CP_REPO_LRPM,8,1.480803327180702e-15,8.954967843644024e-16,True,True,True,0.0,0.0,33,38,True,1e-06,,True,
AAPL,CP_REPO_RIDGE_OPS_C,8,2.5656560209696977e-15,1.1770505360317318e-15,True,True,True,0.001,10.0,35,37,True,1e-06,,True,
AAPL,CP_REPO_GATED_RIDGE_OPS_C,8,2.2369259222720927e-15,1.4294799068406694e-15,True,True,True,0.001,10.0,35,37,True,1e-06,,True,
AAPL,CP_REPO_OPS_HG,8,2.6367796834847468e-15,1.3666232858908225e-15,True,True,True,0.001,10.0,44,47,True,1e-06,,True,
AAPL,RANDOM_GATE_PLACEBO_REPO,8,2.456802122852153e-15,1.4008027593784278e-15,True,True,True,0.001,10.0,35,37,True,1e-06,,True,
AAPL,RIDGE_AR22,8,2.3852447794681098e-18,1.1655173354219173e-18,True,True,True,0.001,10.0,22,22,False,1e-08,,True,
AAPL,CP_REPO_OPS_K,8,8.623744079949702e-16,5.260142365084985e-16,True,True,True,0.001,10.0,21,21,False,1e-08,,True,
AAPL,PM_QDK,8,0.0,0.0,True,True,True,0.0,0.0,71,71,False,1e-08,,True,
AAPL,PM_QDK_2,8,0.0,0.0,True,True,True,0.0,0.0,134,134,False,1e-08,,True,
AAPL,PHQO,8,0.0,0.0,True,True,True,0.0,0.0,22,22,False,1e-08,,True,
AMZN,CP_REPO_FRESH,8,3.146354704552934e-15,1.4255225689110973e-15,True,True,True,0.0,0.0,13,13,False,1e-08,,True,
AMZN,RAW_CP_REPO_PLUS_PM,8,8.556523545255601e-15,4.177539390803897e-15,True,True,True,0.0,0.0,23,23,False,1e-08,,True,
AMZN,CP_REPO_RIDGE_OPS_R,8,3.354955202539145e-15,7.039995756491503e-16,True,True,True,0.001,10.0,22,23,True,1e-06,,True,
AMZN,CP_REPO_LRPM,8,5.2022188640199466e-15,2.3970083730395775e-15,True,True,True,0.0,0.0,33,38,True,1e-06,,True,
AMZN,CP_REPO_RIDGE_OPS_C,8,3.3497510321112145e-15,1.477415195391685e-15,True,True,True,0.001,10.0,35,37,True,1e-06,,True,
AMZN,CP_REPO_GATED_RIDGE_OPS_C,8,3.903127820947816e-15,1.2586231969841102e-15,True,True,True,0.001,10.0,35,37,True,1e-06,,True,
AMZN,CP_REPO_OPS_HG,8,3.1866870253693946e-15,9.90174739076699e-16,True,True,True,0.001,10.0,44,47,True,1e-06,,True,
AMZN,RANDOM_GATE_PLACEBO_REPO,8,4.347217030797879e-15,1.5023111877773833e-15,True,True,True,0.001,10.0,35,37,True,1e-06,,True,
AMZN,RIDGE_AR22,8,1.6479873021779667e-17,5.421010862427522e-18,True,True,True,0.001,10.0,22,22,False,1e-08,,True,
AMZN,CP_REPO_OPS_K,8,3.693226280354622e-15,1.235773636198978e-15,True,True,True,0.001,10.0,21,21,False,1e-08,,True,
AMZN,PM_QDK,8,0.0,0.0,True,True,True,0.0,0.0,71,71,False,1e-08,,True,
AMZN,PM_QDK_2,8,0.0,0.0,True,True,True,0.0,0.0,134,134,False,1e-08,,True,
AMZN,PHQO,8,0.0,0.0,True,True,True,0.0,0.0,22,22,False,1e-08,,True,
EEM,CP_REPO_FRESH,8,4.699474316638419e-16,3.6349233085292143e-16,True,True,True,0.0,0.0,13,13,False,1e-08,,True,
EEM,RAW_CP_REPO_PLUS_PM,8,9.107298248878237e-16,4.949111866853206e-16,True,True,True,0.0,0.0,23,23,False,1e-08,,True,
EEM,CP_REPO_RIDGE_OPS_R,8,4.981908982570893e-16,3.7369738380144124e-16,True,True,True,0.001,10.0,22,23,True,1e-06,,True,
EEM,CP_REPO_LRPM,8,5.386316392907986e-16,4.1836651330784397e-16,True,True,True,0.0,0.0,33,38,True,1e-06,,True,
EEM,CP_REPO_RIDGE_OPS_C,8,5.835176092316985e-16,4.584752174262298e-16,True,True,True,0.001,10.0,35,37,True,1e-06,,True,
EEM,CP_REPO_GATED_RIDGE_OPS_C,8,5.447031714567174e-16,4.3157345102143303e-16,True,True,True,0.001,10.0,35,37,True,1e-06,,True,
EEM,CP_REPO_OPS_HG,8,7.368237964211488e-16,4.655293078109636e-16,True,True,True,0.001,10.0,44,47,True,1e-06,,True,
EEM,RANDOM_GATE_PLACEBO_REPO,8,9.802271841441446e-16,4.0166979985156726e-16,True,True,True,0.001,10.0,35,37,True,1e-06,,True,
EEM,RIDGE_AR22,8,3.2526065174565133e-19,1.2197274440461925e-19,True,True,True,0.001,10.0,22,22,False,1e-08,,True,
EEM,CP_REPO_OPS_K,8,4.914688447876793e-16,3.988712029938391e-16,True,True,True,0.001,10.0,21,21,False,1e-08,,True,
EEM,PM_QDK,8,0.0,0.0,True,True,True,0.0,0.0,71,71,False,1e-08,,True,
EEM,PM_QDK_2,8,0.0,0.0,True,True,True,0.0,0.0,134,134,False,1e-08,,True,
EEM,PHQO,8,0.0,0.0,True,True,True,0.0,0.0,22,22,False,1e-08,,True,
FXI,CP_REPO_FRESH,8,6.830473686658678e-16,5.090871300905686e-16,True,True,True,0.0,0.0,13,13,False,1e-08,,True,
FXI,RAW_CP_REPO_PLUS_PM,8,3.882311139236094e-15,1.985472333418392e-15,True,True,True,0.0,0.0,23,23,False,1e-08,,True,
FXI,CP_REPO_RIDGE_OPS_R,8,8.094653419776776e-16,5.382386160032726e-16,True,True,True,0.001,10.0,22,23,True,1e-06,,True,
FXI,CP_REPO_LRPM,8,1.0364972768961422e-15,7.202761607635888e-16,True,True,True,0.0,0.0,33,38,True,1e-06,,True,
FXI,CP_REPO_RIDGE_OPS_C,8,8.027432885082675e-16,4.9247173179722835e-16,True,True,True,0.001,10.0,35,37,True,1e-06,,True,
FXI,CP_REPO_GATED_RIDGE_OPS_C,8,1.0284741808197497e-15,8.001547558214583e-16,True,True,True,0.001,10.0,35,37,True,1e-06,,True,
FXI,CP_REPO_OPS_HG,8,1.2847795743953228e-15,8.75520359336357e-16,True,True,True,0.001,10.0,44,47,True,1e-06,,True,
FXI,RANDOM_GATE_PLACEBO_REPO,8,5.272475164797008e-16,3.642919299551295e-16,True,True,True,0.001,10.0,35,37,True,1e-06,,True,
FXI,RIDGE_AR22,8,4.77048955893622e-18,2.1412992906588716e-18,True,True,True,0.001,10.0,22,22,False,1e-08,,True,
FXI,CP_REPO_OPS_K,8,6.225488874411766e-16,4.3715031594615544e-16,True,True,True,0.001,10.0,21,21,False,1e-08,,True,
FXI,PM_QDK,8,0.0,0.0,True,True,True,0.0,0.0,71,71,False,1e-08,,True,
FXI,PM_QDK_2,8,0.0,0.0,True,True,True,0.0,0.0,134,134,False,1e-08,,True,
FXI,PHQO,8,0.0,0.0,True,True,True,0.0,0.0,22,22,False,1e-08,,True,
GLD,CP_REPO_FRESH,8,4.84746791318269e-16,4.220697413532398e-16,True,True,True,0.0,0.0,13,13,False,1e-08,,True,
GLD,RAW_CP_REPO_PLUS_PM,8,2.571727553135616e-16,1.2216925604838222e-16,True,True,True,0.0,0.0,21,23,True,1e-06,,True,
GLD,CP_REPO_RIDGE_OPS_R,8,9.276433787785976e-16,5.487689296035382e-16,True,True,True,0.001,10.0,22,23,True,1e-06,,True,
GLD,CP_REPO_LRPM,8,1.0924421089963945e-15,9.580010396081917e-16,True,True,True,0.0,0.0,33,38,True,1e-06,,True,
GLD,CP_REPO_RIDGE_OPS_C,8,1.3183898417423734e-15,9.914283478386354e-16,True,True,True,0.001,10.0,35,37,True,1e-06,,True,
GLD,CP_REPO_GATED_RIDGE_OPS_C,8,1.0263057764747785e-15,8.315153036606017e-16,True,True,True,0.001,10.0,35,37,True,1e-06,,True,
GLD,CP_REPO_OPS_HG,8,9.361001557239845e-16,6.967625261478094e-16,True,True,True,0.001,10.0,44,47,True,1e-06,,True,
GLD,RANDOM_GATE_PLACEBO_REPO,8,8.91268395891709e-16,7.291564541826029e-16,True,True,True,0.001,10.0,35,37,True,1e-06,,True,
GLD,RIDGE_AR22,8,2.1684043449710093e-19,9.486769009248164e-20,True,True,True,0.001,10.0,22,22,False,1e-08,,True,
GLD,CP_REPO_OPS_K,8,6.815836957330125e-16,6.15721801886307e-16,True,True,True,0.001,10.0,21,21,False,1e-08,,True,
GLD,PM_QDK,8,0.0,0.0,True,True,True,0.0,0.0,71,71,False,1e-08,,True,
GLD,PM_QDK_2,8,0.0,0.0,True,True,True,0.0,0.0,134,134,False,1e-08,,True,
GLD,PHQO,8,0.0,0.0,True,True,True,0.0,0.0,22,22,False,1e-08,,True,
GOOGL,CP_REPO_FRESH,8,2.7465009433402802e-15,1.906068076810985e-15,True,True,True,0.0,0.0,13,13,False,1e-08,,True,
GOOGL,RAW_CP_REPO_PLUS_PM,8,1.4297590889000844e-14,8.187949016719154e-15,True,True,True,0.0,0.0,23,23,False,1e-08,,True,
GOOGL,CP_REPO_RIDGE_OPS_R,8,4.8355416892853506e-15,2.0441005658955458e-15,True,True,True,0.001,10.0,22,23,True,1e-06,,True,
GOOGL,CP_REPO_LRPM,8,5.136082531498332e-15,3.257295691852513e-15,True,True,True,0.0,0.0,33,38,True,1e-06,,True,
GOOGL,CP_REPO_RIDGE_OPS_C,8,3.931317077432439e-15,1.7315792896765993e-15,True,True,True,0.001,10.0,35,37,True,1e-06,,True,
GOOGL,CP_REPO_GATED_RIDGE_OPS_C,8,3.964710504344993e-15,1.7550387141837542e-15,True,True,True,0.001,10.0,35,37,True,1e-06,,True,
GOOGL,CP_REPO_OPS_HG,8,6.881648029199994e-15,3.938716757259653e-15,True,True,True,0.001,10.0,44,47,True,1e-06,,True,
GOOGL,RANDOM_GATE_PLACEBO_REPO,8,4.6395179364999706e-15,2.34277115936099e-15,True,True,True,0.001,10.0,35,37,True,1e-06,,True,
GOOGL,RIDGE_AR22,8,3.469446951953614e-18,1.81603863891322e-18,True,True,True,0.001,10.0,22,22,False,1e-08,,True,
GOOGL,CP_REPO_OPS_K,8,3.074255260082648e-15,2.0505109112403663e-15,True,True,True,0.001,10.0,21,21,False,1e-08,,True,
GOOGL,PM_QDK,8,0.0,0.0,True,True,True,0.0,0.0,71,71,False,1e-08,,True,
GOOGL,PM_QDK_2,8,0.0,0.0,True,True,True,0.0,0.0,134,134,False,1e-08,,True,
GOOGL,PHQO,8,0.0,0.0,True,True,True,0.0,0.0,22,22,False,1e-08,,True,
HYG,CP_REPO_FRESH,8,3.1929753979698106e-17,2.159934015498466e-17,True,True,True,0.0,0.0,13,13,False,1e-08,,True,
HYG,RAW_CP_REPO_PLUS_PM,8,4.3883082931350786e-17,2.862293735361732e-17,True,True,True,0.0,0.0,21,23,True,1e-06,,True,
HYG,CP_REPO_RIDGE_OPS_R,8,5.175710120902677e-17,3.2853019892205287e-17,True,True,True,0.001,10.0,22,23,True,1e-06,,True,
HYG,CP_REPO_LRPM,8,5.380353280959316e-17,2.204826761702944e-17,True,True,True,0.0,0.0,33,38,True,1e-06,,True,
HYG,CP_REPO_RIDGE_OPS_C,8,8.088148206741863e-17,4.181801660594481e-17,True,True,True,0.001,10.0,35,37,True,1e-06,,True,
HYG,CP_REPO_GATED_RIDGE_OPS_C,8,1.5932350924674488e-16,4.7550735592961906e-17,True,True,True,0.001,10.0,35,37,True,1e-06,,True,
HYG,CP_REPO_OPS_HG,8,1.1838132470826102e-16,7.526395956122811e-17,True,True,True,0.001,10.0,44,47,True,1e-06,,True,
HYG,RANDOM_GATE_PLACEBO_REPO,8,1.9930346435714783e-16,7.515723340987407e-17,True,True,True,0.001,10.0,35,37,True,1e-06,,True,
HYG,RIDGE_AR22,8,5.421010862427522e-20,3.3881317890172014e-20,True,True,True,0.001,10.0,22,22,False,1e-08,,True,
HYG,CP_REPO_OPS_K,8,3.745918505937418e-17,1.842974286635907e-17,True,True,True,0.001,10.0,21,21,False,1e-08,,True,
HYG,PM_QDK,8,0.0,0.0,True,True,True,0.0,0.0,71,71,False,1e-08,,True,
HYG,PM_QDK_2,8,0.0,0.0,True,True,True,0.0,0.0,134,134,False,1e-08,,True,
HYG,PHQO,8,0.0,0.0,True,True,True,0.0,0.0,22,22,False,1e-08,,True,
QQQ,CP_REPO_FRESH,8,1.6195812052588465e-15,5.186958718442214e-16,True,True,True,0.0,0.0,13,13,False,1e-08,,True,
QQQ,RAW_CP_REPO_PLUS_PM,8,1.2994813558542262e-14,5.264072597960245e-15,True,True,True,0.0,0.0,23,23,False,1e-08,,True,
QQQ,CP_REPO_RIDGE_OPS_R,8,1.672056590407145e-15,4.7683211545912485e-16,True,True,True,0.001,10.0,22,23,True,1e-06,,True,
QQQ,CP_REPO_LRPM,8,2.4982186458410997e-15,9.349752959700308e-16,True,True,True,0.0,0.0,33,38,True,1e-06,,True,
QQQ,CP_REPO_RIDGE_OPS_C,8,1.1501216645726233e-15,5.049332805172335e-16,True,True,True,0.001,10.0,35,37,True,1e-06,,True,
QQQ,CP_REPO_GATED_RIDGE_OPS_C,8,2.150406588907749e-15,4.460407737605365e-16,True,True,True,0.001,10.0,35,37,True,1e-06,,True,
QQQ,CP_REPO_OPS_HG,8,2.3238789365054306e-15,5.738275523151093e-16,True,True,True,0.001,10.0,44,47,True,1e-06,,True,
QQQ,RANDOM_GATE_PLACEBO_REPO,8,2.916829104637753e-15,9.37157252842158e-16,True,True,True,0.001,10.0,35,37,True,1e-06,,True,
QQQ,RIDGE_AR22,8,1.734723475976807e-18,5.692061405548898e-19,True,True,True,0.001,10.0,22,22,False,1e-08,,True,
QQQ,CP_REPO_OPS_K,8,1.7871988611251055e-15,4.1726875860820245e-16,True,True,True,0.001,10.0,21,21,False,1e-08,,True,
QQQ,PM_QDK,8,0.0,0.0,True,True,True,0.0,0.0,71,71,False,1e-08,,True,
QQQ,PM_QDK_2,8,0.0,0.0,True,True,True,0.0,0.0,134,134,False,1e-08,,True,
QQQ,PHQO,8,0.0,0.0,True,True,True,0.0,0.0,22,22,False,1e-08,,True,
SPY,CP_REPO_FRESH,8,6.464013352358577e-16,2.2760791732259755e-16,True,True,True,0.0,0.0,13,13,False,1e-08,,True,
SPY,RAW_CP_REPO_PLUS_PM,8,4.725169908126325e-15,1.2732599263126645e-15,True,True,True,0.0,0.0,23,23,False,1e-08,,True,
SPY,CP_REPO_RIDGE_OPS_R,8,3.742665899419961e-16,1.7158854632298715e-16,True,True,True,0.001,10.0,22,23,True,1e-06,,True,
SPY,CP_REPO_LRPM,8,7.294512216482474e-16,2.223427605224648e-16,True,True,True,0.0,0.0,33,38,True,1e-06,,True,
SPY,CP_REPO_RIDGE_OPS_C,8,7.976475382975856e-16,3.399515911828299e-16,True,True,True,0.001,10.0,35,37,True,1e-06,,True,
SPY,CP_REPO_GATED_RIDGE_OPS_C,8,8.880699994828768e-16,3.024110909605193e-16,True,True,True,0.001,10.0,35,37,True,1e-06,,True,
SPY,CP_REPO_OPS_HG,8,4.636048489548017e-16,1.6664187391102203e-16,True,True,True,0.001,10.0,44,47,True,1e-06,,True,
SPY,RANDOM_GATE_PLACEBO_REPO,8,1.0325941490751944e-15,4.2824630560461823e-16,True,True,True,0.001,10.0,35,37,True,1e-06,,True,
SPY,RIDGE_AR22,8,1.843143693225357e-18,5.963111948670274e-19,True,True,True,0.001,10.0,22,22,False,1e-08,,True,
SPY,CP_REPO_OPS_K,8,4.651227319962814e-16,1.452830911130576e-16,True,True,True,0.001,10.0,21,21,False,1e-08,,True,
SPY,PM_QDK,8,0.0,0.0,True,True,True,0.0,0.0,71,71,False,1e-08,,True,
SPY,PM_QDK_2,8,0.0,0.0,True,True,True,0.0,0.0,134,134,False,1e-08,,True,
SPY,PHQO,8,0.0,0.0,True,True,True,0.0,0.0,22,22,False,1e-08,,True,
TLT,CP_REPO_FRESH,8,6.416308456769215e-16,2.5116220951984514e-16,True,True,True,0.0,0.0,13,13,False,1e-08,,True,
TLT,RAW_CP_REPO_PLUS_PM,8,1.1789614423607377e-15,4.852888924045118e-16,True,True,True,0.0,0.0,23,23,False,1e-08,,True,
TLT,CP_REPO_RIDGE_OPS_R,8,7.643625316022806e-16,3.178880769727499e-16,True,True,True,0.001,10.0,22,23,True,1e-06,,True,
TLT,CP_REPO_LRPM,8,1.2195106036116954e-15,4.41988568140872e-16,True,True,True,0.0,0.0,33,38,True,1e-06,,True,
TLT,CP_REPO_RIDGE_OPS_C,8,2.387196343378584e-15,5.574696520377342e-16,True,True,True,0.001,10.0,35,37,True,1e-06,,True,
TLT,CP_REPO_GATED_RIDGE_OPS_C,8,1.0414846068895756e-15,4.532371656804092e-16,True,True,True,0.001,10.0,35,37,True,1e-06,,True,
TLT,CP_REPO_OPS_HG,8,7.37257477290143e-16,3.929758536809491e-16,True,True,True,0.001,10.0,44,47,True,1e-06,,True,
TLT,RANDOM_GATE_PLACEBO_REPO,8,1.1075125191939428e-15,4.389324732671784e-16,True,True,True,0.001,10.0,35,37,True,1e-06,,True,
TLT,RIDGE_AR22,8,2.0599841277224584e-18,1.0299920638612292e-18,True,True,True,0.001,10.0,22,22,False,1e-08,,True,
TLT,CP_REPO_OPS_K,8,9.300286235580657e-16,4.0880520539923753e-16,True,True,True,0.001,10.0,21,21,False,1e-08,,True,
TLT,PM_QDK,8,0.0,0.0,True,True,True,0.0,0.0,71,71,False,1e-08,,True,
TLT,PM_QDK_2,8,0.0,0.0,True,True,True,0.0,0.0,134,134,False,1e-08,,True,
TLT,PHQO,8,0.0,0.0,True,True,True,0.0,0.0,22,22,False,1e-08,,True,
