model_name,benchmark_model,asset,condition,condition_label_type,n_obs,model_mean_SMAPE,CP_mean_SMAPE,mean_advantage_vs_CP,median_advantage_vs_CP,win_rate_vs_CP,winsorized_mean_advantage_1_99,trimmed_mean_advantage_10pct,mean_gain_when_model_wins,mean_loss_when_model_loses,median_abs_advantage_vs_CP,mean_abs_error_model,mean_abs_error_CP,mean_abs_error_advantage_vs_CP,run_type,model_status,source,benchmark_source,source_path,seed,phase,is_paper_eligible,alignment_exact,actual_match,n_rows_overlapping_CP,n_rows_used_in_CP_comparison,number_of_assets
CP_REPO_FRESH,CP_REPO_FRESH,POOLED,all_observations,not_conditioned,367248,100.86366051352243,100.86366051352243,0.0,0.0,0.0,0.0,0.0,,,0.0,0.0005861095985985936,0.0005861095985985936,0.0,full,pooled,pooled,pooled,/home/runner/work/money-making/money-making/projects/harv-extension/outputs/pm_native_geometry_warmup600_actions/28733449635/combined/predictions/full,,,True,True,True,367248,367248,10
CP_REPO_FRESH,CP_REPO_FRESH,POOLED,cluster_entry_loose,ex_post_descriptive,73457,93.56088920634402,93.56088920634402,0.0,0.0,0.0,0.0,0.0,,,0.0,0.0007565085518804874,0.0007565085518804874,0.0,full,pooled,pooled,pooled,/home/runner/work/money-making/money-making/projects/harv-extension/outputs/pm_native_geometry_warmup600_actions/28733449635/combined/predictions/full,,,True,True,True,73457,73457,10
CP_REPO_FRESH,CP_REPO_FRESH,POOLED,cluster_entry_strict,ex_post_descriptive,73266,93.51351872126943,93.51351872126943,0.0,0.0,0.0,0.0,0.0,,,0.0,0.0007574764161019864,0.0007574764161019864,0.0,full,pooled,pooled,pooled,/home/runner/work/money-making/money-making/projects/harv-extension/outputs/pm_native_geometry_warmup600_actions/28733449635/combined/predictions/full,,,True,True,True,73266,73266,10
CP_REPO_FRESH,CP_REPO_FRESH,POOLED,cluster_exit_loose,ex_post_descriptive,73455,97.78270322300327,97.78270322300327,0.0,0.0,0.0,0.0,0.0,,,0.0,0.0006171643472766631,0.0006171643472766631,0.0,full,pooled,pooled,pooled,/home/runner/work/money-making/money-making/projects/harv-extension/outputs/pm_native_geometry_warmup600_actions/28733449635/combined/predictions/full,,,True,True,True,73455,73455,10
CP_REPO_FRESH,CP_REPO_FRESH,POOLED,cluster_exit_strict,ex_post_descriptive,73334,97.71189561215205,97.71189561215205,0.0,0.0,0.0,0.0,0.0,,,0.0,0.000617143413936429,0.000617143413936429,0.0,full,pooled,pooled,pooled,/home/runner/work/money-making/money-making/projects/harv-extension/outputs/pm_native_geometry_warmup600_actions/28733449635/combined/predictions/full,,,True,True,True,73334,73334,10
CP_REPO_FRESH,CP_REPO_FRESH,POOLED,inflection_points,ex_post_descriptive,144886,91.11849776564618,91.11849776564618,0.0,0.0,0.0,0.0,0.0,,,0.0,0.0006529679143698351,0.0006529679143698351,0.0,full,pooled,pooled,pooled,/home/runner/work/money-making/money-making/projects/harv-extension/outputs/pm_native_geometry_warmup600_actions/28733449635/combined/predictions/full,,,True,True,True,144886,144886,10
CP_REPO_FRESH,CP_REPO_FRESH,POOLED,high_within_block_dispersion,ex_post_descriptive,68970,119.6042723375393,119.6042723375393,0.0,0.0,0.0,0.0,0.0,,,0.0,0.0005686239436959389,0.0005686239436959389,0.0,full,pooled,pooled,pooled,/home/runner/work/money-making/money-making/projects/harv-extension/outputs/pm_native_geometry_warmup600_actions/28733449635/combined/predictions/full,,,True,True,True,68970,68970,10
CP_REPO_FRESH,CP_REPO_FRESH,POOLED,recent_spike_position,ex_post_descriptive,125358,111.53126330980865,111.53126330980865,0.0,0.0,0.0,0.0,0.0,,,0.0,0.0006091827783180372,0.0006091827783180372,0.0,full,pooled,pooled,pooled,/home/runner/work/money-making/money-making/projects/harv-extension/outputs/pm_native_geometry_warmup600_actions/28733449635/combined/predictions/full,,,True,True,True,125358,125358,10
CP_REPO_FRESH,CP_REPO_FRESH,POOLED,older_spike_position,ex_post_descriptive,108871,97.43444156272848,97.43444156272848,0.0,0.0,0.0,0.0,0.0,,,0.0,0.0005701423444708846,0.0005701423444708846,0.0,full,pooled,pooled,pooled,/home/runner/work/money-making/money-making/projects/harv-extension/outputs/pm_native_geometry_warmup600_actions/28733449635/combined/predictions/full,,,True,True,True,108871,108871,10
CP_REPO_FRESH,CP_REPO_FRESH,POOLED,same_average_different_path,ex_post_descriptive,7396,117.37318180795144,117.37318180795144,0.0,0.0,0.0,0.0,0.0,,,0.0,0.0005431003711606759,0.0005431003711606759,0.0,full,pooled,pooled,pooled,/home/runner/work/money-making/money-making/projects/harv-extension/outputs/pm_native_geometry_warmup600_actions/28733449635/combined/predictions/full,,,True,True,True,7396,7396,10
CP_REPO_FRESH,CP_REPO_FRESH,POOLED,recent_ramp_high_dispersion,ex_post_descriptive,24273,118.42814151699291,118.42814151699291,0.0,0.0,0.0,0.0,0.0,,,0.0,0.0007926212482416148,0.0007926212482416148,0.0,full,pooled,pooled,pooled,/home/runner/work/money-making/money-making/projects/harv-extension/outputs/pm_native_geometry_warmup600_actions/28733449635/combined/predictions/full,,,True,True,True,24273,24273,10
CP_REPO_FRESH,CP_REPO_FRESH,POOLED,entry_with_recent_spike,ex_post_descriptive,43747,94.99398856513221,94.99398856513221,0.0,0.0,0.0,0.0,0.0,,,0.0,0.0008304363649765773,0.0008304363649765773,0.0,full,pooled,pooled,pooled,/home/runner/work/money-making/money-making/projects/harv-extension/outputs/pm_native_geometry_warmup600_actions/28733449635/combined/predictions/full,,,True,True,True,43747,43747,10
CP_REPO_FRESH,CP_REPO_FRESH,POOLED,entry_without_recent_spike,ex_post_descriptive,29710,91.45069743088432,91.45069743088432,0.0,0.0,0.0,0.0,0.0,,,0.0,0.0006476522732027814,0.0006476522732027814,0.0,full,pooled,pooled,pooled,/home/runner/work/money-making/money-making/projects/harv-extension/outputs/pm_native_geometry_warmup600_actions/28733449635/combined/predictions/full,,,True,True,True,29710,29710,10
CP_REPO_FRESH,CP_REPO_FRESH,POOLED,same_average_recent_front_loaded,ex_post_descriptive,14331,93.68336123788053,93.68336123788053,0.0,0.0,0.0,0.0,0.0,,,0.0,0.0006156989960013586,0.0006156989960013586,0.0,full,pooled,pooled,pooled,/home/runner/work/money-making/money-making/projects/harv-extension/outputs/pm_native_geometry_warmup600_actions/28733449635/combined/predictions/full,,,True,True,True,14331,14331,10
CP_REPO_FRESH,CP_REPO_FRESH,POOLED,same_average_back_loaded,ex_post_descriptive,15559,115.58379315439637,115.58379315439637,0.0,0.0,0.0,0.0,0.0,,,0.0,0.0005277712465664336,0.0005277712465664336,0.0,full,pooled,pooled,pooled,/home/runner/work/money-making/money-making/projects/harv-extension/outputs/pm_native_geometry_warmup600_actions/28733449635/combined/predictions/full,,,True,True,True,15559,15559,10
CP_REPO_FRESH,CP_REPO_FRESH,POOLED,stable_low_dispersion,ex_post_descriptive,68968,79.91610745758297,79.91610745758297,0.0,0.0,0.0,0.0,0.0,,,0.0,0.000642345966919649,0.000642345966919649,0.0,full,pooled,pooled,pooled,/home/runner/work/money-making/money-making/projects/harv-extension/outputs/pm_native_geometry_warmup600_actions/28733449635/combined/predictions/full,,,True,True,True,68968,68968,10
PM_QDK,CP_REPO_FRESH,POOLED,all_observations,not_conditioned,367248,102.59815561384242,100.86366051352243,-1.734495100320009,0.0,0.38564947937088834,-1.686540274100973,-1.1582861740659485,15.214340625308186,-17.062385895686983,6.870010395042087,0.0006162591350185498,0.0005861095985985936,-3.014953641995587e-05,full,pooled,pooled,pooled,/home/runner/work/money-making/money-making/projects/harv-extension/outputs/pm_native_geometry_warmup600_actions/28733449635/combined/predictions/full,,,True,True,True,367248,367248,10
PM_QDK,CP_REPO_FRESH,POOLED,cluster_entry_loose,ex_post_descriptive,73457,95.27617273038898,93.56088920634402,-1.7152835240449698,0.0,0.4188981308792899,-1.662033616409174,-1.2286014930000508,19.295737628462756,-21.074863094143794,9.782971019881598,0.0007630824626807122,0.0007565085518804874,-6.573910800224908e-06,full,pooled,pooled,pooled,/home/runner/work/money-making/money-making/projects/harv-extension/outputs/pm_native_geometry_warmup600_actions/28733449635/combined/predictions/full,,,True,True,True,73457,73457,10
PM_QDK,CP_REPO_FRESH,POOLED,cluster_entry_strict,ex_post_descriptive,73266,95.23385773542445,93.51351872126943,-1.7203390141550339,0.0,0.41896650560969617,-1.6669210630349935,-1.2307175574480305,19.309818265781182,-21.090242061485927,9.79148374228533,0.0007639751004963007,0.0007574764161019864,-6.4986843943142815e-06,full,pooled,pooled,pooled,/home/runner/work/money-making/money-making/projects/harv-extension/outputs/pm_native_geometry_warmup600_actions/28733449635/combined/predictions/full,,,True,True,True,73266,73266,10
PM_QDK,CP_REPO_FRESH,POOLED,cluster_exit_loose,ex_post_descriptive,73455,101.38360088644666,97.78270322300327,-3.600897663443411,0.0,0.36301136750391394,-3.549996129318497,-2.4309831285837804,16.917598591224746,-20.461833537392952,8.251429507750686,0.0006886371029262221,0.0006171643472766631,-7.147275564955903e-05,full,pooled,pooled,pooled,/home/runner/work/money-making/money-making/projects/harv-extension/outputs/pm_native_geometry_warmup600_actions/28733449635/combined/predictions/full,,,True,True,True,73455,73455,10
PM_QDK,CP_REPO_FRESH,POOLED,cluster_exit_strict,ex_post_descriptive,73334,101.31693843436292,97.71189561215205,-3.6050428222108715,0.0,0.3631603349060463,-3.5541380038053614,-2.4323288099140155,16.917164269077688,-20.465179891165636,8.268929420782428,0.0006886516544517652,0.000617143413936429,-7.150824051533621e-05,full,pooled,pooled,pooled,/home/runner/work/money-making/money-making/projects/harv-extension/outputs/pm_native_geometry_warmup600_actions/28733449635/combined/predictions/full,,,True,True,True,73334,73334,10
PM_QDK,CP_REPO_FRESH,POOLED,inflection_points,ex_post_descriptive,144886,93.41552881989388,91.11849776564618,-2.2970310542476926,0.0,0.40558093949725993,-2.2580750181194325,-1.602638668095453,16.61688227414414,-18.810475042760558,8.695473463776134,0.0006918550928625481,0.0006529679143698351,-3.8887178492713105e-05,full,pooled,pooled,pooled,/home/runner/work/money-making/money-making/projects/harv-extension/outputs/pm_native_geometry_warmup600_actions/28733449635/combined/predictions/full,,,True,True,True,144886,144886,10
PM_QDK,CP_REPO_FRESH,POOLED,high_within_block_dispersion,ex_post_descriptive,68970,121.90123766933657,119.6042723375393,-2.296965331797259,0.0,0.32799768015079017,-2.2346603083156964,-1.94082832945346,23.060917245486067,-23.803225845633584,7.33638966375517,0.0005919228875945915,0.0005686239436959389,-2.3298943898652594e-05,full,pooled,pooled,pooled,/home/runner/work/money-making/money-making/projects/harv-extension/outputs/pm_native_geometry_warmup600_actions/28733449635/combined/predictions/full,,,True,True,True,68970,68970,10
PM_QDK,CP_REPO_FRESH,POOLED,recent_spike_position,ex_post_descriptive,125358,112.32803908959177,111.53126330980865,-0.7967757797831192,0.0,0.37928173710493146,-0.7394400956208754,-0.5086661545388105,15.542393696135603,-16.767827394229542,5.519966852212839,0.0006124467506197852,0.0006091827783180372,-3.2639723017479684e-06,full,pooled,pooled,pooled,/home/runner/work/money-making/money-making/projects/harv-extension/outputs/pm_native_geometry_warmup600_actions/28733449635/combined/predictions/full,,,True,True,True,125358,125358,10
PM_QDK,CP_REPO_FRESH,POOLED,older_spike_position,ex_post_descriptive,108871,99.65134907082971,97.43444156272848,-2.216907508101241,0.0,0.3820944053053614,-2.163549295589706,-1.4631444276478927,14.765642615142182,-16.99797167898659,7.116744920005701,0.0006132909823785447,0.0005701423444708846,-4.314863790766042e-05,full,pooled,pooled,pooled,/home/runner/work/money-making/money-making/projects/harv-extension/outputs/pm_native_geometry_warmup600_actions/28733449635/combined/predictions/full,,,True,True,True,108871,108871,10
PM_QDK,CP_REPO_FRESH,POOLED,same_average_different_path,ex_post_descriptive,7396,120.06037439415039,117.37318180795144,-2.6871925861989565,0.0,0.30935640886965926,-2.6096243127894327,-2.340164348658566,14.333172240260478,-16.250778911830746,5.120448447180149,0.0005906066180746449,0.0005431003711606759,-4.750624691396905e-05,full,pooled,pooled,pooled,/home/runner/work/money-making/money-making/projects/harv-extension/outputs/pm_native_geometry_warmup600_actions/28733449635/combined/predictions/full,,,True,True,True,7396,7396,10
PM_QDK,CP_REPO_FRESH,POOLED,recent_ramp_high_dispersion,ex_post_descriptive,24273,117.9463561730178,118.42814151699291,0.4817853439751253,0.0,0.3935236682733902,0.5534148298402441,0.4646459670402171,28.336481937825063,-27.326759503618945,10.343461299821548,0.0007221103880498877,0.0007926212482416148,7.05108601917273e-05,full,pooled,pooled,pooled,/home/runner/work/money-making/money-making/projects/harv-extension/outputs/pm_native_geometry_warmup600_actions/28733449635/combined/predictions/full,,,True,True,True,24273,24273,10
PM_QDK,CP_REPO_FRESH,POOLED,entry_with_recent_spike,ex_post_descriptive,43747,95.9864664606815,94.99398856513221,-0.9924778955492928,0.0,0.42994948225021146,-0.9182161951715049,-0.7965500798089318,20.4095213767759,-21.471313907460566,10.297708032260035,0.0008091173739351396,0.0008304363649765773,2.1318991041437644e-05,full,pooled,pooled,pooled,/home/runner/work/money-making/money-making/projects/harv-extension/outputs/pm_native_geometry_warmup600_actions/28733449635/combined/predictions/full,,,True,True,True,43747,43747,10
PM_QDK,CP_REPO_FRESH,POOLED,entry_without_recent_spike,ex_post_descriptive,29710,94.23028852240826,91.45069743088432,-2.779591091523946,0.0,0.4026253786603837,-2.7424341631629154,-1.8132290887013096,17.54442860639104,-20.521234041037548,9.040264539697585,0.0006952975665969885,0.0006476522732027814,-4.7645293394207125e-05,full,pooled,pooled,pooled,/home/runner/work/money-making/money-making/projects/harv-extension/outputs/pm_native_geometry_warmup600_actions/28733449635/combined/predictions/full,,,True,True,True,29710,29710,10
PM_QDK,CP_REPO_FRESH,POOLED,same_average_recent_front_loaded,ex_post_descriptive,14331,95.55878623942844,93.68336123788053,-1.8754250015479152,0.0,0.40262368292512735,-1.8685883833194916,-1.4602659558526183,13.31655241280129,-15.308224814619424,7.423579033860715,0.0006331584641332062,0.0006156989960013586,-1.7459468131847695e-05,full,pooled,pooled,pooled,/home/runner/work/money-making/money-making/projects/harv-extension/outputs/pm_native_geometry_warmup600_actions/28733449635/combined/predictions/full,,,True,True,True,14331,14331,10
PM_QDK,CP_REPO_FRESH,POOLED,same_average_back_loaded,ex_post_descriptive,15559,117.68812236936819,115.58379315439637,-2.1043292149718074,0.0,0.31428755061379265,-2.055522185681694,-1.730932607923843,12.917048199287699,-14.288680564699522,4.361267739725783,0.0005660726427465379,0.0005277712465664336,-3.8301396180104305e-05,full,pooled,pooled,pooled,/home/runner/work/money-making/money-making/projects/harv-extension/outputs/pm_native_geometry_warmup600_actions/28733449635/combined/predictions/full,,,True,True,True,15559,15559,10
PM_QDK,CP_REPO_FRESH,POOLED,stable_low_dispersion,ex_post_descriptive,68968,81.29713665298604,79.91610745758297,-1.3810291954030633,0.0,0.4500782971813015,-1.319472775265916,-0.7909257616968774,13.46876774664057,-15.11396894276376,8.134352556807501,0.0006737865083288684,0.000642345966919649,-3.144054140921943e-05,full,pooled,pooled,pooled,/home/runner/work/money-making/money-making/projects/harv-extension/outputs/pm_native_geometry_warmup600_actions/28733449635/combined/predictions/full,,,True,True,True,68968,68968,10
PM_QDK_2,CP_REPO_FRESH,POOLED,all_observations,not_conditioned,367248,99.38290345299605,100.86366051352243,1.480757060526379,0.0,0.4569555177972378,1.462658148794311,1.6248744005784916,21.71633214917714,-22.819419067674374,14.019874023671214,0.0006010511191744903,0.0005861095985985936,-1.494152057589643e-05,full,pooled,pooled,pooled,/home/runner/work/money-making/money-making/projects/harv-extension/outputs/pm_native_geometry_warmup600_actions/28733449635/combined/predictions/full,,,True,True,True,367248,367248,10
PM_QDK_2,CP_REPO_FRESH,POOLED,cluster_entry_loose,ex_post_descriptive,73457,93.66110478747058,93.56088920634402,-0.1002155811265648,0.0,0.4518834147868821,-0.0706849104585362,-0.2642182678615035,26.970301516784595,-28.66987658390121,20.067638122638556,0.0007562742784159652,0.0007565085518804874,2.342734645222307e-07,full,pooled,pooled,pooled,/home/runner/work/money-making/money-making/projects/harv-extension/outputs/pm_native_geometry_warmup600_actions/28733449635/combined/predictions/full,,,True,True,True,73457,73457,10
PM_QDK_2,CP_REPO_FRESH,POOLED,cluster_entry_strict,ex_post_descriptive,73266,93.62877495275971,93.51351872126943,-0.11525623149028108,0.0,0.45184669560232577,-0.0856497337437455,-0.2803119190700319,26.980706410444235,-28.69091353573867,20.114489977438197,0.0007573349321038458,0.0007574764161019864,1.4148399814058978e-07,full,pooled,pooled,pooled,/home/runner/work/money-making/money-making/projects/harv-extension/outputs/pm_native_geometry_warmup600_actions/28733449635/combined/predictions/full,,,True,True,True,73266,73266,10
PM_QDK_2,CP_REPO_FRESH,POOLED,cluster_exit_loose,ex_post_descriptive,73455,97.77294478625028,97.78270322300327,0.009758436753003901,0.0,0.44190320604451705,0.05109513458725085,0.48360979777324686,19.46802369154008,-21.87390383808778,12.510765815709092,0.0006379003051705702,0.0006171643472766631,-2.0735957893906953e-05,full,pooled,pooled,pooled,/home/runner/work/money-making/money-making/projects/harv-extension/outputs/pm_native_geometry_warmup600_actions/28733449635/combined/predictions/full,,,True,True,True,73455,73455,10
PM_QDK_2,CP_REPO_FRESH,POOLED,cluster_exit_strict,ex_post_descriptive,73334,97.70804190417499,97.71189561215205,0.003853707977086888,0.0,0.4420459814001691,0.0441584777616506,0.47882456098032117,19.469594395029734,-21.882179454834798,12.529842016972879,0.000637928712695178,0.000617143413936429,-2.0785298758749034e-05,full,pooled,pooled,pooled,/home/runner/work/money-making/money-making/projects/harv-extension/outputs/pm_native_geometry_warmup600_actions/28733449635/combined/predictions/full,,,True,True,True,73334,73334,10
PM_QDK_2,CP_REPO_FRESH,POOLED,inflection_points,ex_post_descriptive,144886,90.59875190758932,91.11849776564618,0.5197458580568737,0.0,0.47104620184144774,0.5284037604625412,0.7335467445177385,22.166741487144783,-24.081277738909943,16.305795095418432,0.0006496373764429016,0.0006529679143698351,3.3305379269334878e-06,full,pooled,pooled,pooled,/home/runner/work/money-making/money-making/projects/harv-extension/outputs/pm_native_geometry_warmup600_actions/28733449635/combined/predictions/full,,,True,True,True,144886,144886,10
PM_QDK_2,CP_REPO_FRESH,POOLED,high_within_block_dispersion,ex_post_descriptive,68970,116.89229061085197,119.6042723375393,2.711981726687323,0.0,0.4209656372335798,2.758221110369979,2.4977487229697193,24.716459134074412,-24.527195581041596,9.136691542953047,0.0005585589460421,0.0005686239436959389,1.0064997653838868e-05,full,pooled,pooled,pooled,/home/runner/work/money-making/money-making/projects/harv-extension/outputs/pm_native_geometry_warmup600_actions/28733449635/combined/predictions/full,,,True,True,True,68970,68970,10
PM_QDK_2,CP_REPO_FRESH,POOLED,recent_spike_position,ex_post_descriptive,125358,109.90668110838611,111.53126330980865,1.6245822014225608,0.0,0.4224540914819956,1.5961638121408397,1.4780313929263855,25.14552031198659,-25.612544880367302,14.508019798167378,0.0006611615252548828,0.0006091827783180372,-5.197874693684564e-05,full,pooled,pooled,pooled,/home/runner/work/money-making/money-making/projects/harv-extension/outputs/pm_native_geometry_warmup600_actions/28733449635/combined/predictions/full,,,True,True,True,125358,125358,10
PM_QDK_2,CP_REPO_FRESH,POOLED,older_spike_position,ex_post_descriptive,108871,95.87602751588817,97.43444156272848,1.558414046840299,0.0,0.47034563841610716,1.5695755110334864,1.8662188985605006,19.86359217165178,-21.065044458148307,13.282689881858829,0.000561800789934786,0.0005701423444708846,8.34155453609838e-06,full,pooled,pooled,pooled,/home/runner/work/money-making/money-making/projects/harv-extension/outputs/pm_native_geometry_warmup600_actions/28733449635/combined/predictions/full,,,True,True,True,108871,108871,10
PM_QDK_2,CP_REPO_FRESH,POOLED,same_average_different_path,ex_post_descriptive,7396,116.7381215768096,117.37318180795144,0.6350602311418397,0.0,0.40143320713899405,0.6215780927529844,0.938532815986953,19.089534665226125,-21.155849797123043,8.27866850782073,0.0005616072279521134,0.0005431003711606759,-1.8506856791437645e-05,full,pooled,pooled,pooled,/home/runner/work/money-making/money-making/projects/harv-extension/outputs/pm_native_geometry_warmup600_actions/28733449635/combined/predictions/full,,,True,True,True,7396,7396,10
PM_QDK_2,CP_REPO_FRESH,POOLED,recent_ramp_high_dispersion,ex_post_descriptive,24273,113.8736005505589,118.42814151699291,4.554540966433994,0.0,0.44914102088740576,4.627522292394196,4.075729938314811,33.705670483932124,-32.14952405676081,17.379748239553415,0.0007264300768273622,0.0007926212482416148,6.61911714142526e-05,full,pooled,pooled,pooled,/home/runner/work/money-making/money-making/projects/harv-extension/outputs/pm_native_geometry_warmup600_actions/28733449635/combined/predictions/full,,,True,True,True,24273,24273,10
PM_QDK_2,CP_REPO_FRESH,POOLED,entry_with_recent_spike,ex_post_descriptive,43747,94.84510619540069,94.99398856513221,0.14888236973152058,0.0,0.4500422886140764,0.19208983352247108,-0.29558797689740846,30.16098686562595,-31.070593184943334,23.042251117037523,0.000808971309878107,0.0008304363649765773,2.1465055098470124e-05,full,pooled,pooled,pooled,/home/runner/work/money-making/money-making/projects/harv-extension/outputs/pm_native_geometry_warmup600_actions/28733449635/combined/predictions/full,,,True,True,True,43747,43747,10
PM_QDK_2,CP_REPO_FRESH,POOLED,entry_without_recent_spike,ex_post_descriptive,29710,91.91770156994383,91.45069743088432,-0.4670041390595389,0.0,0.45459441265567146,-0.45692472262627315,-0.1383156556156357,22.319167713438773,-25.062981647656226,16.384430976026174,0.0006786796289587344,0.0006476522732027814,-3.1027355755952976e-05,full,pooled,pooled,pooled,/home/runner/work/money-making/money-making/projects/harv-extension/outputs/pm_native_geometry_warmup600_actions/28733449635/combined/predictions/full,,,True,True,True,29710,29710,10
PM_QDK_2,CP_REPO_FRESH,POOLED,same_average_recent_front_loaded,ex_post_descriptive,14331,94.40761853613249,93.68336123788053,-0.7242572982519657,0.0,0.4433047240248413,-0.73067459879322,-0.6522160045567985,24.974544719663086,-27.553808304037247,20.097556739271326,0.0006259410584418651,0.0006156989960013586,-1.0242062440506629e-05,full,pooled,pooled,pooled,/home/runner/work/money-making/money-making/projects/harv-extension/outputs/pm_native_geometry_warmup600_actions/28733449635/combined/predictions/full,,,True,True,True,14331,14331,10
PM_QDK_2,CP_REPO_FRESH,POOLED,same_average_back_loaded,ex_post_descriptive,15559,113.50588998056581,115.58379315439637,2.077903173830558,0.0,0.4261842020695417,2.0407849354577547,2.0849486769568375,17.461641737711833,-17.200752448709302,7.788967074931691,0.0005187354148383414,0.0005277712465664336,9.03583172809228e-06,full,pooled,pooled,pooled,/home/runner/work/money-making/money-making/projects/harv-extension/outputs/pm_native_geometry_warmup600_actions/28733449635/combined/predictions/full,,,True,True,True,15559,15559,10
PM_QDK_2,CP_REPO_FRESH,POOLED,stable_low_dispersion,ex_post_descriptive,68968,78.58902101428748,79.91610745758297,1.3270864432954879,1.0532042637559016,0.5222566987588447,1.3531970769870445,1.7078229049469933,20.851870057518205,-22.761492607003905,17.778110638186536,0.0006232228521467661,0.000642345966919649,1.912311477288293e-05,full,pooled,pooled,pooled,/home/runner/work/money-making/money-making/projects/harv-extension/outputs/pm_native_geometry_warmup600_actions/28733449635/combined/predictions/full,,,True,True,True,68968,68968,10
PHQO,CP_REPO_FRESH,POOLED,all_observations,not_conditioned,356183,97.93376528127851,97.95232155355781,-0.0006430741581735626,0.0,0.17046012864173754,-0.0005848761968696477,-0.0001540219741237869,0.019968338714180744,-0.02026782178584052,0.0,0.0005956394826706936,0.0005956883414444214,4.885877372790474e-08,full,pooled,pooled,pooled,/home/runner/work/money-making/money-making/projects/harv-extension/outputs/pm_native_geometry_warmup600_actions/28733449635/combined/predictions/full,,,False,False,False,356183,356183,10
PHQO,CP_REPO_FRESH,POOLED,cluster_entry_loose,ex_post_descriptive,71241,91.62539046758158,91.62843957076855,-0.00151467852064305,0.0,0.19463511180359624,-0.0010866346532379223,-0.00011735215552152212,0.020924541080889585,-0.026318589994788717,0.0,0.0007701251665559208,0.000770088629824744,-3.653673117687277e-08,full,pooled,pooled,pooled,/home/runner/work/money-making/money-making/projects/harv-extension/outputs/pm_native_geometry_warmup600_actions/28733449635/combined/predictions/full,,,False,False,False,71241,71241,10
PHQO,CP_REPO_FRESH,POOLED,cluster_entry_strict,ex_post_descriptive,71026,91.5560320379826,91.55909976657614,-0.0015127974431227184,0.0,0.194590713259933,-0.0010837454725500224,-0.00011683467761327512,0.02093396788030676,-0.026319852927139273,0.0,0.0007713153915769693,0.0007712789450832949,-3.644649367450079e-08,full,pooled,pooled,pooled,/home/runner/work/money-making/money-making/projects/harv-extension/outputs/pm_native_geometry_warmup600_actions/28733449635/combined/predictions/full,,,False,False,False,71026,71026,10
PHQO,CP_REPO_FRESH,POOLED,cluster_exit_loose,ex_post_descriptive,71241,96.26267802952285,96.27400805377178,-0.00031918237679594606,0.0,0.1718813604525484,-0.0003928220050545743,-0.00019931755380649712,0.027072394061120237,-0.025144646757859376,0.0,0.0006288084889320122,0.0006288975032136535,8.901428164131361e-08,full,pooled,pooled,pooled,/home/runner/work/money-making/money-making/projects/harv-extension/outputs/pm_native_geometry_warmup600_actions/28733449635/combined/predictions/full,,,False,False,False,71241,71241,10
PHQO,CP_REPO_FRESH,POOLED,cluster_exit_strict,ex_post_descriptive,71101,96.16465024198497,96.17600695199953,-0.00032646476194579004,0.0,0.17179786500893096,-0.00040230409689652404,-0.0002011091921958917,0.027080119172309534,-0.025161206554181036,0.0,0.0006287548006087585,0.0006288440386694141,8.923806065570557e-08,full,pooled,pooled,pooled,/home/runner/work/money-making/money-making/projects/harv-extension/outputs/pm_native_geometry_warmup600_actions/28733449635/combined/predictions/full,,,False,False,False,71101,71101,10
PHQO,CP_REPO_FRESH,POOLED,inflection_points,ex_post_descriptive,142402,90.33089975497263,90.33376942595062,-0.0009810502652155125,0.0,0.1833752334939116,-0.0008483523425625822,-0.00021619188245325868,0.02206910056989182,-0.023588740414373487,0.0,0.0006595552016125674,0.0006595769763975474,2.1774784980031538e-08,full,pooled,pooled,pooled,/home/runner/work/money-making/money-making/projects/harv-extension/outputs/pm_native_geometry_warmup600_actions/28733449635/combined/predictions/full,,,False,False,False,142402,142402,10
PHQO,CP_REPO_FRESH,POOLED,high_within_block_dispersion,ex_post_descriptive,68349,118.36330062180762,118.38410242282767,-0.001892506809126425,0.0,0.1278877525640463,-0.001672757023260381,-0.00012655606244192305,0.042527816651338604,-0.04681841110231353,0.0,0.000570445308998233,0.0005704772597102901,3.195071205710209e-08,full,pooled,pooled,pooled,/home/runner/work/money-making/money-making/projects/harv-extension/outputs/pm_native_geometry_warmup600_actions/28733449635/combined/predictions/full,,,False,False,False,68349,68349,10
PHQO,CP_REPO_FRESH,POOLED,recent_spike_position,ex_post_descriptive,117150,104.62721791100766,104.65436204570663,-0.0005357014502094975,0.0,0.17405036278275715,-0.0004169428383477858,-7.63869187504888e-05,0.01706828189574535,-0.018361337396494717,0.0,0.0006330210480358198,0.0006330075615166553,-1.3486519164369487e-08,full,pooled,pooled,pooled,/home/runner/work/money-making/money-making/projects/harv-extension/outputs/pm_native_geometry_warmup600_actions/28733449635/combined/predictions/full,,,False,False,False,117150,117150,10
PHQO,CP_REPO_FRESH,POOLED,older_spike_position,ex_post_descriptive,107393,96.85140513850577,96.86339130848042,-0.000500102264003108,0.0,0.1669661896026743,-0.00048489063867397897,-0.00018513796497011386,0.01872514322366996,-0.017834937228203503,0.0,0.0005743035516009898,0.0005743948085130822,9.125691209247677e-08,full,pooled,pooled,pooled,/home/runner/work/money-making/money-making/projects/harv-extension/outputs/pm_native_geometry_warmup600_actions/28733449635/combined/predictions/full,,,False,False,False,107393,107393,10
PHQO,CP_REPO_FRESH,POOLED,same_average_different_path,ex_post_descriptive,7659,116.70558830867263,116.70553082712154,-5.7481551086450976e-05,0.0,0.19924272098185142,-0.00021352943469532673,-4.878171035390847e-06,0.01960339297703139,-0.020089363919735957,0.0,0.0005368085680326241,0.0005367763145757506,-3.22534568735756e-08,full,pooled,pooled,pooled,/home/runner/work/money-making/money-making/projects/harv-extension/outputs/pm_native_geometry_warmup600_actions/28733449635/combined/predictions/full,,,False,False,False,7659,7659,10
PHQO,CP_REPO_FRESH,POOLED,recent_ramp_high_dispersion,ex_post_descriptive,23260,114.99524051542257,115.00169748327232,-0.004507253999560346,0.0,0.12867583834909715,-0.0038489198645606467,-0.00022580355085203988,0.03781496248508023,-0.055827244298494255,0.0,0.0008121702309315064,0.0008120440236135077,-1.2620731799865137e-07,full,pooled,pooled,pooled,/home/runner/work/money-making/money-making/projects/harv-extension/outputs/pm_native_geometry_warmup600_actions/28733449635/combined/predictions/full,,,False,False,False,23260,23260,10
PHQO,CP_REPO_FRESH,POOLED,entry_with_recent_spike,ex_post_descriptive,42709,93.0314826980658,93.03515968834853,-0.0013322513081964135,0.0,0.19483012948090567,-0.0008337185748644213,-7.77960912871863e-05,0.017367256964436542,-0.022750412495224297,0.0,0.0008418931894776065,0.000841826124062534,-6.706541507244188e-08,full,pooled,pooled,pooled,/home/runner/work/money-making/money-making/projects/harv-extension/outputs/pm_native_geometry_warmup600_actions/28733449635/combined/predictions/full,,,False,False,False,42709,42709,10
PHQO,CP_REPO_FRESH,POOLED,entry_without_recent_spike,ex_post_descriptive,28532,89.52066294708493,89.52274738298912,-0.0017877470763178773,0.0,0.19434319360717792,-0.00142284923849555,-0.00020067538479003278,0.026262712610737333,-0.03135591664183764,0.0,0.0006626969985003248,0.0006627061595667259,9.161066401140043e-09,full,pooled,pooled,pooled,/home/runner/work/money-making/money-making/projects/harv-extension/outputs/pm_native_geometry_warmup600_actions/28733449635/combined/predictions/full,,,False,False,False,28532,28532,10
PHQO,CP_REPO_FRESH,POOLED,same_average_recent_front_loaded,ex_post_descriptive,14188,90.84393750077287,90.84409388952581,0.0001563887529413661,0.0,0.20179024527769945,9.200516720762922e-05,2.333697141618043e-05,0.01635898459174766,-0.015475868629705672,0.0,0.0006182573540971283,0.000618229198256978,-2.8155840150317292e-08,full,pooled,pooled,pooled,/home/runner/work/money-making/money-making/projects/harv-extension/outputs/pm_native_geometry_warmup600_actions/28733449635/combined/predictions/full,,,False,False,False,14188,14188,10
PHQO,CP_REPO_FRESH,POOLED,same_average_back_loaded,ex_post_descriptive,14548,110.14247834177246,110.15450258426783,-0.0003290501508273515,0.0,0.14957382458069837,-0.000481016855486343,-0.00013484137956654304,0.017117058209248463,-0.01608613936366602,0.0,0.0005531123863763681,0.0005531452500982058,3.286372183766765e-08,full,pooled,pooled,pooled,/home/runner/work/money-making/money-making/projects/harv-extension/outputs/pm_native_geometry_warmup600_actions/28733449635/combined/predictions/full,,,False,False,False,14548,14548,10
PHQO,CP_REPO_FRESH,POOLED,stable_low_dispersion,ex_post_descriptive,68348,79.87953300354097,79.88584694636235,-0.0007160321905642532,0.0,0.19033475741792005,-0.0005328136539287785,-0.00021108999577106895,0.010659700333769123,-0.011469618247473612,0.0,0.0006458820672655821,0.0006459185221686259,3.6454903043709464e-08,full,pooled,pooled,pooled,/home/runner/work/money-making/money-making/projects/harv-extension/outputs/pm_native_geometry_warmup600_actions/28733449635/combined/predictions/full,,,False,False,False,68348,68348,10
