time_utc,ticker,suite,model,family,feature_count,status,n_obs,seconds,error
2026-06-09 01:49:15 UTC,EEM,random,RAND_FC3_S0,RAND,3,complete,36739,373.787119607,
2026-06-09 01:55:23 UTC,EEM,random,CRS_FC3_S0,CRS,3,complete,36739,367.780113273,
2026-06-09 02:01:29 UTC,EEM,random,RAND_FC3_S1,RAND,3,complete,36739,366.4639685069999,
2026-06-09 02:07:36 UTC,EEM,random,CRS_FC3_S1,CRS,3,complete,36739,366.414734059,
2026-06-09 02:13:40 UTC,EEM,random,RAND_FC3_S2,RAND,3,complete,36739,364.81898246499986,
2026-06-09 02:20:18 UTC,EEM,random,CRS_FC3_S2,CRS,3,complete,36739,397.1989049829999,
2026-06-09 02:28:11 UTC,EEM,random,RAND_FC6_S0,RAND,6,complete,36739,473.2518760339999,
2026-06-09 02:36:15 UTC,EEM,random,CRS_FC6_S0,CRS,6,complete,36739,484.2944675509998,
2026-06-09 02:44:07 UTC,EEM,random,RAND_FC6_S1,RAND,6,complete,36739,471.77987247500005,
2026-06-09 02:52:17 UTC,EEM,random,CRS_FC6_S1,CRS,6,complete,36739,489.7461762410003,
2026-06-09 03:01:16 UTC,EEM,random,RAND_FC6_S2,RAND,6,complete,36739,538.6679698629996,
2026-06-09 03:09:48 UTC,EEM,random,CRS_FC6_S2,CRS,6,complete,36739,512.2084936860001,
2026-06-09 03:19:41 UTC,EEM,random,RAND_FC9_S0,RAND,9,complete,36739,592.7799340729998,
2026-06-09 03:29:37 UTC,EEM,random,CRS_FC9_S0,CRS,9,complete,36739,596.5344087800004,
2026-06-09 03:39:15 UTC,EEM,random,RAND_FC9_S1,RAND,9,complete,36739,577.3180520989999,
2026-06-09 03:49:01 UTC,EEM,random,CRS_FC9_S1,CRS,9,complete,36739,585.8006825519997,
2026-06-09 03:58:44 UTC,EEM,random,RAND_FC9_S2,RAND,9,complete,36739,583.5489580529993,
2026-06-09 04:08:21 UTC,EEM,random,CRS_FC9_S2,CRS,9,complete,36739,576.549953837999,
